{
 "task": "seq_mnist",
 "config": {
  "task": "seq_mnist",
  "matrix": "outputs/flywire_mushroom_body/adjacency_unsigned.npz",
  "max_neurons": 14025,
  "models": [
   "hemibrain_seeded",
   "weight_shuffle",
   "random_sparse",
   "degree_preserving_random",
   "no_recurrence"
  ],
  "seeds": [
   0,
   1,
   2
  ],
  "recurrent_runtime": "sparse",
  "epochs": 25,
  "train_batches": 100,
  "val_batches": 20,
  "test_batches": 40,
  "batch_size": 64,
  "lr": 0.001,
  "grad_clip": 1.0,
  "state_clip": 5.0,
  "device": "auto",
  "classes": 10,
  "dim": 32,
  "noise": 1.0,
  "mod": 7,
  "length": 10,
  "items": 5,
  "vocab": 20,
  "out": "outputs/arbitrary_x/seq_mnist/MB"
 },
 "summary": {
  "hemibrain_seeded": {
   "test_acc_mean": 0.960546875,
   "test_acc_std": 0.009315130011729142,
   "wrec_grad_mean": 0.2664138078689575,
   "n_seeds": 3
  },
  "weight_shuffle": {
   "test_acc_mean": 0.9641927083333334,
   "test_acc_std": 0.004162595667485883,
   "wrec_grad_mean": 0.09246160338322322,
   "n_seeds": 3
  },
  "random_sparse": {
   "test_acc_mean": 0.9471354166666667,
   "test_acc_std": 0.0025779934730759462,
   "wrec_grad_mean": 0.07236009215315183,
   "n_seeds": 3
  },
  "degree_preserving_random": {
   "test_acc_mean": 0.9559895833333334,
   "test_acc_std": 0.006029081720203242,
   "wrec_grad_mean": 0.09386242429415385,
   "n_seeds": 3
  },
  "no_recurrence": {
   "test_acc_mean": 0.12200520833333332,
   "test_acc_std": 0.003682847818679935,
   "wrec_grad_mean": 0.0,
   "n_seeds": 3
  }
 },
 "connectome_minus_control_gap": {
  "weight_shuffle": -0.003645833333333348,
  "random_sparse": 0.013411458333333348,
  "degree_preserving_random": 0.00455729166666663,
  "no_recurrence": 0.8385416666666667
 }
}