model,seed,runtime,N,recurrent_params,trainable_params,timesteps,best_val_loss,test_loss,test_query_accuracy,test_initial_probe_accuracy,test_reversal_probe_accuracy
hemibrain_seeded,0,sparse,11690,1277773,2084384,21,0.009960072173271328,0.009814687373000197,0.9965657552083333,0.9985026041666667,0.99462890625
random_sparse,0,sparse,11690,1277773,2084384,21,0.039302827417850496,0.038688573590479794,0.9857096354166667,0.9927408854166667,0.9786783854166666
weight_shuffle,0,sparse,11690,1277773,2084384,21,0.008488796578603797,0.0105173207615735,0.9962890625,0.9986002604166667,0.9939778645833334
