model,best_val_loss_mean,best_val_loss_std,test_query_accuracy_mean,test_query_accuracy_std,test_initial_probe_accuracy_mean,test_reversal_probe_accuracy_mean,test_loss_mean,trainable_params,recurrent_params,N
hemibrain_seeded,0.009960072173271328,,0.9965657552083333,,0.9985026041666667,0.99462890625,0.009814687373000197,2084384,1277773,11690
random_sparse,0.039302827417850496,,0.9857096354166667,,0.9927408854166667,0.9786783854166666,0.038688573590479794,2084384,1277773,11690
weight_shuffle,0.008488796578603797,,0.9962890625,,0.9986002604166667,0.9939778645833334,0.0105173207615735,2084384,1277773,11690
