condition,model,best_val_loss_mean,best_val_loss_std,test_query_accuracy_mean,test_query_accuracy_std,test_initial_probe_accuracy_mean,test_reversal_probe_accuracy_mean,test_loss_mean,runtime,init_nonzero_edges,trainable_params,recurrent_params,N
unpruned,degree_preserving_random,0.0719639634403089,0.0016894152854789,0.9727091471354168,0.0002244235389508,0.9830078125,0.9624104817708332,0.0720080418046563,sparse,1277773,2084384,1277773,11690
unpruned,hemibrain_seeded,0.0130067006025152,0.0006948284499843,0.9957194010416668,0.0001150889943338,0.9983805338541668,0.9930582682291668,0.0122956267237896,sparse,1277773,2084384,1277773,11690
unpruned,random_sparse,0.0515163232727597,0.0036071577202856,0.98095703125,0.0005984627705354,0.9886555989583334,0.9732584635416668,0.0513539172010496,sparse,1277773,2084384,1277773,11690
unpruned,weight_shuffle,0.0151941799325868,0.0006018030509646,0.9950032552083332,6.905339660018598e-05,0.9981526692708332,0.9918538411458332,0.0138017550998483,sparse,1277773,2084384,1277773,11690
pruned,degree_preserving_random,0.2191663614163796,0.0231308263533555,0.9045572916666668,0.0128324228682128,0.9215413411458332,0.8875732421875,0.2145000357180833,sparse,283914,413290,283914,1875
pruned,hemibrain_seeded,0.0636795338553687,0.0061292058398234,0.9758829752604168,0.0021924453420578,0.9847412109375,0.9670247395833332,0.0624372469494119,sparse,283914,413290,283914,1875
pruned,random_sparse,0.2128230726967255,0.0028940830709124,0.9053792317708332,0.0001150889943338,0.920458984375,0.8902994791666667,0.2117677500005811,sparse,283914,413290,283914,1875
pruned,weight_shuffle,0.0630047870799899,0.0016280012246861,0.97669677734375,0.0021579186437577,0.9841064453125,0.969287109375,0.0614322821260429,sparse,283914,413290,283914,1875
