model,baseline_model,comparison_type,metric,paired_seed_count,mean_delta,std_delta,se_delta,ci95_low,ci95_high
hemibrain_conv_fast_memory,random_sparse_conv_fast_memory,matched_topology_control,test_query_accuracy,5,-0.00022473958333339982,0.0022801032541552124,0.0010196931744019069,-0.0022233382051611373,0.0017738590384943377
hemibrain_conv_fast_memory,weight_shuffle_conv_fast_memory,matched_topology_control,test_query_accuracy,5,0.00301510416666666,0.0029567671520843376,0.0013223064691398076,0.00042338348715263707,0.005606824846180683
hemibrain_conv_fast_memory,random_sparse_conv_fast_memory,matched_topology_control,test_initial_query_accuracy,5,-0.00022473958333339982,0.0022801032541552124,0.0010196931744019069,-0.0022233382051611373,0.0017738590384943377
hemibrain_conv_fast_memory,weight_shuffle_conv_fast_memory,matched_topology_control,test_initial_query_accuracy,5,0.00301510416666666,0.0029567671520843376,0.0013223064691398076,0.00042338348715263707,0.005606824846180683
hemibrain_conv_fast_memory,random_sparse_conv_fast_memory,matched_topology_control,test_loss,5,-0.007733776234090326,0.004261773808255821,0.0019059231879976339,-0.011469385682565688,-0.003998166785614963
hemibrain_conv_fast_memory,weight_shuffle_conv_fast_memory,matched_topology_control,test_loss,5,0.0019029899081215412,0.005541263226785046,0.002478128251262239,-0.0029541414643524467,0.0067601212805955295
