io,arm,variant,seed,fraction,epoch,train_loss,val_auprc,val_loss
bio,connectome,standard,0,5,1,0.7910034358501434,0.8497,2.1497
bio,connectome,standard,0,5,2,0.7294499278068542,0.8448,0.593
bio,connectome,standard,0,5,3,0.4464822262525558,0.8564,1.7788
bio,connectome,standard,0,5,4,0.4685219526290893,0.9282,0.5283
bio,connectome,standard,0,5,5,0.3180852979421615,0.9647,0.513
bio,connectome,standard,0,5,6,0.2512077912688255,0.9167,0.8677
bio,connectome,standard,0,5,7,0.2724582999944687,0.9589,0.4909
bio,connectome,standard,0,5,8,0.208402544260025,0.9629,0.4525
bio,connectome,standard,0,5,9,0.1999963670969009,0.962,0.4779
bio,connectome,standard,0,5,10,0.1864814311265945,0.9575,0.3928
bio,connectome,standard,0,5,11,0.1752913296222686,0.9693,0.419
bio,connectome,standard,0,5,12,0.1676453277468681,0.9624,0.3426
bio,connectome,standard,0,5,13,0.1807637736201286,0.9695,0.4739
bio,connectome,standard,0,5,14,0.1667318567633628,0.9583,0.3314
bio,connectome,standard,0,5,15,0.2126223146915435,0.9696,0.2762
bio,connectome,standard,0,5,16,0.1574336737394333,0.9755,0.3982
bio,connectome,standard,0,5,17,0.1523099318146705,0.9651,0.3016
bio,connectome,standard,0,5,18,0.1865852773189544,0.9646,0.3085
bio,connectome,standard,0,5,19,0.153646532446146,0.979,0.4031
bio,connectome,standard,0,5,20,0.1599793061614036,0.974,0.3006
bio,connectome,standard,0,5,21,0.1378554105758667,0.9759,0.2648
bio,connectome,standard,0,5,22,0.1240006163716316,0.9795,0.3248
bio,connectome,standard,0,5,23,0.1403369605541229,0.9788,0.266
bio,connectome,standard,0,5,24,0.1261308006942272,0.9784,0.2708
bio,connectome,standard,0,5,25,0.1223745234310627,0.9767,0.2647
bio,connectome,standard,0,5,26,0.1312051974236965,0.9783,0.2566
bio,connectome,standard,0,5,27,0.1111034825444221,0.9748,0.2653
bio,connectome,standard,0,5,28,0.1143593303859233,0.9821,0.258
bio,connectome,standard,0,5,29,0.1095954105257988,0.9668,0.4029
bio,connectome,standard,0,5,30,0.1302801594138145,0.9746,0.3581
bio,connectome,standard,4,5,1,0.6271469295024872,0.8555,0.7964
bio,connectome,standard,4,5,2,0.9632515907287598,0.7775,1.2752
bio,connectome,standard,4,5,3,0.6334155201911926,0.9182,0.7377
bio,connectome,standard,4,5,4,0.2648171335458755,0.9539,0.4947
bio,connectome,standard,4,5,5,0.2666277587413788,0.9214,0.8697
bio,connectome,standard,4,5,6,0.248952142894268,0.9096,0.4781
bio,connectome,standard,4,5,7,0.3175486773252487,0.9497,0.4206
bio,connectome,standard,4,5,8,0.2264298051595688,0.9328,0.7767
bio,connectome,standard,4,5,9,0.2404013127088546,0.9585,0.4321
bio,connectome,standard,4,5,10,0.2026618421077728,0.9602,0.4218
bio,connectome,standard,4,5,11,0.189841978251934,0.9477,0.5567
bio,connectome,standard,4,5,12,0.1906650736927986,0.9512,0.415
bio,connectome,standard,4,5,13,0.188909076154232,0.9595,0.5584
bio,connectome,standard,4,5,14,0.1878298595547676,0.9546,0.4247
bio,connectome,standard,4,5,15,0.1792418509721756,0.9667,0.4799
bio,connectome,standard,4,5,16,0.1753192618489265,0.9616,0.4196
bio,connectome,standard,4,5,17,0.2090459764003753,0.9503,0.4092
bio,connectome,standard,4,5,18,0.1840278208255767,0.9679,0.5502
bio,connectome,standard,4,5,19,0.1880257502198219,0.9686,0.3729
bio,connectome,standard,4,5,20,0.1660487204790115,0.9698,0.3577
bio,connectome,standard,4,5,21,0.1571938097476959,0.9753,0.4438
bio,connectome,standard,4,5,22,0.1637270376086235,0.9684,0.3463
bio,connectome,standard,4,5,23,0.1589780822396278,0.9766,0.3806
bio,connectome,standard,4,5,24,0.154352493584156,0.9722,0.3299
bio,connectome,standard,4,5,25,0.1493628919124603,0.979,0.3709
bio,connectome,standard,4,5,26,0.1511916071176529,0.9687,0.3328
bio,connectome,standard,4,5,27,0.1682002618908882,0.982,0.4184
bio,connectome,standard,4,5,28,0.159609243273735,0.976,0.2912
bio,connectome,standard,4,5,29,0.1565194725990295,0.9705,0.3099
bio,connectome,standard,4,5,30,0.155081108212471,0.9765,0.4217
bio,connectome,graded_ln,2,5,1,0.931751862168312,0.7191,0.7701
bio,connectome,graded_ln,2,5,2,0.5947127640247345,0.8559,1.2694
bio,connectome,graded_ln,2,5,3,0.6585175096988678,0.7515,0.9623
bio,connectome,graded_ln,2,5,4,0.5324466228485107,0.8664,1.3132
bio,connectome,graded_ln,2,5,5,0.4915490448474884,0.9141,0.695
bio,connectome,graded_ln,2,5,6,0.3937506079673767,0.8247,0.689
bio,connectome,graded_ln,2,5,7,0.419633150100708,0.9421,0.609
bio,connectome,graded_ln,2,5,8,0.2906525284051895,0.9508,0.571
bio,connectome,graded_ln,2,5,9,0.2491818591952324,0.9379,0.4521
bio,connectome,graded_ln,2,5,10,0.2589911222457886,0.9671,0.5319
bio,connectome,graded_ln,2,5,11,0.247699461877346,0.9691,0.4391
bio,connectome,graded_ln,2,5,12,0.2132954597473144,0.9603,0.3881
bio,connectome,graded_ln,2,5,13,0.2021147161722183,0.9763,0.4718
bio,connectome,graded_ln,2,5,14,0.2133306711912155,0.9797,0.3276
bio,connectome,graded_ln,2,5,15,0.1906694024801254,0.9825,0.4504
bio,connectome,graded_ln,2,5,16,0.2160360142588615,0.9747,0.2496
bio,connectome,graded_ln,2,5,17,0.2173891514539718,0.9831,0.2546
bio,connectome,graded_ln,2,5,18,0.2000369280576706,0.982,0.3847
bio,connectome,graded_ln,2,5,19,0.1878622844815254,0.9745,0.2708
bio,connectome,graded_ln,2,5,20,0.2201612293720245,0.9811,0.3144
bio,connectome,graded_ln,2,5,21,0.1838851794600486,0.981,0.2885
bio,connectome,graded_ln,2,5,22,0.1814278364181518,0.9756,0.2539
bio,degree,standard,0,5,1,0.9585488736629486,0.8439,3.0785
bio,degree,standard,0,5,2,1.257461965084076,0.7692,1.4771
bio,degree,standard,0,5,3,0.6934289187192917,0.883,0.8843
bio,degree,standard,0,5,4,0.3500924706459045,0.9401,0.4903
bio,degree,standard,0,5,5,0.2789279073476791,0.916,1.026
bio,degree,standard,0,5,6,0.2792082354426384,0.8406,0.5769
bio,degree,standard,0,5,7,0.3535309284925461,0.9495,0.4491
bio,degree,standard,0,5,8,0.254693754017353,0.9384,0.7642
bio,degree,standard,0,5,9,0.2269645631313324,0.9131,0.5012
bio,degree,standard,0,5,10,0.2829487323760986,0.9554,0.4135
bio,degree,standard,0,5,11,0.2037736624479293,0.9496,0.5833
bio,degree,standard,0,5,12,0.2039615660905838,0.9468,0.4012
bio,degree,standard,0,5,13,0.2111586555838585,0.9687,0.3714
bio,degree,standard,0,5,14,0.1813595220446586,0.9591,0.4658
bio,degree,standard,0,5,15,0.1720640733838081,0.9495,0.3489
bio,degree,standard,0,5,16,0.179158978164196,0.9621,0.4877
bio,degree,standard,0,5,17,0.1918437778949737,0.9725,0.3241
bio,degree,standard,0,5,18,0.1983586326241493,0.9568,0.3296
bio,degree,standard,0,5,19,0.1812121719121933,0.9663,0.4117
bio,degree,standard,0,5,20,0.1815353482961654,0.968,0.3582
bio,degree,standard,0,5,21,0.1584678888320922,0.9681,0.2956
bio,degree,standard,0,5,22,0.1541002914309501,0.9698,0.3933
bio,degree,standard,0,5,23,0.1645120903849601,0.9791,0.2966
bio,degree,standard,0,5,24,0.1364979892969131,0.9716,0.2956
bio,degree,standard,0,5,25,0.1355601176619529,0.977,0.3713
bio,degree,standard,0,5,26,0.1326746791601181,0.9623,0.3437
bio,degree,standard,0,5,27,0.1516583636403083,0.9725,0.3159
bio,degree,standard,4,5,1,0.8311122059822083,0.8459,2.5447
bio,degree,standard,4,5,2,1.4742081761360168,0.7403,2.3915
bio,degree,standard,4,5,3,1.2178965210914612,0.8504,2.0628
bio,degree,standard,4,5,4,0.6722376346588135,0.8506,2.1444
bio,degree,standard,4,5,5,0.5212979316711426,0.9029,0.5686
bio,degree,standard,4,5,6,0.3346799165010452,0.9446,0.5406
bio,degree,standard,4,5,7,0.3065489679574966,0.9064,0.7512
bio,degree,standard,4,5,8,0.2573071271181106,0.913,0.5738
bio,degree,standard,4,5,9,0.2421280816197395,0.9044,0.7164
bio,degree,standard,4,5,10,0.2299812287092209,0.9221,0.5244
bio,degree,standard,4,5,11,0.2191916331648826,0.916,0.7471
bio,degree,standard,4,5,12,0.2209418416023254,0.9389,0.4501
bio,degree,standard,4,5,13,0.2205106019973755,0.943,0.4892
bio,degree,standard,4,5,14,0.197885051369667,0.9506,0.4772
bio,degree,standard,4,5,15,0.1901182979345321,0.9667,0.3912
bio,degree,standard,4,5,16,0.1859141215682029,0.9588,0.4686
bio,degree,standard,4,5,17,0.221091017127037,0.9484,0.4101
bio,degree,standard,4,5,18,0.1944941282272339,0.9529,0.6114
bio,degree,standard,4,5,19,0.1961492076516151,0.9649,0.3924
bio,degree,standard,4,5,20,0.1717282757163047,0.9692,0.4
bio,degree,standard,4,5,21,0.1590351685881614,0.9687,0.4723
bio,degree,graded_ln,2,5,1,1.1132968068122864,0.8444,0.6996
bio,degree,graded_ln,2,5,2,0.664153516292572,0.866,1.5591
bio,degree,graded_ln,2,5,3,1.2598229050636292,0.7297,2.1076
bio,degree,graded_ln,2,5,4,1.029238998889923,0.8486,2.4595
bio,degree,graded_ln,2,5,5,0.8961069583892822,0.8486,2.3125
bio,degree,graded_ln,2,5,6,0.7072130590677261,0.9014,0.6735
bio,degree,graded_ln,2,5,7,0.5274425446987152,0.7412,1.2166
bio,degree,graded_ln,2,5,8,0.7767517268657684,0.9237,0.6333
bio,degree,graded_ln,2,5,9,0.4104329347610473,0.8607,1.3751
bio,degree,graded_ln,2,5,10,0.460524633526802,0.9061,0.704
bio,degree,graded_ln,2,5,11,0.3459401279687881,0.7814,0.6996
bio,degree,graded_ln,2,5,12,0.4673631936311722,0.9623,0.5191
bio,degree,graded_ln,2,5,13,0.2856142967939377,0.92,0.7284
bio,degree,graded_ln,2,5,14,0.2993656098842621,0.9706,0.4553
bio,degree,graded_ln,2,5,15,0.2651617079973221,0.9289,0.4415
bio,degree,graded_ln,2,5,16,0.2429459989070892,0.9634,0.6148
bio,degree,graded_ln,2,5,17,0.288504347205162,0.9662,0.5716
bio,degree,graded_ln,2,5,18,0.2296158969402313,0.9381,0.4112
bio,degree,graded_ln,2,5,19,0.2781195640563965,0.9652,0.3434
bio,degree,graded_ln,2,5,20,0.2128469198942184,0.9719,0.5122
bio,degree,graded_ln,2,5,21,0.2318795025348663,0.9632,0.3321
bio,degree,graded_ln,2,5,22,0.2247430831193924,0.9669,0.3246
bio,degree,graded_ln,2,5,23,0.1943444311618805,0.9776,0.4351
bio,degree,graded_ln,2,5,24,0.2025088295340538,0.9644,0.3178
bio,degree,graded_ln,2,5,25,0.2105343043804168,0.9803,0.3052
bio,degree,graded_ln,2,5,26,0.1877291277050972,0.9818,0.3111
bio,degree,graded_ln,2,5,27,0.1743763461709022,0.9754,0.2499
bio,degree,graded_ln,2,5,28,0.1790899783372879,0.9839,0.3841
bio,degree,graded_ln,2,5,29,0.1994001716375351,0.9862,0.2194
bio,degree,graded_ln,2,5,30,0.1721359938383102,0.986,0.2486
bio,random,standard,0,5,1,0.7468669265508652,0.8341,2.8298
bio,random,standard,0,5,2,0.6149949580430984,0.676,1.2702
bio,random,standard,0,5,3,1.0797142684459686,0.6761,1.5711
bio,random,standard,0,5,4,0.7875608801841736,0.8945,0.6854
bio,random,standard,0,5,5,0.2757873684167862,0.8882,0.8774
bio,random,standard,0,5,6,0.2713487818837166,0.9403,0.5012
bio,random,standard,0,5,7,0.2541791498661041,0.9267,0.5459
bio,random,standard,0,5,8,0.2435143291950225,0.9236,0.6742
bio,random,standard,0,5,9,0.2190222665667534,0.9239,0.4494
bio,random,standard,0,5,10,0.2504309713840484,0.9548,0.4087
bio,random,standard,0,5,11,0.2000754475593567,0.9499,0.6007
bio,random,standard,0,5,12,0.2047774046659469,0.9575,0.3685
bio,random,standard,0,5,13,0.1923544704914093,0.9664,0.3403
bio,random,standard,0,5,14,0.1787253990769386,0.9697,0.5076
bio,random,standard,0,5,15,0.1807658076286316,0.9628,0.3175
bio,random,standard,0,5,16,0.1929668188095092,0.9717,0.2843
bio,random,standard,0,5,17,0.1793004348874092,0.9732,0.4818
bio,random,standard,0,5,18,0.1757138893008232,0.9725,0.2658
bio,random,standard,0,5,19,0.1595326364040374,0.9771,0.2574
bio,random,standard,0,5,20,0.1397601589560508,0.9823,0.3269
bio,random,standard,0,5,21,0.1374950893223285,0.9732,0.2638
bio,random,standard,0,5,22,0.136575561016798,0.983,0.3295
bio,random,standard,0,5,23,0.1405892819166183,0.9803,0.2703
bio,random,standard,0,5,24,0.1189824156463146,0.9723,0.2831
bio,random,standard,0,5,25,0.1278496831655502,0.9826,0.3356
bio,random,standard,4,5,1,0.6355341970920563,0.8394,2.6985
bio,random,standard,4,5,2,0.5685637295246124,0.7181,1.125
bio,random,standard,4,5,3,1.0893833935260773,0.7079,1.3604
bio,random,standard,4,5,4,0.7704366594552994,0.8974,0.8049
bio,random,standard,4,5,5,0.3154301047325134,0.8894,1.0366
bio,random,standard,4,5,6,0.288387767970562,0.8812,0.506
bio,random,standard,4,5,7,0.3658390790224075,0.8387,0.5399
bio,random,standard,4,5,8,0.3128924593329429,0.9109,0.699
bio,random,standard,4,5,9,0.2645194604992866,0.9123,0.8062
bio,random,standard,4,5,10,0.2472202107310295,0.9543,0.4173
bio,random,standard,4,5,11,0.268493115901947,0.9329,0.4165
bio,random,standard,4,5,12,0.2440151125192642,0.9333,0.5812
bio,random,standard,4,5,13,0.2307474315166473,0.9375,0.5861
bio,random,standard,4,5,14,0.2044046819210052,0.9597,0.3597
bio,random,standard,4,5,15,0.2221626117825508,0.9699,0.3564
bio,random,standard,4,5,16,0.1948608234524727,0.9522,0.5388
bio,random,standard,4,5,17,0.2034258544445037,0.9706,0.3601
bio,random,standard,4,5,18,0.1777146458625793,0.9728,0.3473
bio,random,standard,4,5,19,0.1767569929361343,0.9717,0.3797
bio,random,standard,4,5,20,0.1628023386001587,0.9683,0.3162
bio,random,standard,4,5,21,0.1602638065814972,0.9707,0.4722
bio,random,standard,4,5,22,0.1801140159368515,0.9723,0.3028
bio,random,standard,4,5,23,0.1602819114923477,0.9792,0.3204
bio,random,standard,4,5,24,0.1535334661602974,0.9794,0.3052
bio,random,standard,4,5,25,0.1481219232082367,0.9796,0.2931
bio,random,standard,4,5,26,0.1515634879469871,0.9808,0.3187
bio,random,standard,4,5,27,0.161978468298912,0.973,0.2688
bio,random,standard,4,5,28,0.1633213683962822,0.9818,0.3772
bio,random,standard,4,5,29,0.1490537822246551,0.978,0.2634
bio,random,standard,4,5,30,0.1341573856770992,0.9824,0.3348
bio,spectrum,standard,2,5,1,1.3784902691841123,0.8361,3.6027
bio,spectrum,standard,2,5,2,0.8410286903381348,0.8383,0.8436
bio,spectrum,standard,2,5,3,0.35891292989254,0.8447,0.784
bio,spectrum,standard,2,5,4,0.3577722609043121,0.7594,0.8019
bio,spectrum,standard,2,5,5,0.3611933290958404,0.8295,0.7732
bio,spectrum,standard,2,5,6,0.3560985624790191,0.7828,0.852
bio,spectrum,standard,2,5,7,0.3598143756389618,0.8003,0.7706
bio,spectrum,standard,2,5,8,0.3578225523233413,0.8399,0.7968
bio,spectrum,standard,2,5,9,0.3674163669347763,0.7542,0.8929
bio,spectrum,standard,2,5,10,0.3637971878051758,0.7582,0.7416
bio,spectrum,standard,2,5,11,0.3590389490127563,0.7606,0.792
bio,spectrum,standard,2,5,12,0.3639313280582428,0.7609,0.9344
bio,spectrum,standard,2,5,13,0.3629019111394882,0.7721,0.7581
bio,spectrum,standard,2,5,14,0.3649429827928543,0.7775,0.694
bio,spectrum,standard,2,5,15,0.3641485273838043,0.7855,0.8378
bio,spectrum,standard,2,5,16,0.3549686223268509,0.7874,0.8839
bio,spectrum,standard,2,5,17,0.3562916815280914,0.7859,0.7406
bio,spectrum,standard,2,5,18,0.3536382615566253,0.7876,0.7628
bio,spectrum,standard,2,5,19,0.3542390167713165,0.7895,0.8289
bio,spectrum,standard,2,5,20,0.352063238620758,0.7897,0.7457
bio,dense,standard,0,5,1,1.1942423582077026,0.8923,1.8444
bio,dense,standard,0,5,2,1.9832071363925932,0.6899,3.6425
bio,dense,standard,0,5,3,1.5459993928670883,0.6638,0.8267
bio,dense,standard,0,5,4,0.4109668284654617,0.8193,0.8495
bio,dense,standard,0,5,5,0.3042873591184616,0.8377,0.7015
bio,dense,standard,0,5,6,0.2988586276769638,0.8468,1.0564
bio,dense,standard,0,5,7,0.3241675794124603,0.848,0.8235
bio,dense,standard,0,5,8,0.2794873118400574,0.8496,0.6816
bio,dense,standard,0,5,9,0.2962043732404709,0.8461,0.7764
bio,dense,standard,0,5,10,0.2867792844772339,0.8515,0.8466
bio,dense,standard,0,5,11,0.2858296930789947,0.8472,0.6798
bio,dense,standard,0,5,12,0.2829061299562454,0.8466,0.7136
bio,dense,standard,0,5,13,0.2844897806644439,0.8667,0.6939
bio,dense,standard,0,5,14,0.2921968996524811,0.8674,0.7139
bio,dense,standard,0,5,15,0.271567702293396,0.8428,1.3966
bio,dense,standard,0,5,16,0.494241252541542,0.8395,2.3184
bio,dense,standard,0,5,17,0.672116219997406,0.8049,2.3889
bio,dense,standard,4,5,1,0.8802020698785782,0.7785,1.8177
bio,dense,standard,4,5,2,1.1870397925376892,0.7187,1.1878
bio,dense,standard,4,5,3,0.6402436047792435,0.8422,1.0129
bio,dense,standard,4,5,4,0.3230550289154053,0.7572,0.7216
bio,dense,standard,4,5,5,0.3180808126926422,0.8411,0.8375
bio,dense,standard,4,5,6,0.3130396753549576,0.8278,0.8774
bio,dense,standard,4,5,7,0.3130828291177749,0.7355,0.7565
bio,dense,standard,4,5,8,0.318616658449173,0.7164,0.7735
bio,dense,standard,4,5,9,0.3197666704654693,0.7121,0.87
bio,dense,standard,4,5,10,0.3209090828895569,0.8235,0.7843
generic,connectome,standard,2,5,1,0.8445063531398773,0.9528,1.6828
generic,connectome,standard,2,5,2,0.6552576124668121,0.9383,0.6379
generic,connectome,standard,2,5,3,0.3170227259397506,0.9578,0.7732
generic,connectome,standard,2,5,4,0.2900234162807464,0.9395,0.4822
generic,connectome,standard,2,5,5,0.2371215224266052,0.987,0.3915
generic,connectome,standard,2,5,6,0.2209762185811996,0.9828,0.2734
generic,connectome,standard,2,5,7,0.1959796547889709,0.9718,0.5478
generic,connectome,standard,2,5,8,0.196239948272705,0.9517,0.3941
generic,connectome,standard,2,5,9,0.1755203157663345,0.9815,0.3927
generic,connectome,standard,2,5,10,0.1747281551361084,0.9781,0.2611
generic,connectome,standard,2,5,11,0.1385069489479065,0.9754,0.2766
generic,connectome,standard,2,5,12,0.1433308944106102,0.9796,0.3432
generic,connectome,standard,2,5,13,0.1579246148467064,0.9686,0.2782
generic,connectome,standard,2,5,14,0.1449298448860645,0.9781,0.2955
generic,connectome,standard,2,5,15,0.1102171391248703,0.9783,0.247
generic,connectome,standard,2,5,16,0.1626374498009681,0.9817,0.2329
generic,connectome,standard,2,5,17,0.135001078248024,0.9771,0.4919
generic,connectome,standard,2,5,18,0.1457919366657734,0.965,0.3086
generic,connectome,standard,2,5,19,0.2039123401045799,0.9642,0.3222
generic,connectome,standard,2,5,20,0.135160319507122,0.977,0.4065
generic,connectome,standard,2,5,21,0.1260108910501003,0.9772,0.2677
generic,connectome,standard,2,5,22,0.1341709308326244,0.9851,0.2451
generic,degree,standard,0,5,1,0.8471387922763824,0.9343,2.089
generic,degree,standard,0,5,2,0.5806131362915039,0.8378,1.107
generic,degree,standard,0,5,3,0.6520615518093109,0.8705,1.1149
generic,degree,standard,0,5,4,0.3709750026464462,0.965,1.1143
generic,degree,standard,0,5,5,0.3004553392529487,0.9455,0.4491
generic,degree,standard,0,5,6,0.3676626235246658,0.949,0.4626
generic,degree,standard,0,5,7,0.2530851513147354,0.9875,0.7035
generic,degree,standard,0,5,8,0.290108822286129,0.9773,0.7421
generic,degree,standard,0,5,9,0.2044634148478508,0.9357,0.558
generic,degree,standard,0,5,10,0.1995103359222412,0.9534,0.4732
generic,degree,standard,0,5,11,0.1454356610774994,0.9827,0.5227
generic,degree,standard,4,5,1,0.7926087081432343,0.9514,1.6597
generic,degree,standard,4,5,2,0.4603400081396103,0.9197,0.8089
generic,degree,standard,4,5,3,0.2669189646840095,0.9542,0.7612
generic,degree,standard,4,5,4,0.2424428910017013,0.9465,0.4201
generic,degree,standard,4,5,5,0.2092464044690132,0.9863,0.3898
generic,degree,standard,4,5,6,0.1612805947661399,0.969,0.3127
generic,degree,standard,4,5,7,0.1994427293539047,0.9723,0.5112
generic,degree,standard,4,5,8,0.1542946323752403,0.983,0.2799
generic,degree,standard,4,5,9,0.1419600360095501,0.9853,0.3982
generic,degree,standard,4,5,10,0.1306503266096115,0.9821,0.2482
generic,degree,standard,4,5,11,0.118622288107872,0.9816,0.3854
generic,degree,standard,4,5,12,0.122768148779869,0.9831,0.2537
generic,degree,standard,4,5,13,0.1070300601422786,0.9806,0.2579
generic,degree,standard,4,5,14,0.1051158905029296,0.9802,0.37
generic,degree,standard,4,5,15,0.1065127663314342,0.9811,0.2464
generic,degree,standard,4,5,16,0.1297421269118785,0.98,0.3341
generic,degree,standard,4,5,17,0.1042757928371429,0.9829,0.3032
generic,degree,standard,4,5,18,0.0958537943661212,0.9772,0.2596
generic,degree,standard,4,5,19,0.1026166044175624,0.9798,0.2993
generic,degree,standard,4,5,20,0.0918775834143161,0.9799,0.2715
generic,degree,standard,4,5,21,0.0949929729104042,0.9775,0.5061
generic,random,standard,2,5,1,0.8842855840921402,0.9457,2.1554
generic,random,standard,2,5,2,0.7552365660667419,0.8914,1.1075
generic,random,standard,2,5,3,1.127044856548309,0.8721,1.2458
generic,random,standard,2,5,4,0.6545700579881668,0.9344,1.5024
generic,random,standard,2,5,5,0.5201841741800308,0.9637,1.2059
generic,random,standard,2,5,6,0.367601715028286,0.9358,0.6719
generic,random,standard,2,5,7,0.5102428495883942,0.9254,0.6975
generic,random,standard,2,5,8,0.464653268456459,0.9781,0.3778
generic,random,standard,2,5,9,0.2775485664606094,0.9668,0.8268
generic,random,standard,2,5,10,0.3637704402208328,0.9386,0.584
generic,random,standard,2,5,11,0.2569189667701721,0.9424,0.4065
generic,random,standard,2,5,12,0.2846214026212692,0.9539,0.4101
generic,random,standard,2,5,13,0.166627824306488,0.9857,0.4014
generic,random,standard,2,5,14,0.1917329207062721,0.976,0.2608
generic,random,standard,2,5,15,0.1858900338411331,0.984,0.2301
generic,random,standard,2,5,16,0.1516462191939354,0.9742,0.3761
generic,random,standard,2,5,17,0.1589709669351577,0.9695,0.3059
generic,random,standard,2,5,18,0.1465211659669876,0.9824,0.2733
generic,random,standard,2,5,19,0.1395686641335487,0.9867,0.1917
generic,random,standard,2,5,20,0.1367081627249717,0.981,0.3024
generic,random,standard,2,5,21,0.1416178941726684,0.972,0.2875
generic,random,standard,2,5,22,0.134546585381031,0.978,0.2878
generic,random,standard,2,5,23,0.1265074536204338,0.983,0.2115
generic,random,standard,2,5,24,0.1205996498465538,0.9837,0.263
generic,random,standard,2,5,25,0.1224834024906158,0.9815,0.2226
generic,spectrum,standard,0,5,1,2.2152448147535324,0.922,4.6523
generic,spectrum,standard,0,5,2,2.655050218105316,0.6551,8.0727
generic,spectrum,standard,0,5,3,3.417369544506073,0.6123,3.5822
generic,spectrum,standard,0,5,4,2.552767276763916,0.591,6.2422
generic,spectrum,standard,0,5,5,3.778067588806152,0.5664,5.4304
generic,spectrum,standard,0,5,6,2.7065922021865845,0.6126,1.8675
generic,spectrum,standard,4,5,1,2.0196404457092285,0.8422,5.1456
generic,spectrum,standard,4,5,2,2.477280139923096,0.8572,2.4233
generic,spectrum,standard,4,5,3,1.1689931452274325,0.9072,4.2736
generic,spectrum,standard,4,5,4,1.3992000818252563,0.7763,2.3764
generic,spectrum,standard,4,5,5,0.5872371792793274,0.6922,0.8088
generic,spectrum,standard,4,5,6,0.9589737504720688,0.6851,3.9384
generic,spectrum,standard,4,5,7,2.9302104711532597,0.6813,3.5781
generic,spectrum,standard,4,5,8,1.5192885100841522,0.9236,1.1003
generic,spectrum,standard,4,5,9,0.3553110510110855,0.901,1.1308
generic,spectrum,standard,4,5,10,0.3803762197494507,0.8971,2.2927
generic,spectrum,standard,4,5,11,0.5964778959751129,0.6675,2.3033
generic,dense,standard,2,5,1,1.5999809056520462,0.6768,5.2759
generic,dense,standard,2,5,2,4.1467931270599365,0.9005,1.3239
generic,dense,standard,2,5,3,1.0099953413009644,0.7637,1.2093
generic,dense,standard,2,5,4,0.6423394083976746,0.9535,0.929
generic,dense,standard,2,5,5,0.4219937771558761,0.8269,0.6779
generic,dense,standard,2,5,6,0.3884673863649368,0.9388,1.0685
generic,dense,standard,2,5,7,0.3956137299537658,0.9215,0.6827
generic,dense,standard,2,5,8,0.3988587260246277,0.9261,1.0865
generic,dense,standard,2,5,9,0.402419313788414,0.9202,0.684
generic,dense,standard,2,5,10,0.4009838998317718,0.8996,1.0426
generic,dense,standard,2,5,11,0.3993583023548126,0.9229,0.6789
bio,adapter_only,standard,0,5,1,0.3648864328861236,0.8617,0.6826
bio,adapter_only,standard,0,5,2,0.3312877267599106,0.8869,0.6189
bio,adapter_only,standard,0,5,3,0.3117443472146988,0.8709,0.5833
bio,adapter_only,standard,0,5,4,0.3045158237218857,0.8656,0.5645
bio,adapter_only,standard,0,5,5,0.3012640178203583,0.8642,0.5554
bio,adapter_only,standard,0,5,6,0.3009959310293197,0.8646,0.5506
bio,adapter_only,standard,0,5,7,0.3004086911678314,0.8664,0.5479
bio,adapter_only,standard,0,5,8,0.2978236675262451,0.8695,0.5468
bio,adapter_only,standard,0,5,9,0.2944789975881576,0.8731,0.5464
bio,adapter_only,standard,0,5,10,0.2905654460191726,0.8777,0.5474
bio,adapter_only,standard,0,5,11,0.2866213768720627,0.8831,0.5499
bio,adapter_only,standard,0,5,12,0.2827947735786438,0.8894,0.554
bio,adapter_only,standard,0,5,13,0.2787461727857589,0.8952,0.5588
bio,adapter_only,standard,0,5,14,0.2762386798858642,0.9013,0.5647
bio,adapter_only,standard,0,5,15,0.273855447769165,0.9063,0.5702
bio,adapter_only,standard,4,5,1,0.3625758290290832,0.9237,0.6467
bio,adapter_only,standard,4,5,2,0.3304360061883926,0.8862,0.5982
bio,adapter_only,standard,4,5,3,0.316765621304512,0.8748,0.5723
bio,adapter_only,standard,4,5,4,0.3106722831726074,0.871,0.56
bio,adapter_only,standard,4,5,5,0.3110019862651825,0.8695,0.554
bio,adapter_only,standard,4,5,6,0.3086528480052948,0.8704,0.5516
bio,adapter_only,standard,4,5,7,0.3076412379741668,0.8722,0.5504
bio,adapter_only,standard,4,5,8,0.3043992221355438,0.8749,0.5504
bio,adapter_only,standard,4,5,9,0.3006276935338974,0.8783,0.5515
bio,adapter_only,standard,4,5,10,0.2964048385620117,0.8826,0.5537
bio,adapter_only,standard,4,5,11,0.2927155643701553,0.8877,0.5575
bio,adapter_only,standard,4,5,12,0.2890372425317764,0.8936,0.5624
bio,adapter_only,standard,4,5,13,0.2863341271877289,0.9001,0.5683
bio,connectome,standard,0,10,1,0.6449043303728104,0.8745,0.5694
bio,connectome,standard,0,10,2,0.3809581026434898,0.8954,0.5239
bio,connectome,standard,0,10,3,0.309570163488388,0.928,0.7356
bio,connectome,standard,0,10,4,0.2416718676686287,0.9243,0.467
bio,connectome,standard,0,10,5,0.2149100117385387,0.9587,0.5294
bio,connectome,standard,0,10,6,0.1889165937900543,0.9674,0.3947
bio,connectome,standard,0,10,7,0.1662696711719036,0.9555,0.3393
bio,connectome,standard,0,10,8,0.1722229979932308,0.9701,0.4506
bio,connectome,standard,0,10,9,0.1566522903740406,0.9744,0.3271
bio,connectome,standard,0,10,10,0.1430557742714882,0.97,0.2913
bio,connectome,standard,0,10,11,0.141938641667366,0.9696,0.2868
bio,connectome,standard,0,10,12,0.1333775781095028,0.9797,0.3623
bio,connectome,standard,0,10,13,0.1707740202546119,0.9758,0.2637
bio,connectome,standard,0,10,14,0.1435500383377075,0.9763,0.2807
bio,connectome,standard,0,10,15,0.1488061267882585,0.9798,0.2861
bio,connectome,standard,0,10,16,0.1294690798968076,0.9824,0.2475
bio,connectome,standard,0,10,17,0.1419649589806795,0.9692,0.3586
bio,connectome,standard,0,10,18,0.1494834925979375,0.9751,0.4334
bio,connectome,standard,0,10,19,0.1388798356056213,0.9675,0.3253
bio,connectome,standard,0,10,20,0.1367487479001283,0.9784,0.3622
bio,connectome,standard,0,10,21,0.1185398772358894,0.9653,0.3293
bio,connectome,standard,0,10,22,0.1699901558458805,0.9781,0.3482
bio,connectome,standard,4,10,1,1.007170930504799,0.7437,2.1121
bio,connectome,standard,4,10,2,0.8044152110815048,0.8776,1.2857
bio,connectome,standard,4,10,3,0.4860726669430733,0.8277,0.7743
bio,connectome,standard,4,10,4,0.3858944028615951,0.9233,0.9026
bio,connectome,standard,4,10,5,0.2813159376382828,0.9156,0.4841
bio,connectome,standard,4,10,6,0.2603958398103714,0.9514,0.6033
bio,connectome,standard,4,10,7,0.2392955385148525,0.9678,0.3659
bio,connectome,standard,4,10,8,0.2117171324789524,0.97,0.331
bio,connectome,standard,4,10,9,0.1987711451947689,0.9727,0.312
bio,connectome,standard,4,10,10,0.1926781795918941,0.9692,0.3286
bio,connectome,standard,4,10,11,0.1875125579535961,0.985,0.3058
bio,connectome,standard,4,10,12,0.1803877167403698,0.9729,0.5513
bio,connectome,standard,4,10,13,0.2080357931554317,0.9493,0.3795
bio,connectome,standard,4,10,14,0.2057013250887394,0.9773,0.4354
bio,connectome,standard,4,10,15,0.1900569759309291,0.9712,0.318
bio,connectome,standard,4,10,16,0.1898941770195961,0.9873,0.3303
bio,connectome,standard,4,10,17,0.1575515642762184,0.9814,0.2337
bio,connectome,standard,4,10,18,0.2149844095110893,0.9853,0.3266
bio,connectome,standard,4,10,19,0.1756756640970707,0.9843,0.318
bio,connectome,standard,4,10,20,0.1744799017906189,0.9812,0.279
bio,connectome,standard,4,10,21,0.1700771935284137,0.9835,0.3318
bio,connectome,standard,4,10,22,0.170175414532423,0.9795,0.276
bio,connectome,standard,4,10,23,0.1570708602666854,0.9781,0.3511
bio,connectome,graded_ln,2,10,1,0.7218765914440155,0.8565,1.2139
bio,connectome,graded_ln,2,10,2,0.5547318980097771,0.888,0.873
bio,connectome,graded_ln,2,10,3,0.3017809577286243,0.9299,0.8414
bio,connectome,graded_ln,2,10,4,0.2860998846590519,0.9043,0.5702
bio,connectome,graded_ln,2,10,5,0.2800859734416008,0.9681,0.6038
bio,connectome,graded_ln,2,10,6,0.2450312599539756,0.9669,0.3724
bio,connectome,graded_ln,2,10,7,0.2036452293395996,0.9623,0.3613
bio,connectome,graded_ln,2,10,8,0.1834640204906463,0.9709,0.3366
bio,connectome,graded_ln,2,10,9,0.1796919107437133,0.9627,0.3203
bio,connectome,graded_ln,2,10,10,0.1772876307368278,0.9713,0.2705
bio,connectome,graded_ln,2,10,11,0.1722334623336792,0.975,0.2437
bio,connectome,graded_ln,2,10,12,0.162707831710577,0.9847,0.2572
bio,connectome,graded_ln,2,10,13,0.1455259528011083,0.9716,0.2965
bio,connectome,graded_ln,2,10,14,0.207490611821413,0.9757,0.2478
bio,connectome,graded_ln,2,10,15,0.1523503437638282,0.9834,0.2616
bio,connectome,graded_ln,2,10,16,0.1403952315449714,0.9841,0.232
bio,connectome,graded_ln,2,10,17,0.1463865637779235,0.9852,0.4224
bio,connectome,graded_ln,2,10,18,0.1493087150156498,0.985,0.251
bio,connectome,graded_ln,2,10,19,0.1530331708490848,0.9848,0.2229
bio,connectome,graded_ln,2,10,20,0.1321563422679901,0.9845,0.2086
bio,connectome,graded_ln,2,10,21,0.1527212299406528,0.9861,0.2451
bio,connectome,graded_ln,2,10,22,0.1365403439849615,0.985,0.2998
bio,connectome,graded_ln,2,10,23,0.1326101291924715,0.9873,0.2441
bio,connectome,graded_ln,2,10,24,0.157325442880392,0.9855,0.2008
bio,connectome,graded_ln,2,10,25,0.1337736248970031,0.9846,0.3163
bio,connectome,graded_ln,2,10,26,0.1349438577890396,0.982,0.2141
bio,connectome,graded_ln,2,10,27,0.1177019849419593,0.988,0.2101
bio,connectome,graded_ln,2,10,28,0.1294298432767391,0.9869,0.2776
bio,connectome,graded_ln,2,10,29,0.121546845883131,0.9854,0.3059
bio,connectome,graded_ln,2,10,30,0.141753064468503,0.9822,0.2265
bio,degree,standard,0,10,1,1.4538214057683945,0.8475,2.8492
bio,degree,standard,0,10,2,0.5257412940263748,0.8894,0.8379
bio,degree,standard,0,10,3,0.2862340770661831,0.9236,0.6763
bio,degree,standard,0,10,4,0.230583406984806,0.9244,0.7079
bio,degree,standard,0,10,5,0.2054433375597,0.94,0.6623
bio,degree,standard,0,10,6,0.2134007476270198,0.967,0.4347
bio,degree,standard,0,10,7,0.1926594376564026,0.9236,0.4727
bio,degree,standard,0,10,8,0.2388351187109947,0.9483,0.7085
bio,degree,standard,0,10,9,0.2354002669453621,0.9377,0.3929
bio,degree,standard,0,10,10,0.2088639810681343,0.9468,0.6591
bio,degree,standard,0,10,11,0.1986372023820877,0.9652,0.3364
bio,degree,standard,0,10,12,0.1706271059811115,0.9711,0.3205
bio,degree,standard,0,10,13,0.1493896879255771,0.969,0.447
bio,degree,standard,0,10,14,0.148334302008152,0.9747,0.3438
bio,degree,standard,0,10,15,0.1459070742130279,0.9784,0.2667
bio,degree,standard,0,10,16,0.1330438200384378,0.9783,0.2853
bio,degree,standard,0,10,17,0.1344547756016254,0.9797,0.2482
bio,degree,standard,0,10,18,0.1233345288783311,0.9718,0.2751
bio,degree,standard,0,10,19,0.152990810573101,0.9828,0.2814
bio,degree,standard,0,10,20,0.1556898076087236,0.9823,0.3655
bio,degree,standard,0,10,21,0.1482074856758117,0.9731,0.2758
bio,degree,standard,0,10,22,0.1513136569410562,0.9776,0.3336
bio,degree,standard,0,10,23,0.1330423504114151,0.9806,0.2855
bio,degree,standard,4,10,1,1.3399752900004387,0.7503,2.3827
bio,degree,standard,4,10,2,0.9664997979998587,0.8506,2.2722
bio,degree,standard,4,10,3,0.5794803500175476,0.7187,1.3658
bio,degree,standard,4,10,4,0.7689851000905037,0.869,0.9578
bio,degree,standard,4,10,5,0.4026152044534683,0.9083,0.7376
bio,degree,standard,4,10,6,0.3501864522695541,0.9731,0.5017
bio,degree,standard,4,10,7,0.2665729969739914,0.9446,0.5311
bio,degree,standard,4,10,8,0.2420834861695766,0.9473,0.5454
bio,degree,standard,4,10,9,0.2351065874099731,0.9736,0.3371
bio,degree,standard,4,10,10,0.2152266576886177,0.9785,0.3244
bio,degree,standard,4,10,11,0.1933500058948993,0.9826,0.3044
bio,degree,standard,4,10,12,0.1892012394964695,0.9719,0.5507
bio,degree,standard,4,10,13,0.19447011500597,0.9693,0.482
bio,degree,standard,4,10,14,0.236358392983675,0.9569,0.386
bio,degree,standard,4,10,15,0.2370420321822166,0.9763,0.4513
bio,degree,standard,4,10,16,0.1969148218631744,0.9824,0.31
bio,degree,standard,4,10,17,0.192396841943264,0.9785,0.3006
bio,degree,standard,4,10,18,0.1963636018335819,0.9846,0.3646
bio,degree,standard,4,10,19,0.1768370755016803,0.9845,0.241
bio,degree,standard,4,10,20,0.1673084199428558,0.9777,0.275
bio,degree,standard,4,10,21,0.1874572187662124,0.9821,0.4532
bio,degree,standard,4,10,22,0.1867745816707611,0.9803,0.2723
bio,degree,standard,4,10,23,0.1572264954447746,0.9866,0.2785
bio,degree,standard,4,10,24,0.1405312791466713,0.9877,0.1946
bio,degree,standard,4,10,25,0.1486874707043171,0.9876,0.1967
bio,degree,standard,4,10,26,0.1760135851800441,0.9784,0.2598
bio,degree,standard,4,10,27,0.1710847318172454,0.9849,0.4452
bio,degree,standard,4,10,28,0.1879684180021286,0.9806,0.2613
bio,degree,standard,4,10,29,0.1650712639093399,0.9863,0.3329
bio,degree,standard,4,10,30,0.142883513122797,0.9861,0.2086
bio,degree,graded_ln,2,10,1,0.8528167307376862,0.8604,1.721
bio,degree,graded_ln,2,10,2,0.975049614906311,0.9324,0.6297
bio,degree,graded_ln,2,10,3,0.45216229185462,0.9555,0.578
bio,degree,graded_ln,2,10,4,0.2911105081439018,0.9677,0.5197
bio,degree,graded_ln,2,10,5,0.2278034314513206,0.9668,0.581
bio,degree,graded_ln,2,10,6,0.2211316078901291,0.972,0.5383
bio,degree,graded_ln,2,10,7,0.2282961048185825,0.9578,0.3482
bio,degree,graded_ln,2,10,8,0.1843965537846088,0.9656,0.3153
bio,degree,graded_ln,2,10,9,0.1750206239521503,0.9652,0.3141
bio,degree,graded_ln,2,10,10,0.1689802184700966,0.9624,0.3303
bio,degree,graded_ln,2,10,11,0.2129198126494884,0.9829,0.2971
bio,degree,graded_ln,2,10,12,0.1600113734602928,0.9856,0.335
bio,degree,graded_ln,2,10,13,0.1732957437634468,0.9863,0.3647
bio,degree,graded_ln,2,10,14,0.1499375160783529,0.9757,0.2595
bio,degree,graded_ln,2,10,15,0.1579362526535987,0.9833,0.2464
bio,degree,graded_ln,2,10,16,0.1572597473859787,0.9812,0.2364
bio,degree,graded_ln,2,10,17,0.1574997995048761,0.9775,0.2436
bio,degree,graded_ln,2,10,18,0.1560412757098674,0.9709,0.2875
bio,degree,graded_ln,2,10,19,0.1704479530453682,0.9854,0.3088
bio,degree,graded_ln,2,10,20,0.1465562116354704,0.9864,0.2861
bio,degree,graded_ln,2,10,21,0.1418179590255022,0.9879,0.2159
bio,degree,graded_ln,2,10,22,0.1629829667508602,0.9799,0.2463
bio,degree,graded_ln,2,10,23,0.1429155506193637,0.9806,0.3012
bio,degree,graded_ln,2,10,24,0.1412632390856742,0.9695,0.291
bio,degree,graded_ln,2,10,25,0.1508313529193401,0.9876,0.2818
bio,degree,graded_ln,2,10,26,0.1527618803083896,0.9885,0.3217
bio,degree,graded_ln,2,10,27,0.1546944919973611,0.9876,0.2792
bio,random,standard,0,10,1,0.9768801555037498,0.8755,1.0097
bio,random,standard,0,10,2,0.2779813334345817,0.9353,0.55
bio,random,standard,0,10,3,0.2165451869368553,0.9596,0.4309
bio,random,standard,0,10,4,0.1939221583306789,0.9642,0.3695
bio,random,standard,0,10,5,0.1666817627847194,0.97,0.3439
bio,random,standard,0,10,6,0.1449674293398857,0.9666,0.3009
bio,random,standard,0,10,7,0.1731031108647585,0.9606,0.3481
bio,random,standard,0,10,8,0.1748378630727529,0.9701,0.2793
bio,random,standard,0,10,9,0.1981780789792537,0.9755,0.6142
bio,random,standard,0,10,10,0.2137666717171669,0.9679,0.3045
bio,random,standard,0,10,11,0.1790964119136333,0.9817,0.2755
bio,random,standard,0,10,12,0.1438560076057911,0.9807,0.4212
bio,random,standard,0,10,13,0.1707128956913948,0.9678,0.2953
bio,random,standard,0,10,14,0.1425955854356289,0.9776,0.2981
bio,random,standard,0,10,15,0.1543185040354728,0.9791,0.2894
bio,random,standard,0,10,16,0.1310159396380186,0.9745,0.2591
bio,random,standard,0,10,17,0.1574148330837488,0.9859,0.2582
bio,random,standard,0,10,18,0.1767581738531589,0.9863,0.3071
bio,random,standard,0,10,19,0.1310512572526931,0.9666,0.3168
bio,random,standard,0,10,20,0.1594895031303167,0.9816,0.4198
bio,random,standard,0,10,21,0.1260027159005403,0.964,0.3513
bio,random,standard,0,10,22,0.1721483841538429,0.9847,0.319
bio,random,standard,0,10,23,0.1321710310876369,0.9836,0.2514
bio,random,standard,0,10,24,0.1157633922994136,0.9844,0.2761
bio,random,standard,0,10,25,0.1211078483611345,0.9832,0.2573
bio,random,standard,0,10,26,0.1237901896238327,0.9766,0.2529
bio,random,standard,0,10,27,0.124495493248105,0.9792,0.2524
bio,random,standard,0,10,28,0.1175070386379957,0.9838,0.3323
bio,random,standard,0,10,29,0.1237825006246566,0.973,0.3184
bio,random,standard,4,10,1,0.7730730175971985,0.8548,0.5709
bio,random,standard,4,10,2,0.4122610241174698,0.9002,0.8004
bio,random,standard,4,10,3,0.2792849093675613,0.9304,0.5757
bio,random,standard,4,10,4,0.2496980652213096,0.968,0.3937
bio,random,standard,4,10,5,0.2332139462232589,0.9784,0.3705
bio,random,standard,4,10,6,0.207585010677576,0.9667,0.3298
bio,random,standard,4,10,7,0.210918303579092,0.9777,0.2939
bio,random,standard,4,10,8,0.1930685527622699,0.9838,0.2591
bio,random,standard,4,10,9,0.1781983226537704,0.9827,0.2442
bio,random,standard,4,10,10,0.1865406259894371,0.9807,0.2349
bio,random,standard,4,10,11,0.1865221299231052,0.9865,0.2192
bio,random,standard,4,10,12,0.1676146425306797,0.988,0.4329
bio,random,standard,4,10,13,0.1710853092372417,0.9881,0.4081
bio,random,standard,4,10,14,0.2445038259029388,0.9607,0.4078
bio,random,standard,4,10,15,0.2643163837492466,0.9889,0.3663
bio,random,standard,4,10,16,0.1726910024881363,0.9888,0.366
bio,random,standard,4,10,17,0.1597170867025852,0.9713,0.3092
bio,spectrum,standard,2,10,1,1.0954177975654602,0.8386,2.0903
bio,spectrum,standard,2,10,2,0.4580990225076675,0.7215,0.6997
bio,spectrum,standard,2,10,3,0.4208365082740783,0.8313,0.7705
bio,spectrum,standard,2,10,4,0.355119377374649,0.7646,0.9711
bio,spectrum,standard,2,10,5,0.3421913459897041,0.7699,0.7091
bio,spectrum,standard,2,10,6,0.3320165872573852,0.7698,0.8623
bio,spectrum,standard,2,10,7,0.3378055840730667,0.7727,0.7543
bio,spectrum,standard,2,10,8,0.340451531112194,0.76,0.8644
bio,dense,standard,0,10,1,1.0678276121616364,0.8927,0.6586
bio,dense,standard,0,10,2,0.3661959916353225,0.8397,0.6975
bio,dense,standard,0,10,3,0.3047523945569992,0.8432,0.8159
bio,dense,standard,0,10,4,0.2853634357452392,0.8468,0.7549
bio,dense,standard,0,10,5,0.2801255136728287,0.8486,0.7705
bio,dense,standard,0,10,6,0.2796894982457161,0.8548,0.7304
bio,dense,standard,0,10,7,0.2810206860303879,0.8615,0.7626
bio,dense,standard,4,10,1,1.3571211248636246,0.6347,4.5899
bio,dense,standard,4,10,2,2.177791640162468,0.8148,1.7198
bio,dense,standard,4,10,3,0.4610517099499702,0.6865,0.9335
bio,dense,standard,4,10,4,0.6090880408883095,0.8388,0.681
bio,dense,standard,4,10,5,0.3586174771189689,0.835,1.2298
bio,dense,standard,4,10,6,0.3582766950130462,0.8384,0.7016
bio,dense,standard,4,10,7,0.3564125746488571,0.8389,0.6812
bio,dense,standard,4,10,8,0.3288060054183006,0.846,1.0802
bio,dense,standard,4,10,9,0.3421768918633461,0.8573,0.6952
bio,dense,standard,4,10,10,0.3576560020446777,0.8191,0.7149
generic,connectome,standard,2,10,1,0.5851409733295441,0.9449,0.5428
generic,connectome,standard,2,10,2,0.2808630168437958,0.9387,0.5718
generic,connectome,standard,2,10,3,0.2307016253471374,0.9856,0.3151
generic,connectome,standard,2,10,4,0.1944942623376846,0.9634,0.4434
generic,connectome,standard,2,10,5,0.1479491963982582,0.9867,0.3594
generic,connectome,standard,2,10,6,0.177186906337738,0.9773,0.2405
generic,connectome,standard,2,10,7,0.2128411382436752,0.9642,0.4311
generic,connectome,standard,2,10,8,0.1941016614437103,0.9793,0.3661
generic,connectome,standard,2,10,9,0.1721813660115003,0.9729,0.2733
generic,connectome,standard,2,10,10,0.178347747772932,0.9793,0.6192
generic,connectome,standard,2,10,11,0.169008657336235,0.967,0.3604
generic,connectome,standard,2,10,12,0.1722151320427656,0.9839,0.2187
generic,connectome,standard,2,10,13,0.1248001959174871,0.9813,0.2211
generic,connectome,standard,2,10,14,0.1597565207630396,0.9796,0.3897
generic,connectome,standard,2,10,15,0.1340027116239071,0.9824,0.2969
generic,connectome,standard,2,10,16,0.1249051243066787,0.9824,0.1961
generic,connectome,standard,2,10,17,0.1085897833108902,0.9798,0.2748
generic,connectome,standard,2,10,18,0.1077805068343877,0.9822,0.2124
generic,connectome,standard,2,10,19,0.1137377880513668,0.981,0.2313
generic,connectome,standard,2,10,20,0.1084687430411577,0.9803,0.2597
generic,connectome,standard,2,10,21,0.1304214652627706,0.9815,0.2292
generic,connectome,standard,2,10,22,0.097322242334485,0.9813,0.2223
generic,degree,standard,0,10,1,0.6040442809462547,0.9232,0.685
generic,degree,standard,0,10,2,0.2543822564184665,0.9487,0.5335
generic,degree,standard,0,10,3,0.1610948033630848,0.977,0.3222
generic,degree,standard,0,10,4,0.1636080108582973,0.975,0.6001
generic,degree,standard,0,10,5,0.1622684895992279,0.9758,0.2948
generic,degree,standard,0,10,6,0.1851134113967418,0.9788,0.2529
generic,degree,standard,0,10,7,0.1371265053749084,0.9786,0.5538
generic,degree,standard,0,10,8,0.1757030542939901,0.9606,0.391
generic,degree,standard,0,10,9,0.1244060210883617,0.976,0.2295
generic,degree,standard,0,10,10,0.1669625248759985,0.9795,0.5157
generic,degree,standard,0,10,11,0.1449574995785951,0.9591,0.3907
generic,degree,standard,0,10,12,0.1619112715125084,0.9839,0.5474
generic,degree,standard,0,10,13,0.146513108164072,0.9814,0.2355
generic,degree,standard,0,10,14,0.1069705616682767,0.9774,0.2232
generic,degree,standard,0,10,15,0.1530941892415285,0.9816,0.5417
generic,degree,standard,0,10,16,0.1346361637115478,0.976,0.2199
generic,degree,standard,0,10,17,0.1404740028083324,0.9815,0.3585
generic,degree,standard,0,10,18,0.1101250555366277,0.9798,0.2701
generic,degree,standard,0,10,19,0.1051842421293258,0.9786,0.3008
generic,degree,standard,0,10,20,0.1127255763858556,0.9799,0.3281
generic,degree,standard,0,10,21,0.0885524917393922,0.9816,0.209
generic,degree,standard,0,10,22,0.1366722546517849,0.9823,0.2506
generic,degree,standard,0,10,23,0.0986159183084964,0.9787,0.4886
generic,degree,standard,0,10,24,0.138440266251564,0.9803,0.2115
generic,degree,standard,0,10,25,0.090747695416212,0.9799,0.3852
generic,degree,standard,0,10,26,0.1095080412924289,0.9798,0.2271
generic,degree,standard,0,10,27,0.1324353367090225,0.9782,0.4019
generic,degree,standard,4,10,1,0.7325653210282326,0.9517,0.5154
generic,degree,standard,4,10,2,0.306432344019413,0.9639,0.4246
generic,degree,standard,4,10,3,0.2344552911818027,0.9555,0.3345
generic,degree,standard,4,10,4,0.1892624609172344,0.9872,0.2781
generic,degree,standard,4,10,5,0.1496057361364364,0.988,0.2579
generic,degree,standard,4,10,6,0.1515857577323913,0.9886,0.2651
generic,degree,standard,4,10,7,0.176130199804902,0.9793,0.4109
generic,degree,standard,4,10,8,0.1754216477274894,0.9869,0.2151
generic,degree,standard,4,10,9,0.1445105448365211,0.9875,0.2606
generic,degree,standard,4,10,10,0.200273297727108,0.9874,0.2238
generic,degree,standard,4,10,11,0.1515678986907005,0.9873,0.195
generic,degree,standard,4,10,12,0.1225299201905727,0.9827,0.2544
generic,degree,standard,4,10,13,0.1233060471713543,0.9836,0.3327
generic,degree,standard,4,10,14,0.1324172262102365,0.9759,0.274
generic,degree,standard,4,10,15,0.1288887746632099,0.985,0.204
generic,degree,standard,4,10,16,0.1544460151344537,0.9841,0.3278
generic,degree,standard,4,10,17,0.1393549293279647,0.986,0.2223
generic,random,standard,2,10,1,0.6555541381239891,0.8892,1.1382
generic,random,standard,2,10,2,0.9572010636329652,0.936,1.3571
generic,random,standard,2,10,3,0.386905089020729,0.9632,0.4176
generic,random,standard,2,10,4,0.2363892011344432,0.9806,0.4689
generic,random,standard,2,10,5,0.164319597184658,0.9677,0.3318
generic,random,standard,2,10,6,0.1729398593306541,0.9849,0.2493
generic,random,standard,2,10,7,0.1598162502050399,0.9637,0.4154
generic,random,standard,2,10,8,0.1385790929198265,0.9851,0.282
generic,random,standard,2,10,9,0.1457329876720905,0.9693,0.2499
generic,random,standard,2,10,10,0.1440541539341211,0.9681,0.3281
generic,random,standard,2,10,11,0.1241211928427219,0.9846,0.2122
generic,random,standard,2,10,12,0.1319770645350217,0.9765,0.2198
generic,random,standard,2,10,13,0.1413858663290739,0.978,0.2473
generic,random,standard,2,10,14,0.1293101999908685,0.9801,0.2425
generic,random,standard,2,10,15,0.1221961174160242,0.9817,0.2374
generic,random,standard,2,10,16,0.1150784641504287,0.9802,0.3065
generic,random,standard,2,10,17,0.1100067161023616,0.981,0.3657
generic,spectrum,standard,0,10,1,2.0949741676449776,0.6556,5.6404
generic,spectrum,standard,0,10,2,3.510271802544594,0.9077,2.9612
generic,spectrum,standard,0,10,3,2.013823688030243,0.6297,8.3528
generic,spectrum,standard,0,10,4,4.434723198413849,0.7184,1.9859
generic,spectrum,standard,0,10,5,0.708782434463501,0.9303,2.6463
generic,spectrum,standard,0,10,6,0.5313181132078171,0.7359,1.6832
generic,spectrum,standard,4,10,1,2.807053923606873,0.8089,2.4835
generic,spectrum,standard,4,10,2,1.1406913101673126,0.9193,0.718
generic,spectrum,standard,4,10,3,0.6171973869204521,0.9287,0.7674
generic,spectrum,standard,4,10,4,0.3642548844218254,0.9528,0.503
generic,spectrum,standard,4,10,5,0.4280246794223785,0.9201,0.4721
generic,spectrum,standard,4,10,6,0.407757818698883,0.9586,0.8736
generic,spectrum,standard,4,10,7,0.3844834566116333,0.8965,0.5135
generic,spectrum,standard,4,10,8,0.3045315891504287,0.9661,0.4959
generic,spectrum,standard,4,10,9,0.2738033533096313,0.9557,0.5973
generic,spectrum,standard,4,10,10,0.2686616852879524,0.958,0.5007
generic,spectrum,standard,4,10,11,0.2460222356021404,0.9709,0.4922
generic,dense,standard,2,10,1,2.4880806505680084,0.8893,4.6902
generic,dense,standard,2,10,2,0.9788412600755692,0.9355,1.5303
generic,dense,standard,2,10,3,1.35839681327343,0.9441,0.8769
generic,dense,standard,2,10,4,0.3105828016996383,0.9418,0.942
generic,dense,standard,2,10,5,0.3350005224347114,0.9463,0.9662
generic,dense,standard,2,10,6,0.3469722047448158,0.8432,0.9881
generic,dense,standard,2,10,7,0.6733968928456306,0.9488,0.8887
generic,dense,standard,2,10,8,0.4301167130470276,0.9672,0.7065
generic,dense,standard,2,10,9,0.2815077379345894,0.9734,0.5877
generic,dense,standard,2,10,10,0.2608234547078609,0.9439,0.508
generic,dense,standard,2,10,11,0.3017761781811714,0.8664,0.7622
generic,dense,standard,2,10,12,0.636672455817461,0.9357,1.8422
generic,dense,standard,2,10,13,0.7913963943719864,0.5865,2.5499
generic,dense,standard,2,10,14,0.940139576792717,0.9818,1.0899
generic,dense,standard,2,10,15,0.4291463792324066,0.948,0.5026
generic,dense,standard,2,10,16,0.3711405172944069,0.8854,0.6619
generic,dense,standard,2,10,17,0.3611955121159553,0.9731,0.4635
generic,dense,standard,2,10,18,0.2365068942308426,0.9766,0.8354
generic,dense,standard,2,10,19,0.5579209700226784,0.9779,0.4449
generic,dense,standard,2,10,20,0.5236739590764046,0.8861,0.7151
generic,dense,standard,2,10,21,0.4786495603621006,0.9847,0.6489
generic,dense,standard,2,10,22,0.7533455826342106,0.983,0.4165
generic,dense,standard,2,10,23,0.3434526696801185,0.98,0.8637
generic,dense,standard,2,10,24,0.3113635927438736,0.9639,0.7126
generic,dense,standard,2,10,25,0.3099206909537315,0.915,0.4877
generic,dense,standard,2,10,26,0.4924674034118652,0.9808,0.8076
generic,dense,standard,2,10,27,0.3486327156424522,0.9819,0.4936
generic,dense,standard,2,10,28,0.248579055070877,0.9515,0.4541
bio,adapter_only,standard,0,10,1,0.3547990620136261,0.8885,0.6217
bio,adapter_only,standard,0,10,2,0.3101702556014061,0.8663,0.5656
bio,adapter_only,standard,0,10,3,0.30022082477808,0.8645,0.5512
bio,adapter_only,standard,0,10,4,0.2965397760272026,0.8685,0.5473
bio,adapter_only,standard,0,10,5,0.2904483303427696,0.8753,0.5478
bio,adapter_only,standard,0,10,6,0.2822709232568741,0.8846,0.5532
bio,adapter_only,standard,0,10,7,0.2742678560316562,0.8938,0.5616
bio,adapter_only,standard,0,10,8,0.2695585191249847,0.9018,0.5731
bio,adapter_only,standard,0,10,9,0.2652243375778198,0.9061,0.5778
bio,adapter_only,standard,0,10,10,0.2615997269749641,0.9082,0.5783
bio,adapter_only,standard,4,10,1,0.3630835115909576,0.885,0.5958
bio,adapter_only,standard,4,10,2,0.334428422152996,0.8707,0.5592
bio,adapter_only,standard,4,10,3,0.3335582613945007,0.8717,0.5521
bio,adapter_only,standard,4,10,4,0.3297377452254295,0.8774,0.5521
bio,adapter_only,standard,4,10,5,0.3218278586864471,0.8886,0.5604
bio,adapter_only,standard,4,10,6,0.3122852072119713,0.9014,0.5718
bio,adapter_only,standard,4,10,7,0.3077917844057083,0.914,0.5839
bio,adapter_only,standard,4,10,8,0.3045867010951042,0.9182,0.5855
bio,adapter_only,standard,4,10,9,0.3010020479559898,0.9205,0.5849
bio,connectome,standard,2,5,1,0.8836510330438614,0.8448,1.5231
bio,connectome,standard,2,5,2,1.1804476380348206,0.7155,1.6584
bio,connectome,standard,2,5,3,0.8654099553823471,0.8556,1.635
bio,connectome,standard,2,5,4,0.5708546936511993,0.9064,0.7157
bio,connectome,standard,2,5,5,0.443142220377922,0.8048,0.9405
bio,connectome,standard,2,5,6,0.5919517278671265,0.9663,0.488
bio,connectome,standard,2,5,7,0.2922479808330536,0.9114,1.0368
bio,connectome,standard,2,5,8,0.3820200711488724,0.9451,0.6192
bio,connectome,standard,2,5,9,0.2442748844623565,0.9174,0.4755
bio,connectome,standard,2,5,10,0.2899406254291534,0.9638,0.421
bio,connectome,standard,2,5,11,0.2442236244678497,0.9513,0.6373
bio,connectome,standard,2,5,12,0.2608835250139236,0.9698,0.4075
bio,connectome,standard,2,5,13,0.2418694347143173,0.9284,0.4248
bio,connectome,standard,2,5,14,0.283694639801979,0.9616,0.3492
bio,connectome,standard,2,5,15,0.2072961404919624,0.9568,0.5108
bio,connectome,standard,2,5,16,0.2290479615330696,0.9672,0.4078
bio,connectome,standard,2,5,17,0.1993744298815727,0.9575,0.3382
bio,connectome,standard,2,5,18,0.2044361755251884,0.968,0.3444
bio,connectome,standard,2,5,19,0.1893560513854026,0.9708,0.4084
bio,connectome,standard,2,5,20,0.1852996423840522,0.9641,0.3225
bio,connectome,standard,2,5,21,0.1810759678483009,0.9673,0.3264
bio,connectome,standard,2,5,22,0.172063872218132,0.9713,0.378
bio,connectome,standard,2,5,23,0.1710911467671394,0.9662,0.3432
bio,connectome,standard,2,5,24,0.1704807952046394,0.9558,0.3786
bio,connectome,standard,2,5,25,0.2059437707066536,0.9602,0.4465
bio,connectome,standard,2,5,26,0.1915616169571876,0.9662,0.3727
bio,connectome,graded_ln,0,5,1,0.8517421334981918,0.8556,1.5344
bio,connectome,graded_ln,0,5,2,1.4700904488563538,0.6907,1.4887
bio,connectome,graded_ln,0,5,3,0.853300154209137,0.8439,2.2327
bio,connectome,graded_ln,0,5,4,0.5354000926017761,0.7633,0.7197
bio,connectome,graded_ln,0,5,5,0.563537210226059,0.7675,0.6999
bio,connectome,graded_ln,0,5,6,0.3410230278968811,0.8725,1.0202
bio,connectome,graded_ln,0,5,7,0.369175836443901,0.8809,1.0302
bio,connectome,graded_ln,0,5,8,0.3009316474199295,0.9252,0.5123
bio,connectome,graded_ln,0,5,9,0.2905893921852112,0.9018,0.5144
bio,connectome,graded_ln,0,5,10,0.2415617853403091,0.9461,0.6012
bio,connectome,graded_ln,0,5,11,0.2326201722025871,0.9666,0.4858
bio,connectome,graded_ln,0,5,12,0.1967214792966842,0.9252,0.4641
bio,connectome,graded_ln,0,5,13,0.1974208354949951,0.9716,0.4839
bio,connectome,graded_ln,0,5,14,0.1822156310081482,0.9642,0.4191
bio,connectome,graded_ln,0,5,15,0.1618209779262542,0.9576,0.3811
bio,connectome,graded_ln,0,5,16,0.1475031897425651,0.9796,0.4224
bio,connectome,graded_ln,0,5,17,0.1654402464628219,0.9709,0.305
bio,connectome,graded_ln,0,5,18,0.1829276978969574,0.9639,0.3226
bio,connectome,graded_ln,0,5,19,0.1609923504292965,0.9839,0.3444
bio,connectome,graded_ln,0,5,20,0.1426965743303299,0.9726,0.27
bio,connectome,graded_ln,0,5,21,0.1381872072815895,0.9823,0.3127
bio,connectome,graded_ln,0,5,22,0.137146957218647,0.9783,0.2975
bio,connectome,graded_ln,0,5,23,0.1542024314403534,0.9656,0.3339
bio,connectome,graded_ln,0,5,24,0.1526073068380355,0.9774,0.323
bio,connectome,graded_ln,0,5,25,0.1226191073656082,0.9716,0.3064
bio,connectome,graded_ln,0,5,26,0.1187245212495327,0.9751,0.3049
bio,connectome,graded_ln,4,5,1,0.682395875453949,0.658,1.3268
bio,connectome,graded_ln,4,5,2,0.7073106169700623,0.8873,0.6051
bio,connectome,graded_ln,4,5,3,0.3495704084634781,0.8844,0.782
bio,connectome,graded_ln,4,5,4,0.4136547148227691,0.7812,0.7556
bio,connectome,graded_ln,4,5,5,0.4267462491989136,0.892,0.9975
bio,connectome,graded_ln,4,5,6,0.3658041656017303,0.8973,0.9853
bio,connectome,graded_ln,4,5,7,0.2693356722593307,0.8903,0.5066
bio,connectome,graded_ln,4,5,8,0.3886623084545135,0.9028,0.4868
bio,connectome,graded_ln,4,5,9,0.2639825269579887,0.9258,0.7496
bio,connectome,graded_ln,4,5,10,0.2630613595247268,0.9532,0.4856
bio,connectome,graded_ln,4,5,11,0.2399615943431854,0.9312,0.4419
bio,connectome,graded_ln,4,5,12,0.2325690537691116,0.954,0.5892
bio,connectome,graded_ln,4,5,13,0.2293057441711425,0.965,0.5043
bio,connectome,graded_ln,4,5,14,0.2071097195148468,0.939,0.4126
bio,connectome,graded_ln,4,5,15,0.2178146839141845,0.9701,0.4543
bio,connectome,graded_ln,4,5,16,0.1979648619890213,0.9697,0.4386
bio,connectome,graded_ln,4,5,17,0.1952560245990753,0.9694,0.3248
bio,connectome,graded_ln,4,5,18,0.1780841872096061,0.9747,0.4013
bio,connectome,graded_ln,4,5,19,0.1792049258947372,0.9764,0.3363
bio,connectome,graded_ln,4,5,20,0.1642525419592857,0.9723,0.3252
bio,connectome,graded_ln,4,5,21,0.1545271426439285,0.9784,0.4561
bio,connectome,graded_ln,4,5,22,0.1655646339058876,0.9558,0.3913
bio,connectome,graded_ln,4,5,23,0.1923748478293419,0.9786,0.444
bio,degree,standard,2,5,1,1.077075332403183,0.8399,2.4636
bio,degree,standard,2,5,2,1.9623280763626096,0.6984,3.0061
bio,degree,standard,2,5,3,1.5758638381958008,0.8468,2.1301
bio,degree,standard,2,5,4,0.7977639734745026,0.8471,2.0802
bio,degree,standard,2,5,5,0.5922804027795792,0.8817,0.5747
bio,degree,standard,2,5,6,0.4778280258178711,0.8333,0.6462
bio,degree,standard,2,5,7,0.3857726901769638,0.8838,0.9068
bio,degree,standard,2,5,8,0.3743993639945984,0.894,0.9626
bio,degree,standard,2,5,9,0.3115565925836563,0.927,0.516
bio,degree,standard,2,5,10,0.3605969101190567,0.8929,0.5299
bio,degree,standard,2,5,11,0.3266108483076095,0.9352,0.5881
bio,degree,standard,2,5,12,0.2874911576509475,0.9323,0.692
bio,degree,standard,2,5,13,0.2764090374112129,0.9473,0.4273
bio,degree,standard,2,5,14,0.2495074644684791,0.9603,0.4525
bio,degree,standard,2,5,15,0.2226563021540641,0.9627,0.4079
bio,degree,standard,2,5,16,0.2534482255578041,0.9543,0.3669
bio,degree,standard,2,5,17,0.2249694466590881,0.9528,0.5243
bio,degree,standard,2,5,18,0.224081851541996,0.9766,0.3101
bio,degree,standard,2,5,19,0.2013500705361366,0.9731,0.329
bio,degree,standard,2,5,20,0.187953270971775,0.9733,0.3411
bio,degree,standard,2,5,21,0.1780887246131897,0.9744,0.3278
bio,degree,standard,2,5,22,0.1806934922933578,0.9617,0.4027
bio,degree,standard,2,5,23,0.2466482743620872,0.9743,0.4073
bio,degree,standard,2,5,24,0.1869054064154625,0.9761,0.351
bio,degree,graded_ln,0,5,1,1.01459139585495,0.8425,2.1707
bio,degree,graded_ln,0,5,2,2.174718916416168,0.6475,3.8743
bio,degree,graded_ln,0,5,3,1.4605343788862228,0.8357,3.209
bio,degree,graded_ln,0,5,4,0.9332099556922911,0.8378,2.7078
bio,degree,graded_ln,0,5,5,0.6811373978853226,0.8569,0.8403
bio,degree,graded_ln,0,5,6,0.4557945430278778,0.6681,1.3402
bio,degree,graded_ln,0,5,7,0.8404400944709778,0.6847,0.8596
bio,degree,graded_ln,0,5,8,0.4316112250089645,0.8452,1.0786
bio,degree,graded_ln,0,5,9,0.3443840593099594,0.8577,0.8182
bio,degree,graded_ln,0,5,10,0.298888698220253,0.7633,0.6601
bio,degree,graded_ln,0,5,11,0.3436894863843918,0.9077,0.6291
bio,degree,graded_ln,0,5,12,0.274904116988182,0.8779,0.8585
bio,degree,graded_ln,0,5,13,0.2877196967601776,0.9066,0.6432
bio,degree,graded_ln,0,5,14,0.2492384538054466,0.9567,0.4974
bio,degree,graded_ln,0,5,15,0.2529963850975036,0.9539,0.4829
bio,degree,graded_ln,0,5,16,0.2214955687522888,0.9495,0.5098
bio,degree,graded_ln,0,5,17,0.1982776746153831,0.9328,0.4377
bio,degree,graded_ln,0,5,18,0.2201595678925514,0.9689,0.4252
bio,degree,graded_ln,0,5,19,0.1677985489368438,0.9512,0.405
bio,degree,graded_ln,0,5,20,0.1573452427983284,0.9747,0.4198
bio,degree,graded_ln,0,5,21,0.1564137190580368,0.9754,0.3363
bio,degree,graded_ln,0,5,22,0.1689232289791107,0.9728,0.2881
bio,degree,graded_ln,0,5,23,0.1299124211072921,0.9813,0.4426
bio,degree,graded_ln,0,5,24,0.1584863811731338,0.954,0.4346
bio,degree,graded_ln,0,5,25,0.2754484117031097,0.9756,0.2566
bio,degree,graded_ln,0,5,26,0.1895506605505943,0.9654,0.6081
bio,degree,graded_ln,0,5,27,0.2155466228723526,0.978,0.2975
bio,degree,graded_ln,0,5,28,0.1829930245876312,0.9681,0.3052
bio,degree,graded_ln,0,5,29,0.1808294802904129,0.9752,0.3695
bio,degree,graded_ln,0,5,30,0.1597258821129799,0.9707,0.2905
bio,degree,graded_ln,4,5,1,0.8746377974748611,0.8517,0.6568
bio,degree,graded_ln,4,5,2,0.5139763057231903,0.9244,0.6519
bio,degree,graded_ln,4,5,3,1.302655503153801,0.7105,3.058
bio,degree,graded_ln,4,5,4,1.6830841302871704,0.872,1.4518
bio,degree,graded_ln,4,5,5,0.5242059528827667,0.8707,1.4287
bio,degree,graded_ln,4,5,6,0.3470500633120537,0.8015,0.7513
bio,degree,graded_ln,4,5,7,0.5476338863372803,0.9402,0.4764
bio,degree,graded_ln,4,5,8,0.2855253219604492,0.8914,1.1196
bio,degree,graded_ln,4,5,9,0.3437290489673614,0.9178,0.6877
bio,degree,graded_ln,4,5,10,0.2572705894708633,0.88,0.5034
bio,degree,graded_ln,4,5,11,0.2999328970909118,0.9431,0.5033
bio,degree,graded_ln,4,5,12,0.2425156086683273,0.9201,0.7456
bio,degree,graded_ln,4,5,13,0.2454213201999664,0.9654,0.4109
bio,degree,graded_ln,4,5,14,0.2344751954078674,0.9621,0.3916
bio,degree,graded_ln,4,5,15,0.2124874889850616,0.9497,0.5212
bio,degree,graded_ln,4,5,16,0.1999863013625145,0.9618,0.3654
bio,degree,graded_ln,4,5,17,0.212714709341526,0.9699,0.3756
bio,degree,graded_ln,4,5,18,0.1912652105093002,0.9644,0.471
bio,degree,graded_ln,4,5,19,0.1798722669482231,0.9609,0.3615
bio,degree,graded_ln,4,5,20,0.1851663440465927,0.9732,0.4048
bio,degree,graded_ln,4,5,21,0.2079297453165054,0.9523,0.3741
bio,degree,graded_ln,4,5,22,0.1975214704871177,0.9705,0.4508
bio,degree,graded_ln,4,5,23,0.1766766384243965,0.9646,0.3223
bio,degree,graded_ln,4,5,24,0.1838229224085807,0.9766,0.3549
bio,degree,graded_ln,4,5,25,0.1709225848317146,0.9771,0.3466
bio,degree,graded_ln,4,5,26,0.1627007722854614,0.9702,0.3177
bio,degree,graded_ln,4,5,27,0.1551539748907089,0.9776,0.3941
bio,degree,graded_ln,4,5,28,0.1583684608340263,0.9605,0.351
bio,degree,graded_ln,4,5,29,0.1869906932115554,0.9782,0.3771
bio,degree,graded_ln,4,5,30,0.1614411622285843,0.9746,0.3319
bio,random,standard,2,5,1,0.8333342969417572,0.8224,3.1962
bio,random,standard,2,5,2,0.9131214320659636,0.8843,0.6875
bio,random,standard,2,5,3,0.4309964925050735,0.7927,0.6123
bio,random,standard,2,5,4,0.3598849475383758,0.8931,0.7764
bio,random,standard,2,5,5,0.303703635931015,0.9312,0.5484
bio,random,standard,2,5,6,0.2717534899711609,0.9349,0.568
bio,random,standard,2,5,7,0.2504830732941627,0.9637,0.437
bio,random,standard,2,5,8,0.230912908911705,0.961,0.5113
bio,random,standard,2,5,9,0.2202240228652954,0.936,0.4132
bio,random,standard,2,5,10,0.2875853627920151,0.9694,0.3466
bio,random,standard,2,5,11,0.2765983119606972,0.9563,0.9285
bio,random,standard,2,5,12,0.3451558500528335,0.9775,0.3385
bio,random,standard,2,5,13,0.3426036983728409,0.883,0.9007
bio,random,standard,2,5,14,0.6874759495258331,0.9315,0.4888
bio,random,standard,2,5,15,0.2909493446350097,0.9678,0.65
bio,random,standard,2,5,16,0.3354929834604263,0.9573,0.8519
bio,random,standard,2,5,17,0.3185707330703735,0.9799,0.2846
bio,random,standard,2,5,18,0.2147022634744644,0.9491,0.3575
bio,random,standard,2,5,19,0.2713095396757126,0.9805,0.2766
bio,random,standard,2,5,20,0.1914823278784752,0.9743,0.4421
bio,random,standard,2,5,21,0.2059699222445488,0.9763,0.2649
bio,random,standard,2,5,22,0.2020971775054931,0.9739,0.2682
bio,random,standard,2,5,23,0.1775549501180648,0.9804,0.388
bio,random,standard,2,5,24,0.1887894347310066,0.9765,0.2666
bio,random,standard,2,5,25,0.1687986999750137,0.9786,0.2631
bio,random,standard,2,5,26,0.1588160097599029,0.9835,0.2899
bio,random,standard,2,5,27,0.1571253836154937,0.9767,0.2497
bio,random,standard,2,5,28,0.1678249984979629,0.9851,0.28
bio,random,standard,2,5,29,0.1647720113396644,0.984,0.2256
bio,random,standard,2,5,30,0.1513555124402046,0.9826,0.2269
bio,spectrum,standard,0,5,1,1.2829664945602417,0.7147,4.4923
bio,spectrum,standard,0,5,2,1.816548466682434,0.83,3.1018
bio,spectrum,standard,0,5,3,0.9519768953323364,0.8241,1.7573
bio,spectrum,standard,0,5,4,0.5760907083749771,0.7965,0.9509
bio,spectrum,standard,0,5,5,0.4479542374610901,0.7051,0.7944
bio,spectrum,standard,0,5,6,0.5295072197914124,0.7175,0.9425
bio,spectrum,standard,0,5,7,0.5400658547878265,0.765,0.9241
bio,spectrum,standard,0,5,8,0.4697767198085785,0.8482,0.8504
bio,spectrum,standard,0,5,9,0.3665168434381485,0.8512,0.9545
bio,spectrum,standard,0,5,10,0.3426501303911209,0.8094,1.0167
bio,spectrum,standard,0,5,11,0.3508210927248001,0.8103,0.8633
bio,spectrum,standard,4,5,1,1.084069848060608,0.8415,0.7548
bio,spectrum,standard,4,5,2,0.9148532152175904,0.8401,4.4733
bio,spectrum,standard,4,5,3,1.1070533394813538,0.8286,2.3434
bio,spectrum,standard,4,5,4,0.6509914100170135,0.717,1.0981
bio,spectrum,standard,4,5,5,0.5810895264148712,0.7099,0.9633
bio,spectrum,standard,4,5,6,0.5877941846847534,0.7722,1.0271
bio,spectrum,standard,4,5,7,0.452910453081131,0.7637,0.7101
bio,spectrum,standard,4,5,8,0.480619877576828,0.6878,0.7679
bio,spectrum,standard,4,5,9,0.449106901884079,0.6598,0.9051
bio,spectrum,standard,4,5,10,0.4498282223939895,0.8017,0.7773
bio,spectrum,standard,4,5,11,0.3645643442869186,0.8015,1.1737
bio,spectrum,standard,4,5,12,0.3967300504446029,0.8088,1.0005
bio,spectrum,standard,4,5,13,0.3006225973367691,0.8395,0.7196
bio,dense,standard,2,5,1,1.3869812339544296,0.8362,4.5202
bio,dense,standard,2,5,2,1.0383799374103546,0.6169,2.5936
bio,dense,standard,2,5,3,1.3256400227546692,0.77,0.6932
bio,dense,standard,2,5,4,0.3674676418304443,0.8086,0.8322
bio,dense,standard,2,5,5,0.3530814945697784,0.7813,0.7799
bio,dense,standard,2,5,6,0.3483700156211853,0.7831,0.8585
bio,dense,standard,2,5,7,0.3507840186357498,0.8292,0.7741
bio,dense,standard,2,5,8,0.350215420126915,0.836,0.8017
bio,dense,standard,2,5,9,0.3547933250665664,0.837,0.8934
generic,connectome,standard,0,5,1,0.8423650711774826,0.9325,2.0059
generic,connectome,standard,0,5,2,0.551042877137661,0.8567,1.0192
generic,connectome,standard,0,5,3,0.4585509002208709,0.8947,1.237
generic,connectome,standard,0,5,4,0.350089430809021,0.972,0.7194
generic,connectome,standard,0,5,5,0.2855507582426071,0.9316,0.5218
generic,connectome,standard,0,5,6,0.2945459485054016,0.9843,0.5049
generic,connectome,standard,0,5,7,0.2415419071912765,0.9839,0.455
generic,connectome,standard,0,5,8,0.1690936461091041,0.9472,0.4251
generic,connectome,standard,0,5,9,0.1886684224009513,0.9643,0.56
generic,connectome,standard,0,5,10,0.1636179164052009,0.9657,0.4255
generic,connectome,standard,0,5,11,0.151718433946371,0.9605,0.324
generic,connectome,standard,0,5,12,0.178447738289833,0.9878,0.3142
generic,connectome,standard,0,5,13,0.159386433660984,0.9815,0.3563
generic,connectome,standard,0,5,14,0.1307493932545185,0.9528,0.3927
generic,connectome,standard,0,5,15,0.1362420879304409,0.9692,0.465
generic,connectome,standard,0,5,16,0.1345229931175708,0.9755,0.3402
generic,connectome,standard,0,5,17,0.1013252921402454,0.9694,0.2872
generic,connectome,standard,0,5,18,0.1278780773282051,0.9808,0.3094
generic,connectome,standard,0,5,19,0.118230253458023,0.9761,0.2877
generic,connectome,standard,0,5,20,0.1239401698112487,0.9574,0.3768
generic,connectome,standard,0,5,21,0.1111360490322113,0.9743,0.4496
generic,connectome,standard,0,5,22,0.1286164298653602,0.9782,0.2853
generic,connectome,standard,0,5,23,0.1492057219147682,0.9611,0.3335
generic,connectome,standard,0,5,24,0.1951740644872188,0.9762,0.255
generic,connectome,standard,0,5,25,0.133603885769844,0.977,0.6852
generic,connectome,standard,0,5,26,0.2181754410266876,0.9725,0.5112
generic,connectome,standard,0,5,27,0.1079038605093956,0.9537,0.4308
generic,connectome,standard,0,5,28,0.1832827031612396,0.9609,0.3971
generic,connectome,standard,0,5,29,0.1319992840290069,0.9749,0.4061
generic,connectome,standard,0,5,30,0.1220424547791481,0.9809,0.2121
generic,connectome,standard,4,5,1,0.7848013639450073,0.9549,1.5749
generic,connectome,standard,4,5,2,0.4745275676250458,0.9137,0.8942
generic,connectome,standard,4,5,3,0.2925186827778816,0.9482,0.812
generic,connectome,standard,4,5,4,0.2400816828012466,0.9445,0.4848
generic,connectome,standard,4,5,5,0.2090600803494453,0.9886,0.427
generic,connectome,standard,4,5,6,0.172362633049488,0.9736,0.2837
generic,connectome,standard,4,5,7,0.1880955696105957,0.9737,0.4325
generic,connectome,standard,4,5,8,0.1459045633673668,0.9794,0.2768
generic,connectome,standard,4,5,9,0.144955962896347,0.978,0.4706
generic,connectome,standard,4,5,10,0.1346030049026012,0.9818,0.2379
generic,connectome,standard,4,5,11,0.1198188848793506,0.98,0.4734
generic,connectome,standard,4,5,12,0.1504704281687736,0.98,0.2803
generic,connectome,standard,4,5,13,0.1272571682929992,0.9815,0.2523
generic,connectome,standard,4,5,14,0.1159127578139305,0.9797,0.4283
generic,connectome,standard,4,5,15,0.1164221130311489,0.9795,0.2477
generic,connectome,standard,4,5,16,0.1095375083386898,0.9794,0.3185
generic,degree,standard,2,5,1,0.8667240589857101,0.9517,1.8349
generic,degree,standard,2,5,2,0.655497744679451,0.9563,0.5356
generic,degree,standard,2,5,3,0.3040001839399338,0.9169,0.9606
generic,degree,standard,2,5,4,0.3471002727746963,0.9319,0.5774
generic,degree,standard,2,5,5,0.2364996671676635,0.9835,0.4098
generic,degree,standard,2,5,6,0.2482871189713478,0.9756,0.2958
generic,degree,standard,2,5,7,0.2229170575737953,0.9871,0.351
generic,degree,standard,2,5,8,0.1786298379302024,0.9579,0.3989
generic,degree,standard,2,5,9,0.1808653548359871,0.9542,0.5086
generic,degree,standard,2,5,10,0.1673799902200698,0.9587,0.3535
generic,degree,standard,2,5,11,0.1580050066113472,0.9839,0.2824
generic,degree,standard,2,5,12,0.1431368961930275,0.9815,0.2151
generic,degree,standard,2,5,13,0.129885621368885,0.9842,0.4028
generic,degree,standard,2,5,14,0.1647051572799682,0.9713,0.2765
generic,degree,standard,2,5,15,0.1296349987387657,0.9732,0.3392
generic,degree,standard,2,5,16,0.1156568154692649,0.9789,0.3729
generic,degree,standard,2,5,17,0.1219975762069225,0.9778,0.244
generic,degree,standard,2,5,18,0.1420604959130287,0.9813,0.2549
generic,random,standard,0,5,1,0.8774088770151138,0.9294,2.5924
generic,random,standard,0,5,2,0.7646151632070541,0.9019,0.8412
generic,random,standard,0,5,3,0.6438707560300827,0.8733,1.0464
generic,random,standard,0,5,4,0.4038731604814529,0.9554,1.0504
generic,random,standard,0,5,5,0.332684114575386,0.9835,0.747
generic,random,standard,0,5,6,0.2516211271286011,0.9636,0.371
generic,random,standard,0,5,7,0.1921974122524261,0.9652,0.4882
generic,random,standard,0,5,8,0.1596239134669304,0.9618,0.4109
generic,random,standard,0,5,9,0.1492465585470199,0.9796,0.2794
generic,random,standard,0,5,10,0.1539118066430091,0.9886,0.3538
generic,random,standard,0,5,11,0.1383298337459564,0.9639,0.3026
generic,random,standard,0,5,12,0.1316139288246631,0.9672,0.4095
generic,random,standard,0,5,13,0.1231922134757042,0.9715,0.3079
generic,random,standard,0,5,14,0.1147124320268631,0.9768,0.2635
generic,random,standard,0,5,15,0.1108955815434455,0.9748,0.3201
generic,random,standard,0,5,16,0.1225161142647266,0.9709,0.2908
generic,random,standard,0,5,17,0.1342833451926708,0.9766,0.4421
generic,random,standard,0,5,18,0.1190754175186157,0.9674,0.298
generic,random,standard,0,5,19,0.1370278894901275,0.9731,0.2866
generic,random,standard,0,5,20,0.1055781282484531,0.9717,0.3557
generic,random,standard,4,5,1,0.805090069770813,0.9494,2.0671
generic,random,standard,4,5,2,0.548128142952919,0.8852,1.3934
generic,random,standard,4,5,3,0.8698466122150421,0.8976,1.2162
generic,random,standard,4,5,4,0.4095346182584762,0.9308,1.5768
generic,random,standard,4,5,5,0.4423553198575973,0.9762,0.9287
generic,random,standard,4,5,6,0.2770490199327469,0.958,0.3481
generic,random,standard,4,5,7,0.2477745711803436,0.9759,0.4224
generic,random,standard,4,5,8,0.1736068278551101,0.9483,0.6521
generic,random,standard,4,5,9,0.1642346382141113,0.9622,0.348
generic,random,standard,4,5,10,0.1534209698438644,0.9871,0.3513
generic,random,standard,4,5,11,0.1566451415419578,0.9875,0.2725
generic,random,standard,4,5,12,0.1389947161078453,0.9553,0.5023
generic,random,standard,4,5,13,0.1376671567559242,0.9634,0.3818
generic,random,standard,4,5,14,0.1240893341600894,0.9825,0.3215
generic,random,standard,4,5,15,0.1279618702828884,0.9864,0.2049
generic,random,standard,4,5,16,0.1328748650848865,0.9849,0.2587
generic,random,standard,4,5,17,0.1289183348417282,0.9792,0.2772
generic,random,standard,4,5,18,0.1204676367342472,0.9728,0.3165
generic,random,standard,4,5,19,0.128915749490261,0.9741,0.29
generic,random,standard,4,5,20,0.1418556272983551,0.9658,0.5012
generic,random,standard,4,5,21,0.1524873748421669,0.9825,0.2666
generic,spectrum,standard,2,5,1,2.259271889925003,0.9293,4.051
generic,spectrum,standard,2,5,2,1.90938638150692,0.8749,4.1305
generic,spectrum,standard,2,5,3,2.55937397480011,0.9172,2.8419
generic,spectrum,standard,2,5,4,1.067967563867569,0.95,0.6303
generic,spectrum,standard,2,5,5,0.8359739482402802,0.8887,2.6892
generic,spectrum,standard,2,5,6,2.3142848014831543,0.6268,3.4021
generic,spectrum,standard,2,5,7,1.4456440657377243,0.9658,0.9624
generic,spectrum,standard,2,5,8,0.3921360820531845,0.935,2.1299
generic,spectrum,standard,2,5,9,0.8524006307125092,0.8279,1.7889
generic,spectrum,standard,2,5,10,1.260269045829773,0.9305,3.7749
generic,dense,standard,0,5,1,1.6118019819259644,0.9088,4.9677
generic,dense,standard,0,5,2,1.8616310358047483,0.9044,4.7102
generic,dense,standard,0,5,3,1.8921661376953125,0.6094,7.3741
generic,dense,standard,0,5,4,4.113188982009888,0.6983,5.3158
generic,dense,standard,0,5,5,2.29514479637146,0.6998,1.0951
generic,dense,standard,0,5,6,0.4319699555635452,0.9252,2.312
generic,dense,standard,4,5,1,1.5116642713546753,0.9132,4.1093
generic,dense,standard,4,5,2,1.134618103504181,0.7214,2.5752
generic,dense,standard,4,5,3,1.5099905133247375,0.7816,1.4283
generic,dense,standard,4,5,4,0.6128566861152649,0.7743,1.9187
generic,dense,standard,4,5,5,0.7214876115322113,0.7783,1.2965
generic,dense,standard,4,5,6,0.6158211529254913,0.8121,1.9729
bio,adapter_only,standard,2,5,1,0.4210764169692993,0.8967,0.634
bio,adapter_only,standard,2,5,2,0.3881774544715881,0.8699,0.5905
bio,adapter_only,standard,2,5,3,0.3750799596309662,0.863,0.5684
bio,adapter_only,standard,2,5,4,0.3708446621894836,0.8614,0.5583
bio,adapter_only,standard,2,5,5,0.3700285106897354,0.8625,0.5537
bio,adapter_only,standard,2,5,6,0.3675607740879059,0.8653,0.5519
bio,adapter_only,standard,2,5,7,0.3640144169330597,0.8694,0.5519
bio,adapter_only,standard,2,5,8,0.3583608865737915,0.8749,0.5532
bio,adapter_only,standard,2,5,9,0.3529113233089447,0.8806,0.5567
bio,adapter_only,standard,2,5,10,0.3474814891815185,0.8881,0.5623
bio,adapter_only,standard,2,5,11,0.342400312423706,0.8958,0.5686
bio,adapter_only,standard,2,5,12,0.3386469483375549,0.9038,0.5749
bio,adapter_only,standard,2,5,13,0.3357693701982498,0.9106,0.5802
bio,connectome,standard,2,10,1,0.8954141736030579,0.7556,1.5856
bio,connectome,standard,2,10,2,0.7453134655952454,0.8645,1.8884
bio,connectome,standard,2,10,3,0.4592731520533561,0.911,0.5367
bio,connectome,standard,2,10,4,0.2654765546321869,0.9693,0.4859
bio,connectome,standard,2,10,5,0.2164550982415676,0.9667,0.4463
bio,connectome,standard,2,10,6,0.1826132386922836,0.9707,0.5936
bio,connectome,standard,2,10,7,0.2429800331592559,0.9642,0.3356
bio,connectome,standard,2,10,8,0.2171314693987369,0.9764,0.3507
bio,connectome,standard,2,10,9,0.191177636384964,0.976,0.3424
bio,connectome,standard,2,10,10,0.1799230985343456,0.9714,0.297
bio,connectome,standard,2,10,11,0.1689456366002559,0.9771,0.3422
bio,connectome,standard,2,10,12,0.1493321135640144,0.9693,0.3135
bio,connectome,standard,2,10,13,0.1475457996129989,0.9744,0.3014
bio,connectome,standard,2,10,14,0.1409001965075731,0.9727,0.3036
bio,connectome,standard,2,10,15,0.1619418747723102,0.9728,0.3567
bio,connectome,standard,2,10,16,0.1466994360089302,0.9742,0.3355
bio,connectome,graded_ln,0,10,1,1.0359432473778725,0.704,1.4332
bio,connectome,graded_ln,0,10,2,0.6254776418209076,0.8143,0.6229
bio,connectome,graded_ln,0,10,3,0.3886637762188911,0.888,0.87
bio,connectome,graded_ln,0,10,4,0.2785719186067581,0.8772,0.55
bio,connectome,graded_ln,0,10,5,0.2383642122149467,0.9596,0.563
bio,connectome,graded_ln,0,10,6,0.1857834868133068,0.9606,0.4352
bio,connectome,graded_ln,0,10,7,0.1636608205735683,0.9599,0.3483
bio,connectome,graded_ln,0,10,8,0.1608773358166217,0.9645,0.3225
bio,connectome,graded_ln,0,10,9,0.1655813623219728,0.9828,0.3152
bio,connectome,graded_ln,0,10,10,0.163422267884016,0.9828,0.3603
bio,connectome,graded_ln,0,10,11,0.1537040285766124,0.9653,0.3125
bio,connectome,graded_ln,0,10,12,0.1419055517762899,0.9797,0.3663
bio,connectome,graded_ln,0,10,13,0.1642039716243744,0.9705,0.2828
bio,connectome,graded_ln,0,10,14,0.1470966674387455,0.9798,0.2815
bio,connectome,graded_ln,0,10,15,0.1657239235937595,0.9771,0.2783
bio,connectome,graded_ln,0,10,16,0.141535572707653,0.9753,0.2792
bio,connectome,graded_ln,0,10,17,0.134280165657401,0.9784,0.2663
bio,connectome,graded_ln,0,10,18,0.1308303438127041,0.9833,0.3322
bio,connectome,graded_ln,0,10,19,0.1287485044449567,0.9751,0.2596
bio,connectome,graded_ln,0,10,20,0.1328513193875551,0.9828,0.3376
bio,connectome,graded_ln,0,10,21,0.118009727448225,0.968,0.3039
bio,connectome,graded_ln,0,10,22,0.1438604239374399,0.982,0.2923
bio,connectome,graded_ln,0,10,23,0.1273156981915235,0.9824,0.3047
bio,connectome,graded_ln,0,10,24,0.1276322305202484,0.9779,0.2579
bio,connectome,graded_ln,0,10,25,0.1172152291983366,0.983,0.2873
bio,connectome,graded_ln,0,10,26,0.125948341563344,0.9773,0.25
bio,connectome,graded_ln,0,10,27,0.1276906318962574,0.9761,0.2676
bio,connectome,graded_ln,0,10,28,0.1207330152392387,0.9823,0.3784
bio,connectome,graded_ln,0,10,29,0.1320092985406518,0.9722,0.263
bio,connectome,graded_ln,0,10,30,0.1354164183139801,0.983,0.2792
bio,connectome,graded_ln,4,10,1,0.7974576577544212,0.8847,0.7247
bio,connectome,graded_ln,4,10,2,0.3459678664803505,0.8492,0.5966
bio,connectome,graded_ln,4,10,3,0.3457798808813095,0.9358,0.6661
bio,connectome,graded_ln,4,10,4,0.261402003467083,0.9656,0.496
bio,connectome,graded_ln,4,10,5,0.2292302958667278,0.9705,0.4227
bio,connectome,graded_ln,4,10,6,0.2127134278416633,0.963,0.351
bio,connectome,graded_ln,4,10,7,0.2188534699380397,0.982,0.3022
bio,connectome,graded_ln,4,10,8,0.2191699035465717,0.9663,0.5609
bio,connectome,graded_ln,4,10,9,0.2360183298587799,0.9832,0.2789
bio,connectome,graded_ln,4,10,10,0.1894765198230743,0.9781,0.2815
bio,connectome,graded_ln,4,10,11,0.1856701672077179,0.986,0.2992
bio,connectome,graded_ln,4,10,12,0.1727458797395229,0.9874,0.3732
bio,connectome,graded_ln,4,10,13,0.1790783368051052,0.983,0.2356
bio,connectome,graded_ln,4,10,14,0.1946636289358139,0.9773,0.2533
bio,connectome,graded_ln,4,10,15,0.1842446587979793,0.9784,0.2573
bio,connectome,graded_ln,4,10,16,0.1914878934621811,0.9883,0.2313
bio,connectome,graded_ln,4,10,17,0.1680497266352176,0.9768,0.2618
bio,connectome,graded_ln,4,10,18,0.218960627913475,0.9825,0.5835
bio,connectome,graded_ln,4,10,19,0.2127174325287342,0.9791,0.3216
bio,connectome,graded_ln,4,10,20,0.1774107441306114,0.976,0.2866
bio,connectome,graded_ln,4,10,21,0.1719630993902683,0.9824,0.235
bio,connectome,graded_ln,4,10,22,0.1651561856269836,0.9867,0.2281
bio,connectome,graded_ln,4,10,23,0.1557319723069667,0.9875,0.3776
bio,connectome,graded_ln,4,10,24,0.1607276052236557,0.9881,0.2321
bio,connectome,graded_ln,4,10,25,0.1684672199189663,0.9884,0.4416
bio,connectome,graded_ln,4,10,26,0.1832523867487907,0.9823,0.2307
bio,connectome,graded_ln,4,10,27,0.1621536426246166,0.9872,0.2433
bio,connectome,graded_ln,4,10,28,0.1510093584656715,0.9878,0.2261
bio,connectome,graded_ln,4,10,29,0.1470523700118065,0.9881,0.3238
bio,connectome,graded_ln,4,10,30,0.1497888900339603,0.9863,0.1931
bio,degree,standard,2,10,1,1.3453334420919418,0.7189,3.139
bio,degree,standard,2,10,2,1.12712861597538,0.8591,1.7311
bio,degree,standard,2,10,3,0.5855659544467926,0.8224,0.8296
bio,degree,standard,2,10,4,0.3995445445179939,0.9081,0.7892
bio,degree,standard,2,10,5,0.2795718312263489,0.9673,0.4553
bio,degree,standard,2,10,6,0.2382955588400364,0.963,0.426
bio,degree,standard,2,10,7,0.1955859772861004,0.9697,0.3812
bio,degree,standard,2,10,8,0.1783361807465553,0.9749,0.388
bio,degree,standard,2,10,9,0.1702079437673092,0.9829,0.3166
bio,degree,standard,2,10,10,0.1519877128303051,0.9642,0.4027
bio,degree,standard,2,10,11,0.2411805540323257,0.9781,0.2448
bio,degree,standard,2,10,12,0.1576161459088325,0.9812,0.2591
bio,degree,standard,2,10,13,0.1527734920382499,0.9706,0.3064
bio,degree,standard,2,10,14,0.1789701245725155,0.97,0.3
bio,degree,standard,2,10,15,0.1554498635232448,0.9834,0.346
bio,degree,standard,2,10,16,0.1431690994650125,0.9818,0.2943
bio,degree,standard,2,10,17,0.1556510403752327,0.9734,0.2882
bio,degree,graded_ln,0,10,1,1.4750815629959106,0.8523,0.5444
bio,degree,graded_ln,0,10,2,0.4363154545426368,0.9554,0.4716
bio,degree,graded_ln,0,10,3,0.2954878062009811,0.8652,0.5547
bio,degree,graded_ln,0,10,4,0.2690181471407413,0.9483,0.5569
bio,degree,graded_ln,0,10,5,0.288303017616272,0.9593,0.464
bio,degree,graded_ln,0,10,6,0.2031871229410171,0.8999,0.5141
bio,degree,graded_ln,0,10,7,0.2498783431947231,0.9478,0.6491
bio,degree,graded_ln,0,10,8,0.2061611600220203,0.967,0.4243
bio,degree,graded_ln,0,10,9,0.1712600998580455,0.9557,0.3589
bio,degree,graded_ln,0,10,10,0.1752537563443184,0.972,0.3681
bio,degree,graded_ln,0,10,11,0.1571117974817752,0.9738,0.3988
bio,degree,graded_ln,0,10,12,0.1832264512777328,0.974,0.2997
bio,degree,graded_ln,0,10,13,0.1558927223086357,0.9735,0.2947
bio,degree,graded_ln,0,10,14,0.1419866532087326,0.9724,0.3003
bio,degree,graded_ln,0,10,15,0.1599310077726841,0.9753,0.2984
bio,degree,graded_ln,0,10,16,0.1334772389382124,0.9803,0.306
bio,degree,graded_ln,0,10,17,0.1339339390397071,0.966,0.3174
bio,degree,graded_ln,0,10,18,0.1670944653451442,0.9771,0.2804
bio,degree,graded_ln,0,10,19,0.2233226969838142,0.9845,0.3403
bio,degree,graded_ln,0,10,20,0.1505737490952015,0.9825,0.3559
bio,degree,graded_ln,0,10,21,0.1307541970163583,0.9639,0.3206
bio,degree,graded_ln,0,10,22,0.1849280521273613,0.9812,0.3488
bio,degree,graded_ln,0,10,23,0.1662729121744632,0.9686,0.6203
bio,degree,graded_ln,0,10,24,0.2218077555298805,0.9595,0.3427
bio,degree,graded_ln,4,10,1,1.6579765379428864,0.6692,3.5809
bio,degree,graded_ln,4,10,2,1.2877332493662834,0.8415,2.5589
bio,degree,graded_ln,4,10,3,0.6222410351037979,0.7091,1.5094
bio,degree,graded_ln,4,10,4,0.7739060372114182,0.8681,0.9515
bio,degree,graded_ln,4,10,5,0.3446802869439125,0.9265,0.6144
bio,degree,graded_ln,4,10,6,0.3317959755659103,0.8948,0.9073
bio,degree,graded_ln,4,10,7,0.3089831843972206,0.9603,0.505
bio,degree,graded_ln,4,10,8,0.2691940441727638,0.9544,0.5377
bio,degree,graded_ln,4,10,9,0.2425718046724796,0.9685,0.454
bio,degree,graded_ln,4,10,10,0.215087316930294,0.9742,0.4228
bio,degree,graded_ln,4,10,11,0.2066493481397628,0.9808,0.3641
bio,degree,graded_ln,4,10,12,0.2054001055657863,0.964,0.6105
bio,degree,graded_ln,4,10,13,0.2549749203026294,0.9698,0.3214
bio,degree,graded_ln,4,10,14,0.2186143659055233,0.9676,0.4747
bio,degree,graded_ln,4,10,15,0.2200393974781036,0.9622,0.3484
bio,degree,graded_ln,4,10,16,0.2138972654938697,0.9868,0.3549
bio,degree,graded_ln,4,10,17,0.1759123988449573,0.9679,0.3153
bio,degree,graded_ln,4,10,18,0.2176237814128399,0.9869,0.2956
bio,degree,graded_ln,4,10,19,0.1806264668703079,0.9862,0.3879
bio,degree,graded_ln,4,10,20,0.1875370107591152,0.9851,0.2626
bio,degree,graded_ln,4,10,21,0.1738402135670185,0.9833,0.2471
bio,degree,graded_ln,4,10,22,0.1692264974117279,0.9884,0.294
bio,degree,graded_ln,4,10,23,0.1706331446766853,0.9889,0.3242
bio,degree,graded_ln,4,10,24,0.1626878269016742,0.9901,0.2239
bio,degree,graded_ln,4,10,25,0.1577755399048328,0.989,0.3244
bio,degree,graded_ln,4,10,26,0.1589426659047603,0.9901,0.2509
bio,degree,graded_ln,4,10,27,0.1595512107014656,0.9895,0.3632
bio,degree,graded_ln,4,10,28,0.1765826940536499,0.9867,0.2161
bio,degree,graded_ln,4,10,29,0.1777278147637844,0.989,0.2361
bio,degree,graded_ln,4,10,30,0.1628963388502597,0.9888,0.2338
bio,random,standard,2,10,1,0.7809426262974739,0.8843,0.6032
bio,random,standard,2,10,2,0.422917403280735,0.8716,1.0835
bio,random,standard,2,10,3,0.3431031219661236,0.9472,0.4781
bio,random,standard,2,10,4,0.2545047625899315,0.9672,0.5128
bio,random,standard,2,10,5,0.2158370018005371,0.9743,0.4508
bio,random,standard,2,10,6,0.1951073631644249,0.9802,0.4546
bio,random,standard,2,10,7,0.1844573244452476,0.9837,0.3984
bio,random,standard,2,10,8,0.16763287037611,0.9849,0.3679
bio,random,standard,2,10,9,0.1635333858430385,0.9804,0.2413
bio,random,standard,2,10,10,0.1858970411121845,0.9724,0.2784
bio,random,standard,2,10,11,0.2070815972983837,0.9873,0.3731
bio,random,standard,2,10,12,0.1557910107076168,0.982,0.233
bio,random,standard,2,10,13,0.1620886772871017,0.9835,0.2333
bio,random,standard,2,10,14,0.1487495377659797,0.9848,0.2331
bio,random,standard,2,10,15,0.1313827782869339,0.9861,0.23
bio,random,standard,2,10,16,0.1272577457129955,0.9862,0.2195
bio,random,standard,2,10,17,0.1231476571410894,0.9866,0.3512
bio,random,standard,2,10,18,0.1375483460724353,0.9891,0.2046
bio,random,standard,2,10,19,0.1236558835953474,0.9854,0.381
bio,random,standard,2,10,20,0.1519161611795425,0.9848,0.2342
bio,random,standard,2,10,21,0.1253507025539875,0.9779,0.2472
bio,random,standard,2,10,22,0.1428934391587972,0.9839,0.2102
bio,random,standard,2,10,23,0.148763071745634,0.9869,0.3543
bio,random,standard,2,10,24,0.1323952283710241,0.9818,0.2131
bio,spectrum,standard,0,10,1,2.025990054011345,0.7822,2.4924
bio,spectrum,standard,0,10,2,0.8256741911172867,0.8439,0.9899
bio,spectrum,standard,0,10,3,0.6906811594963074,0.818,1.8859
bio,spectrum,standard,0,10,4,0.5383296757936478,0.7759,1.0558
bio,spectrum,standard,0,10,5,0.3791864514350891,0.8242,0.8894
bio,spectrum,standard,0,10,6,0.3358336016535759,0.7863,0.8112
bio,spectrum,standard,0,10,7,0.3292016610503196,0.832,0.7866
bio,spectrum,standard,0,10,8,0.3039912581443786,0.8328,0.7964
bio,spectrum,standard,0,10,9,0.3118192702531814,0.8315,0.7934
bio,spectrum,standard,0,10,10,0.3027457967400551,0.8282,0.6891
bio,spectrum,standard,0,10,11,0.3986461386084556,0.7215,0.9883
bio,spectrum,standard,0,10,12,0.5792992562055588,0.7996,0.6885
bio,spectrum,standard,0,10,13,0.3183522000908851,0.824,1.023
bio,spectrum,standard,0,10,14,0.3056014478206634,0.81,0.6727
bio,spectrum,standard,0,10,15,0.3134910091757774,0.8346,0.7794
bio,spectrum,standard,0,10,16,0.2964102104306221,0.8397,0.7059
bio,spectrum,standard,0,10,17,0.2973388060927391,0.8352,0.8
bio,spectrum,standard,0,10,18,0.3450445830821991,0.7887,0.6848
bio,spectrum,standard,0,10,19,0.3154967054724693,0.7991,1.1287
bio,spectrum,standard,0,10,20,0.3355060666799545,0.7833,0.6664
bio,spectrum,standard,0,10,21,0.3223634511232376,0.7953,0.7384
bio,spectrum,standard,0,10,22,0.3206802606582641,0.8093,0.9795
bio,spectrum,standard,0,10,23,0.3210557252168655,0.7778,0.6598
bio,spectrum,standard,0,10,24,0.3967892527580261,0.6735,0.7364
bio,spectrum,standard,0,10,25,0.3374444246292114,0.6935,0.7076
bio,spectrum,standard,0,10,26,0.3130792155861854,0.8155,0.742
bio,spectrum,standard,0,10,27,0.2937354296445846,0.8343,0.7647
bio,spectrum,standard,0,10,28,0.2956099584698677,0.8315,0.7437
bio,spectrum,standard,0,10,29,0.295253649353981,0.8015,0.7759
bio,spectrum,standard,4,10,1,1.8786025792360304,0.8024,3.2553
bio,spectrum,standard,4,10,2,0.959317833185196,0.8326,1.8182
bio,spectrum,standard,4,10,3,0.4652297422289848,0.652,1.1358
bio,spectrum,standard,4,10,4,0.9444580376148224,0.6583,0.9156
bio,spectrum,standard,4,10,5,0.4842172488570213,0.8314,1.142
bio,spectrum,standard,4,10,6,0.3900647163391113,0.824,0.7948
bio,spectrum,standard,4,10,7,0.3625850602984428,0.8344,0.6953
bio,spectrum,standard,4,10,8,0.3516460061073303,0.8348,0.9651
bio,spectrum,standard,4,10,9,0.3430859595537185,0.8348,0.6961
bio,spectrum,standard,4,10,10,0.3361555784940719,0.8311,0.8469
bio,spectrum,standard,4,10,11,0.3333749547600746,0.834,0.7482
bio,spectrum,standard,4,10,12,0.3279130607843399,0.8351,0.803
bio,spectrum,standard,4,10,13,0.3303602710366249,0.8373,0.7303
bio,dense,standard,2,10,1,1.2668639197945597,0.805,3.0365
bio,dense,standard,2,10,2,0.8223554342985153,0.8342,0.8064
bio,dense,standard,2,10,3,0.7263586819171906,0.7022,1.4724
bio,dense,standard,2,10,4,1.023214653134346,0.697,0.7889
bio,dense,standard,2,10,5,0.4181673154234886,0.807,1.4374
bio,dense,standard,2,10,6,0.487835943698883,0.8045,1.301
bio,dense,standard,2,10,7,0.3838302046060562,0.6813,0.6827
bio,dense,standard,2,10,8,0.4044261649250984,0.8229,0.7209
bio,dense,standard,2,10,9,0.3352258950471878,0.8236,0.9584
bio,dense,standard,2,10,10,0.3322247266769409,0.8253,0.7006
bio,dense,standard,2,10,11,0.3352914378046989,0.8242,0.8464
bio,dense,standard,2,10,12,0.3315833881497383,0.825,0.7123
bio,dense,standard,2,10,13,0.3308109492063522,0.8264,0.8288
generic,connectome,standard,0,10,1,0.592906653881073,0.9349,0.6079
generic,connectome,standard,0,10,2,0.2579876594245434,0.928,0.561
generic,connectome,standard,0,10,3,0.1725647933781147,0.9789,0.4473
generic,connectome,standard,0,10,4,0.1597597822546959,0.9765,0.3037
generic,connectome,standard,0,10,5,0.1501260064542293,0.9554,0.3879
generic,connectome,standard,0,10,6,0.1476840563118457,0.978,0.2372
generic,connectome,standard,0,10,7,0.1319367736577987,0.9757,0.2905
generic,connectome,standard,0,10,8,0.1694414354860782,0.9632,0.5929
generic,connectome,standard,0,10,9,0.1367022600024938,0.9797,0.22
generic,connectome,standard,0,10,10,0.1465046256780624,0.9807,0.335
generic,connectome,standard,0,10,11,0.110523922368884,0.98,0.4398
generic,connectome,standard,0,10,12,0.1361396852880716,0.9722,0.2632
generic,connectome,standard,0,10,13,0.1117102708667516,0.9857,0.2835
generic,connectome,standard,0,10,14,0.1080371085554361,0.9821,0.2379
generic,connectome,standard,0,10,15,0.1181416045874357,0.9796,0.3645
generic,connectome,standard,4,10,1,0.746682196855545,0.9406,0.5922
generic,connectome,standard,4,10,2,0.3163279443979263,0.9534,0.4264
generic,connectome,standard,4,10,3,0.2387193888425827,0.9645,0.3255
generic,connectome,standard,4,10,4,0.1768915094435215,0.9609,0.2846
generic,connectome,standard,4,10,5,0.2351973094046116,0.9892,0.5826
generic,connectome,standard,4,10,6,0.2214301973581314,0.9834,0.2207
generic,connectome,standard,4,10,7,0.1557644978165626,0.9784,0.2344
generic,connectome,standard,4,10,8,0.1757524125277996,0.984,0.3805
generic,connectome,standard,4,10,9,0.1657312959432602,0.9851,0.2105
generic,connectome,standard,4,10,10,0.1310071311891079,0.9877,0.1975
generic,connectome,standard,4,10,11,0.1319243125617504,0.9866,0.2192
generic,connectome,standard,4,10,12,0.1246113795787096,0.9857,0.3934
generic,connectome,standard,4,10,13,0.2000659294426441,0.9798,0.2754
generic,connectome,standard,4,10,14,0.2181788235902786,0.9847,0.5998
generic,connectome,standard,4,10,15,0.1866486556828022,0.9853,0.2421
generic,connectome,standard,4,10,16,0.1811469681560993,0.9869,0.4431
generic,degree,standard,2,10,1,0.593135878443718,0.9471,0.5055
generic,degree,standard,2,10,2,0.2797438912093639,0.9456,0.5049
generic,degree,standard,2,10,3,0.1887306049466133,0.977,0.2885
generic,degree,standard,2,10,4,0.156191911548376,0.952,0.3787
generic,degree,standard,2,10,5,0.1808840632438659,0.9853,0.2433
generic,degree,standard,2,10,6,0.1379196811467409,0.984,0.3462
generic,degree,standard,2,10,7,0.148899145424366,0.9744,0.3752
generic,degree,standard,2,10,8,0.1442396100610494,0.9854,0.2308
generic,degree,standard,2,10,9,0.1510468777269125,0.9793,0.2286
generic,degree,standard,2,10,10,0.1696030832827091,0.9755,0.4359
generic,degree,standard,2,10,11,0.1324417553842067,0.978,0.2296
generic,degree,standard,2,10,12,0.1463321968913078,0.9838,0.206
generic,degree,standard,2,10,13,0.1500237789005041,0.9803,0.405
generic,degree,standard,2,10,14,0.1101255062967538,0.9802,0.2418
generic,degree,standard,2,10,15,0.1367522254586219,0.9805,0.2468
generic,degree,standard,2,10,16,0.1155030149966478,0.9816,0.3623
generic,degree,standard,2,10,17,0.1196570768952369,0.9817,0.2466
generic,degree,standard,2,10,18,0.1083416007459163,0.9808,0.2233
generic,random,standard,0,10,1,0.6192718669772148,0.9092,0.7982
generic,random,standard,0,10,2,0.3638352006673813,0.9517,1.2673
generic,random,standard,0,10,3,0.3084986358880996,0.9362,0.3778
generic,random,standard,0,10,4,0.204239185899496,0.9656,0.5432
generic,random,standard,0,10,5,0.1531758103519678,0.9875,0.3806
generic,random,standard,0,10,6,0.1435911133885383,0.9628,0.301
generic,random,standard,0,10,7,0.1519679054617881,0.9793,0.2879
generic,random,standard,0,10,8,0.1480751018971204,0.9847,0.372
generic,random,standard,0,10,9,0.141362514346838,0.9701,0.2409
generic,random,standard,0,10,10,0.1351368743926286,0.9684,0.3754
generic,random,standard,0,10,11,0.1107379514724016,0.9814,0.3506
generic,random,standard,0,10,12,0.1298091579228639,0.9826,0.2578
generic,random,standard,0,10,13,0.117327420040965,0.9748,0.357
generic,random,standard,0,10,14,0.1087933219969272,0.981,0.2127
generic,random,standard,0,10,15,0.1170402821153402,0.981,0.2339
generic,random,standard,0,10,16,0.100031804293394,0.9797,0.2742
generic,random,standard,0,10,17,0.1016940977424383,0.98,0.2192
generic,random,standard,0,10,18,0.1363319009542465,0.9743,0.5501
generic,random,standard,0,10,19,0.1337999068200588,0.9769,0.243
generic,random,standard,0,10,20,0.1423721276223659,0.9774,0.5405
generic,random,standard,4,10,1,0.7720755487680435,0.8706,1.2559
generic,random,standard,4,10,2,1.094918817281723,0.9309,1.1488
generic,random,standard,4,10,3,0.5522053316235542,0.9854,0.5054
generic,random,standard,4,10,4,0.38319943100214,0.9316,0.5702
generic,random,standard,4,10,5,0.2890997864305973,0.9773,0.5096
generic,random,standard,4,10,6,0.2694805227220058,0.9854,0.273
generic,random,standard,4,10,7,0.1839571855962276,0.9615,0.3465
generic,random,standard,4,10,8,0.1799892038106918,0.9821,0.4803
generic,random,standard,4,10,9,0.1900106072425842,0.9833,0.2305
generic,random,standard,4,10,10,0.143824104219675,0.9844,0.218
generic,random,standard,4,10,11,0.1423010900616645,0.9809,0.2454
generic,random,standard,4,10,12,0.1444963421672582,0.9672,0.4909
generic,random,standard,4,10,13,0.1720520555973053,0.9861,0.2061
generic,random,standard,4,10,14,0.1433085761964321,0.9862,0.2179
generic,random,standard,4,10,15,0.1352969296276569,0.9731,0.3152
generic,random,standard,4,10,16,0.1436610631644725,0.9798,0.2637
generic,random,standard,4,10,17,0.1346272062510252,0.983,0.229
generic,random,standard,4,10,18,0.1303563099354505,0.9781,0.2388
generic,random,standard,4,10,19,0.1390906721353531,0.9859,0.2095
generic,spectrum,standard,2,10,1,2.2543985545635223,0.844,5.2045
generic,spectrum,standard,2,10,2,2.027403399348259,0.9104,2.8897
generic,spectrum,standard,2,10,3,1.84805066883564,0.702,5.6443
generic,spectrum,standard,2,10,4,2.504496209323406,0.9136,1.0754
generic,spectrum,standard,2,10,5,0.4810867309570312,0.8994,1.7293
generic,spectrum,standard,2,10,6,1.2569618672132492,0.7327,1.8549
generic,dense,standard,0,10,1,2.7935350984334946,0.933,4.046
generic,dense,standard,0,10,2,1.3213861659169197,0.6174,2.8504
generic,dense,standard,0,10,3,1.244765043258667,0.7218,0.8782
generic,dense,standard,0,10,4,0.4988312348723411,0.8698,1.0973
generic,dense,standard,0,10,5,0.3329665139317512,0.9216,0.8518
generic,dense,standard,0,10,6,0.2808725163340568,0.9216,0.7284
generic,dense,standard,0,10,7,0.2626432627439499,0.892,0.6729
generic,dense,standard,0,10,8,0.2816202864050865,0.9306,0.7299
generic,dense,standard,0,10,9,0.2916656658053398,0.9552,0.6436
generic,dense,standard,0,10,10,0.2717334255576134,0.8886,1.0282
generic,dense,standard,0,10,11,0.4268816858530044,0.9425,0.9007
generic,dense,standard,0,10,12,0.4201982840895653,0.9648,0.7079
generic,dense,standard,0,10,13,0.2451892793178558,0.9605,0.7435
generic,dense,standard,0,10,14,0.5014465227723122,0.6648,2.6464
generic,dense,standard,0,10,15,1.100043810904026,0.9371,0.5083
generic,dense,standard,0,10,16,0.3955632522702217,0.8499,1.3925
generic,dense,standard,0,10,17,0.8599875718355179,0.8704,4.363
generic,dense,standard,0,10,18,1.1686811447143557,0.5302,1.5246
generic,dense,standard,0,10,19,0.5097112581133842,0.9688,1.5889
generic,dense,standard,0,10,20,0.5511898510158062,0.84,2.3561
generic,dense,standard,0,10,21,0.914976991713047,0.9806,0.7613
generic,dense,standard,4,10,1,2.1077149361371994,0.6575,7.4124
generic,dense,standard,4,10,2,4.394511789083481,0.7487,6.3297
generic,dense,standard,4,10,3,3.664013266563416,0.9003,1.9038
generic,dense,standard,4,10,4,1.2099670320749285,0.7632,4.1664
generic,dense,standard,4,10,5,1.5226416364312172,0.8946,1.079
generic,dense,standard,4,10,6,1.5363974869251251,0.8549,1.0395
bio,adapter_only,standard,2,10,1,0.3797604292631149,0.8714,0.5929
bio,adapter_only,standard,2,10,2,0.3487363308668136,0.8633,0.5594
bio,adapter_only,standard,2,10,3,0.3400563076138496,0.8677,0.5525
bio,adapter_only,standard,2,10,4,0.3333514481782913,0.8771,0.5534
bio,adapter_only,standard,2,10,5,0.3235399127006531,0.8894,0.5598
bio,adapter_only,standard,2,10,6,0.3144870474934578,0.904,0.569
bio,adapter_only,standard,2,10,7,0.3083547949790954,0.9153,0.5762
bio,adapter_only,standard,2,10,8,0.3034391775727272,0.9179,0.5758
bio,adapter_only,standard,2,10,9,0.2976344600319862,0.9181,0.5726
bio,connectome,standard,2,25,1,0.6696764796972274,0.8373,0.935
bio,connectome,standard,2,25,2,0.2733046367764473,0.9554,0.4234
bio,connectome,standard,2,25,3,0.1965387180447578,0.9744,0.3672
bio,connectome,standard,2,25,4,0.1652677044272422,0.9771,0.3358
bio,connectome,standard,2,25,5,0.1585587002336979,0.975,0.2803
bio,connectome,standard,2,25,6,0.1663993120193481,0.9813,0.3687
bio,connectome,standard,2,25,7,0.1622833654284477,0.9686,0.3116
bio,connectome,standard,2,25,8,0.1540841914713382,0.9824,0.2857
bio,connectome,standard,2,25,9,0.1383707031607627,0.9865,0.2618
bio,connectome,standard,2,25,10,0.146329865604639,0.9826,0.5031
bio,connectome,standard,2,25,11,0.1668312981724739,0.9882,0.2603
bio,connectome,standard,2,25,12,0.1323045067489147,0.9839,0.5452
bio,connectome,standard,2,25,13,0.1450195170938968,0.9747,0.3021
bio,connectome,standard,2,25,14,0.1414211168885231,0.9893,0.3053
bio,connectome,standard,2,25,15,0.1322202607989311,0.9823,0.2399
bio,connectome,standard,2,25,16,0.1320301674306392,0.9858,0.2858
bio,connectome,standard,2,25,17,0.1320852473378181,0.9841,0.2202
bio,connectome,standard,2,25,18,0.1350129760801792,0.9828,0.2125
bio,connectome,standard,2,25,19,0.1201199293136596,0.9839,0.2645
bio,connectome,standard,2,25,20,0.1130285568535327,0.9864,0.1957
bio,connectome,standard,2,25,21,0.1233722679316997,0.984,0.2233
bio,connectome,standard,2,25,22,0.1219126917421817,0.9837,0.2899
bio,connectome,standard,2,25,23,0.1219316750764846,0.9839,0.2916
bio,connectome,standard,2,25,24,0.1120829500257968,0.9856,0.2675
bio,connectome,standard,2,25,25,0.1140996597707271,0.9845,0.251
bio,connectome,standard,2,25,26,0.1305961228907108,0.984,0.2021
bio,connectome,graded_ln,0,25,1,0.813839989900589,0.8921,0.5696
bio,connectome,graded_ln,0,25,2,0.2953325539827346,0.9356,0.8857
bio,connectome,graded_ln,0,25,3,0.2381685510277748,0.9777,0.416
bio,connectome,graded_ln,0,25,4,0.1699917361140251,0.9817,0.3212
bio,connectome,graded_ln,0,25,5,0.149749231338501,0.9849,0.2748
bio,connectome,graded_ln,0,25,6,0.1378340326249599,0.975,0.2591
bio,connectome,graded_ln,0,25,7,0.1645442381501198,0.9853,0.3313
bio,connectome,graded_ln,0,25,8,0.143792537599802,0.9856,0.3001
bio,connectome,graded_ln,0,25,9,0.1369116477668285,0.9845,0.2181
bio,connectome,graded_ln,0,25,10,0.1276329457759857,0.9865,0.3185
bio,connectome,graded_ln,0,25,11,0.1330258443951607,0.9856,0.2098
bio,connectome,graded_ln,0,25,12,0.1291728660464287,0.9863,0.2944
bio,connectome,graded_ln,0,25,13,0.1632870964705944,0.9824,0.2199
bio,connectome,graded_ln,0,25,14,0.134278218448162,0.9857,0.2511
bio,connectome,graded_ln,0,25,15,0.1256307460367679,0.9749,0.2626
bio,connectome,graded_ln,0,25,16,0.1325174823403358,0.9871,0.2506
bio,connectome,graded_ln,0,25,17,0.1253659926354885,0.9837,0.2591
bio,connectome,graded_ln,4,25,1,0.5164776355028152,0.9385,0.6714
bio,connectome,graded_ln,4,25,2,0.2722784683108329,0.9164,0.4831
bio,connectome,graded_ln,4,25,3,0.2168059960007667,0.9623,0.3279
bio,connectome,graded_ln,4,25,4,0.2395606875419616,0.9636,0.8092
bio,connectome,graded_ln,4,25,5,0.2926041081547737,0.9764,0.447
bio,connectome,graded_ln,4,25,6,0.1990250214934349,0.9817,0.3256
bio,connectome,graded_ln,4,25,7,0.1680555269122123,0.9743,0.2508
bio,connectome,graded_ln,4,25,8,0.1802731409668922,0.9748,0.2484
bio,connectome,graded_ln,4,25,9,0.1738048568367958,0.9859,0.3003
bio,connectome,graded_ln,4,25,10,0.1592232599854469,0.9755,0.2456
bio,connectome,graded_ln,4,25,11,0.165330222249031,0.9867,0.327
bio,connectome,graded_ln,4,25,12,0.1548798315227031,0.9885,0.2384
bio,connectome,graded_ln,4,25,13,0.1530956223607063,0.9856,0.2098
bio,connectome,graded_ln,4,25,14,0.1452484793961048,0.9849,0.2076
bio,connectome,graded_ln,4,25,15,0.1615060359239578,0.9891,0.2563
bio,connectome,graded_ln,4,25,16,0.136011254787445,0.9894,0.1749
bio,connectome,graded_ln,4,25,17,0.1412610366940498,0.9874,0.4273
bio,connectome,graded_ln,4,25,18,0.1431246727705001,0.9886,0.1917
bio,connectome,graded_ln,4,25,19,0.1472368344664573,0.9868,0.2222
bio,connectome,graded_ln,4,25,20,0.1548862293362617,0.9774,0.269
bio,connectome,graded_ln,4,25,21,0.1603501036763191,0.9884,0.2701
bio,connectome,graded_ln,4,25,22,0.1456248827278614,0.9848,0.2007
bio,degree,standard,2,25,1,1.0083606719970704,0.8266,0.6238
bio,degree,standard,2,25,2,0.3699472367763519,0.9234,0.497
bio,degree,standard,2,25,3,0.2474106401205063,0.9462,0.675
bio,degree,standard,2,25,4,0.2118200302124023,0.9764,0.3288
bio,degree,standard,2,25,5,0.1742229238152504,0.9835,0.2896
bio,degree,standard,2,25,6,0.1692753553390503,0.9754,0.299
bio,degree,standard,2,25,7,0.1519922688603401,0.9819,0.2854
bio,degree,standard,2,25,8,0.171652528643608,0.9802,0.2668
bio,degree,standard,2,25,9,0.1618578895926475,0.9697,0.3317
bio,degree,standard,2,25,10,0.1510751448571682,0.9808,0.5001
bio,degree,standard,2,25,11,0.1690802663564682,0.9784,0.2837
bio,degree,standard,2,25,12,0.1583437666296959,0.9839,0.3103
bio,degree,standard,2,25,13,0.1516242042183876,0.9834,0.3118
bio,degree,standard,2,25,14,0.14416164457798,0.987,0.2479
bio,degree,standard,2,25,15,0.1324786998331547,0.9797,0.2474
bio,degree,standard,2,25,16,0.1351378791034221,0.9833,0.2876
bio,degree,standard,2,25,17,0.1463858887553215,0.9756,0.311
bio,degree,standard,2,25,18,0.1427994340658188,0.9842,0.2899
bio,degree,standard,2,25,19,0.1317676186561584,0.9843,0.2817
bio,degree,standard,2,25,20,0.1258371040225029,0.9806,0.2742
bio,degree,standard,2,25,21,0.1264586053788662,0.9837,0.3711
bio,degree,graded_ln,0,25,1,1.1064366072416305,0.8837,0.8362
bio,degree,graded_ln,0,25,2,0.2603836879134178,0.9624,0.4785
bio,degree,graded_ln,0,25,3,0.2289854303002357,0.9819,0.455
bio,degree,graded_ln,0,25,4,0.2126982301473617,0.9849,0.4191
bio,degree,graded_ln,0,25,5,0.1828809306025505,0.9874,0.4293
bio,degree,graded_ln,0,25,6,0.1641193524003029,0.9858,0.2744
bio,degree,graded_ln,0,25,7,0.1543311268091201,0.9851,0.362
bio,degree,graded_ln,0,25,8,0.1445404574275016,0.9887,0.3183
bio,degree,graded_ln,0,25,9,0.1406954377889633,0.9867,0.2714
bio,degree,graded_ln,0,25,10,0.1392804436385631,0.9885,0.2756
bio,degree,graded_ln,0,25,11,0.1373038500547409,0.9871,0.23
bio,degree,graded_ln,0,25,12,0.1291996411979198,0.9877,0.2894
bio,degree,graded_ln,0,25,13,0.162924887984991,0.9888,0.296
bio,degree,graded_ln,0,25,14,0.150672036409378,0.9872,0.2899
bio,degree,graded_ln,0,25,15,0.1490779861807823,0.9611,0.3774
bio,degree,graded_ln,0,25,16,0.1647061482071876,0.9889,0.2986
bio,degree,graded_ln,0,25,17,0.14207469150424,0.9865,0.2768
bio,degree,graded_ln,4,25,1,0.9536002069711684,0.8545,1.9455
bio,degree,graded_ln,4,25,2,0.3670709371566772,0.8091,0.6664
bio,degree,graded_ln,4,25,3,0.2860567957162857,0.9735,0.3805
bio,degree,graded_ln,4,25,4,0.2095974594354629,0.973,0.2945
bio,degree,graded_ln,4,25,5,0.2634323477745056,0.9722,0.4958
bio,degree,graded_ln,4,25,6,0.2119857251644134,0.968,0.324
bio,degree,graded_ln,4,25,7,0.1965728163719177,0.9864,0.3244
bio,degree,graded_ln,4,25,8,0.1882365360856056,0.9754,0.2722
bio,degree,graded_ln,4,25,9,0.1796462640166282,0.9884,0.3047
bio,degree,graded_ln,4,25,10,0.1653289660811424,0.9891,0.1936
bio,degree,graded_ln,4,25,11,0.1583570837974548,0.986,0.2488
bio,degree,graded_ln,4,25,12,0.1526303760707378,0.9901,0.2001
bio,degree,graded_ln,4,25,13,0.1552621200680732,0.9809,0.2368
bio,degree,graded_ln,4,25,14,0.1473384335637092,0.9842,0.219
bio,degree,graded_ln,4,25,15,0.1591829903423786,0.9879,0.2303
bio,degree,graded_ln,4,25,16,0.1481481574475765,0.9891,0.2348
bio,random,standard,2,25,1,0.4900808990001678,0.9412,0.4992
bio,random,standard,2,25,2,0.242112722992897,0.9721,0.4694
bio,random,standard,2,25,3,0.192160341143608,0.9799,0.3312
bio,random,standard,2,25,4,0.1993488982319831,0.9805,0.2397
bio,random,standard,2,25,5,0.2083724781870842,0.9828,0.5615
bio,random,standard,2,25,6,0.1681205213069915,0.9844,0.288
bio,random,standard,2,25,7,0.1494738653302192,0.9834,0.2569
bio,random,standard,2,25,8,0.1458608888089657,0.9842,0.2158
bio,random,standard,2,25,9,0.1465626262128353,0.984,0.3188
bio,random,standard,2,25,10,0.1448115430772304,0.9873,0.2643
bio,random,standard,2,25,11,0.1366188809275627,0.9869,0.2047
bio,random,standard,2,25,12,0.1344287686049938,0.9853,0.3834
bio,random,standard,2,25,13,0.1528934493660926,0.9837,0.3154
bio,random,standard,2,25,14,0.1446948900818824,0.9872,0.2549
bio,random,standard,2,25,15,0.1361264392733573,0.9841,0.2614
bio,random,standard,2,25,16,0.1205000884830951,0.9864,0.1978
bio,random,standard,2,25,17,0.1224181704223155,0.9864,0.2405
bio,random,standard,2,25,18,0.1216155029833316,0.9851,0.2059
bio,random,standard,2,25,19,0.1172401651740074,0.9861,0.2216
bio,random,standard,2,25,20,0.115112917125225,0.9849,0.2117
bio,random,standard,2,25,21,0.1273079246282577,0.9841,0.2829
bio,random,standard,2,25,22,0.1327202454209327,0.983,0.2398
bio,spectrum,standard,0,25,1,1.105170550942421,0.7519,0.9556
bio,spectrum,standard,0,25,2,0.49965860247612,0.7551,0.7855
bio,spectrum,standard,0,25,3,0.3872222632169723,0.8284,0.7693
bio,spectrum,standard,0,25,4,0.3268736779689788,0.8135,0.8253
bio,spectrum,standard,0,25,5,0.3033860146999359,0.834,0.7469
bio,spectrum,standard,0,25,6,0.3025333821773529,0.8445,0.7049
bio,spectrum,standard,0,25,7,0.3066890239715576,0.8142,0.7216
bio,spectrum,standard,0,25,8,0.300610613822937,0.8061,0.7832
bio,spectrum,standard,0,25,9,0.3018587321043015,0.8447,0.7977
bio,spectrum,standard,0,25,10,0.3009498953819275,0.8119,0.7711
bio,spectrum,standard,0,25,11,0.3024150133132934,0.8131,0.7473
bio,spectrum,standard,0,25,12,0.299061593413353,0.8192,0.772
bio,spectrum,standard,4,25,1,1.4311797469854357,0.6934,0.7699
bio,spectrum,standard,4,25,2,0.3765832841396331,0.8331,0.7466
bio,spectrum,standard,4,25,3,0.3284189879894256,0.8379,0.7575
bio,spectrum,standard,4,25,4,0.343795895576477,0.8315,0.9733
bio,spectrum,standard,4,25,5,0.3588269174098968,0.7817,0.7586
bio,spectrum,standard,4,25,6,0.3464030385017395,0.8392,0.9158
bio,spectrum,standard,4,25,7,0.3272212922573089,0.8377,0.6694
bio,spectrum,standard,4,25,8,0.3646152704954147,0.849,0.6505
bio,spectrum,standard,4,25,9,0.3489824324846268,0.8734,0.6542
bio,spectrum,standard,4,25,10,0.3246317148208618,0.8814,0.7317
bio,spectrum,standard,4,25,11,0.3093239098787307,0.8916,0.6431
bio,spectrum,standard,4,25,12,0.2935271322727203,0.9314,0.5594
bio,spectrum,standard,4,25,13,0.338770318031311,0.9026,0.5807
bio,spectrum,standard,4,25,14,0.3658792406320572,0.8893,0.6409
bio,spectrum,standard,4,25,15,0.4673494160175323,0.879,0.7548
bio,spectrum,standard,4,25,16,0.3572484791278839,0.8989,0.6088
bio,spectrum,standard,4,25,17,0.309463769197464,0.9039,0.6601
bio,spectrum,standard,4,25,18,0.3280400305986404,0.9416,0.5445
bio,spectrum,standard,4,25,19,0.3479092568159103,0.901,0.6338
bio,spectrum,standard,4,25,20,0.3008330225944519,0.938,0.5385
bio,spectrum,standard,4,25,21,0.2788262948393821,0.9436,0.5004
bio,spectrum,standard,4,25,22,0.2833125650882721,0.9391,0.6456
bio,spectrum,standard,4,25,23,0.2915269419550895,0.9214,0.5787
bio,spectrum,standard,4,25,24,0.2685466185212135,0.8532,0.5956
bio,spectrum,standard,4,25,25,0.3535821229219437,0.9428,0.5098
bio,spectrum,standard,4,25,26,0.2710135161876678,0.9296,0.7143
bio,spectrum,standard,4,25,27,0.2385881841182708,0.9578,0.4241
bio,spectrum,standard,4,25,28,0.2487377867102623,0.8929,0.5259
bio,spectrum,standard,4,25,29,0.3011919274926186,0.9483,0.4901
bio,spectrum,standard,4,25,30,0.2432609379291534,0.9525,0.3999
bio,dense,standard,2,25,1,0.6715304255485535,0.8147,0.772
bio,dense,standard,2,25,2,0.3145804792642593,0.8337,0.8213
bio,dense,standard,2,25,3,0.3146219879388809,0.8359,0.9753
bio,dense,standard,2,25,4,0.3158549159765244,0.8377,0.7369
bio,dense,standard,2,25,5,0.315435403585434,0.8372,0.6876
bio,dense,standard,2,25,6,0.3199363648891449,0.8436,0.724
bio,dense,standard,2,25,7,0.3053773522377014,0.8475,0.7381
bio,dense,standard,2,25,8,0.3065682888031006,0.8424,0.674
bio,dense,standard,2,25,9,0.3131890565156937,0.8402,0.7608
bio,dense,standard,2,25,10,0.3049294978380203,0.85,0.9266
bio,dense,standard,2,25,11,0.319053041934967,0.8478,0.8744
bio,dense,standard,2,25,12,0.3097958981990814,0.8432,0.807
bio,dense,standard,2,25,13,0.3074084132909774,0.8437,0.6432
bio,dense,standard,2,25,14,0.3158569246530532,0.841,0.7074
bio,dense,standard,2,25,15,0.303682205080986,0.8388,0.7146
bio,dense,standard,2,25,16,0.3064165562391281,0.8383,0.7852
bio,dense,standard,2,25,17,0.3210198819637299,0.8395,0.7145
bio,dense,standard,2,25,18,0.310516756772995,0.8453,0.6677
bio,dense,standard,2,25,19,0.3050549328327179,0.8725,0.7208
generic,connectome,standard,0,25,1,0.4064763799309731,0.9739,0.477
generic,connectome,standard,0,25,2,0.1478065520524978,0.9633,0.312
generic,connectome,standard,0,25,3,0.1746322713792324,0.987,0.3946
generic,connectome,standard,0,25,4,0.1449813209474086,0.9788,0.2214
generic,connectome,standard,0,25,5,0.1360823526978492,0.9848,0.2332
generic,connectome,standard,0,25,6,0.1148073121905326,0.9839,0.2111
generic,connectome,standard,0,25,7,0.1099580734968185,0.9859,0.2161
generic,connectome,standard,0,25,8,0.1480761535465717,0.9747,0.4529
generic,connectome,standard,0,25,9,0.1160359993577003,0.9752,0.2621
generic,connectome,standard,0,25,10,0.1163411885499954,0.9835,0.3699
generic,connectome,standard,0,25,11,0.1225394919514656,0.9835,0.2188
generic,connectome,standard,0,25,12,0.1080174453556537,0.975,0.3257
generic,connectome,standard,4,25,1,0.4209423139691353,0.9635,0.4383
generic,connectome,standard,4,25,2,0.2398197636008262,0.9843,0.3693
generic,connectome,standard,4,25,3,0.1881179220974445,0.9865,0.2288
generic,connectome,standard,4,25,4,0.1281478278338909,0.9823,0.2822
generic,connectome,standard,4,25,5,0.1480232745409012,0.9803,0.2954
generic,connectome,standard,4,25,6,0.1594111666083336,0.9774,0.2153
generic,connectome,standard,4,25,7,0.1547217801213264,0.9884,0.2043
generic,connectome,standard,4,25,8,0.1410276621580123,0.9861,0.2172
generic,connectome,standard,4,25,9,0.1760241687297821,0.9828,0.2732
generic,connectome,standard,4,25,10,0.149443419277668,0.9763,0.2699
generic,connectome,standard,4,25,11,0.1418531596660614,0.9854,0.2319
generic,connectome,standard,4,25,12,0.1096837490797042,0.9852,0.2045
generic,connectome,standard,4,25,13,0.1288058653473854,0.9822,0.3358
generic,degree,standard,2,25,1,0.3914908587932587,0.9858,0.5697
generic,degree,standard,2,25,2,0.2410836413502693,0.9569,0.3295
generic,degree,standard,2,25,3,0.2589618429541588,0.9579,0.3999
generic,degree,standard,2,25,4,0.172215998917818,0.9842,0.2271
generic,degree,standard,2,25,5,0.1322030164301395,0.9756,0.3314
generic,degree,standard,2,25,6,0.1335297964513301,0.9785,0.2355
generic,degree,standard,2,25,7,0.1488873340189457,0.9796,0.2294
generic,degree,standard,2,25,8,0.1363788038492202,0.9779,0.3311
generic,degree,standard,2,25,9,0.1335586287081241,0.9863,0.2378
generic,degree,standard,2,25,10,0.1217757783830165,0.982,0.5546
generic,random,standard,0,25,1,0.6677610576152802,0.9729,1.1751
generic,random,standard,0,25,2,0.2122337788343429,0.9764,0.3701
generic,random,standard,0,25,3,0.1559043578803539,0.986,0.3645
generic,random,standard,0,25,4,0.1579383313655853,0.9675,0.2984
generic,random,standard,0,25,5,0.191557990014553,0.972,0.3435
generic,random,standard,0,25,6,0.1658596090972423,0.9873,0.2547
generic,random,standard,0,25,7,0.1335366785526275,0.9815,0.2877
generic,random,standard,0,25,8,0.149188332259655,0.9725,0.4782
generic,random,standard,0,25,9,0.1315139226615428,0.9814,0.2205
generic,random,standard,0,25,10,0.1092918887734413,0.9846,0.2722
generic,random,standard,0,25,11,0.1485308159142732,0.9762,0.4883
generic,random,standard,0,25,12,0.1372192852199077,0.9815,0.2201
generic,random,standard,0,25,13,0.1228994525969028,0.9818,0.2626
generic,random,standard,0,25,14,0.1108793810009956,0.9823,0.3323
generic,random,standard,0,25,15,0.1104219488799572,0.9847,0.1941
generic,random,standard,0,25,16,0.1162761107087135,0.9793,0.2208
generic,random,standard,0,25,17,0.1066233597695827,0.9806,0.2601
generic,random,standard,0,25,18,0.1222010403871536,0.9803,0.297
generic,random,standard,0,25,19,0.1001479625701904,0.9832,0.2033
generic,random,standard,0,25,20,0.1108769237995147,0.9836,0.207
generic,random,standard,0,25,21,0.1009686790406703,0.9799,0.2652
generic,random,standard,4,25,1,0.7529726088047027,0.9849,1.01
generic,random,standard,4,25,2,0.2605243176221847,0.9667,0.3071
generic,random,standard,4,25,3,0.2131924927234649,0.9776,0.2206
generic,random,standard,4,25,4,0.1506932213902473,0.9752,0.378
generic,random,standard,4,25,5,0.1671586453914642,0.9752,0.2653
generic,random,standard,4,25,6,0.1595156006515026,0.9871,0.2235
generic,random,standard,4,25,7,0.1481654249131679,0.9844,0.2362
generic,random,standard,4,25,8,0.1570943668484687,0.9862,0.2132
generic,random,standard,4,25,9,0.182397624105215,0.9826,0.2741
generic,random,standard,4,25,10,0.1570110484957695,0.9772,0.4089
generic,random,standard,4,25,11,0.1597735956311226,0.9842,0.2291
generic,random,standard,4,25,12,0.1265127442777157,0.9847,0.2497
generic,random,standard,4,25,13,0.1243285536766052,0.9846,0.2048
generic,random,standard,4,25,14,0.1301517598330974,0.967,0.3639
generic,random,standard,4,25,15,0.159310246258974,0.9854,0.2097
generic,random,standard,4,25,16,0.1799197614192962,0.9855,0.2277
generic,random,standard,4,25,17,0.1444448977708816,0.9832,0.421
generic,random,standard,4,25,18,0.1539457812905311,0.9788,0.3723
generic,random,standard,4,25,19,0.1215296432375907,0.983,0.2174
generic,spectrum,standard,2,25,1,3.4561482071876526,0.9303,4.3816
generic,spectrum,standard,2,25,2,1.1417477637529374,0.9317,1.0262
generic,spectrum,standard,2,25,3,0.4207192197442054,0.8769,0.6552
generic,spectrum,standard,2,25,4,0.3915310859680175,0.8533,0.6853
generic,spectrum,standard,2,25,5,0.3456657648086548,0.9284,0.5984
generic,spectrum,standard,2,25,6,0.3197311714291572,0.9414,0.7835
generic,spectrum,standard,2,25,7,0.3063943952322006,0.9344,0.5768
generic,spectrum,standard,2,25,8,0.3853945523500443,0.9453,0.7813
generic,spectrum,standard,2,25,9,0.3828771233558655,0.96,0.5969
generic,spectrum,standard,2,25,10,0.2902062267065048,0.964,1.0495
generic,spectrum,standard,2,25,11,0.3313875928521156,0.8924,0.9438
generic,spectrum,standard,2,25,12,0.2937079519033432,0.9103,0.6943
generic,spectrum,standard,2,25,13,0.2753582641482353,0.887,0.7752
generic,dense,standard,0,25,1,0.8383606880903244,0.8273,0.8385
generic,dense,standard,0,25,2,0.6597617238759994,0.7803,0.9769
generic,dense,standard,0,25,3,0.5053524643182754,0.8909,1.2768
generic,dense,standard,0,25,4,0.4810003519058227,0.9319,1.4144
generic,dense,standard,0,25,5,0.4573079019784927,0.7566,0.7434
generic,dense,standard,0,25,6,0.4835526138544083,0.6684,0.937
generic,dense,standard,0,25,7,0.4619035691022873,0.8999,1.0854
generic,dense,standard,0,25,8,0.4437983095645904,0.8879,1.3273
generic,dense,standard,0,25,9,0.4647077322006225,0.6556,0.7334
generic,dense,standard,0,25,10,0.4988242387771606,0.8027,0.9122
generic,dense,standard,0,25,11,0.4497217655181885,0.8872,1.0609
generic,dense,standard,0,25,12,0.4710887342691421,0.8708,1.3099
generic,dense,standard,0,25,13,0.469013312458992,0.7782,0.7253
generic,dense,standard,0,25,14,0.467588010430336,0.8106,0.9007
generic,dense,standard,0,25,15,0.4639496624469757,0.8996,1.0582
generic,dense,standard,0,25,16,0.4568505823612213,0.8972,1.3026
generic,dense,standard,0,25,17,0.4681247711181641,0.8211,0.7195
generic,dense,standard,0,25,18,0.4723107039928436,0.7749,0.8884
generic,dense,standard,0,25,19,0.462205183506012,0.8595,1.0572
generic,dense,standard,0,25,20,0.4885816633701324,0.9011,1.3074
generic,dense,standard,0,25,21,0.4497193813323974,0.6673,0.7137
generic,dense,standard,0,25,22,0.4534583643078804,0.6921,0.7552
generic,dense,standard,0,25,23,0.4194521188735962,0.8625,0.8119
generic,dense,standard,0,25,24,0.3205120235681534,0.8258,0.6472
generic,dense,standard,0,25,25,0.336728909611702,0.8515,0.6906
generic,dense,standard,0,25,26,0.3964433908462524,0.907,0.6933
generic,dense,standard,0,25,27,0.3912247627973556,0.8543,0.8281
generic,dense,standard,0,25,28,0.4153180748224258,0.7495,0.7088
generic,dense,standard,0,25,29,0.3620058596134186,0.908,0.6463
generic,dense,standard,0,25,30,0.3744983851909637,0.8865,1.2292
generic,dense,standard,4,25,1,1.5223801523447036,0.9175,1.4398
generic,dense,standard,4,25,2,0.5849234193563462,0.943,0.591
generic,dense,standard,4,25,3,0.4885419607162475,0.901,0.8816
generic,dense,standard,4,25,4,0.3630124568939209,0.9288,1.2738
generic,dense,standard,4,25,5,0.4112070858478546,0.9555,0.8023
generic,dense,standard,4,25,6,0.3120466709136963,0.9684,0.7489
generic,dense,standard,4,25,7,0.4011087238788605,0.9356,0.6131
generic,dense,standard,4,25,8,0.3464898645877838,0.8968,0.6308
bio,adapter_only,standard,2,25,1,0.3459122538566589,0.8631,0.5539
bio,adapter_only,standard,2,25,2,0.3182895570993423,0.8916,0.5629
bio,adapter_only,standard,2,25,3,0.2985130459070205,0.9175,0.5785
bio,adapter_only,standard,2,25,4,0.2860443145036697,0.9148,0.5635
bio,adapter_only,standard,2,25,5,0.2752647772431373,0.9182,0.5655
bio,adapter_only,standard,2,25,6,0.2674227893352509,0.9221,0.572
bio,adapter_only,standard,2,25,7,0.2605465486645698,0.9254,0.5737
bio,connectome,standard,2,50,1,0.4209657616913319,0.9609,0.3872
bio,connectome,standard,2,50,2,0.1819553822278976,0.9695,0.2982
bio,connectome,standard,2,50,3,0.1590663336217403,0.9893,0.3284
bio,connectome,standard,2,50,4,0.1576286140829324,0.9835,0.2413
bio,connectome,standard,2,50,5,0.1511228732764721,0.9759,0.2599
bio,connectome,standard,2,50,6,0.1473108232021331,0.982,0.2854
bio,connectome,standard,2,50,7,0.1334596794098615,0.9841,0.2368
bio,connectome,standard,2,50,8,0.1325593713670969,0.9813,0.2255
bio,connectome,standard,2,50,9,0.1402757428586483,0.984,0.2991
bio,connectome,standard,2,50,10,0.1309847474098205,0.985,0.3259
bio,connectome,standard,2,50,11,0.1201657108962535,0.9839,0.1903
bio,connectome,standard,2,50,12,0.1343887370079755,0.9864,0.2722
bio,connectome,standard,2,50,13,0.1192356716841459,0.9867,0.1817
bio,connectome,standard,2,50,14,0.1198993574827909,0.9836,0.2182
bio,connectome,standard,2,50,15,0.1108446862548589,0.9863,0.1859
bio,connectome,standard,2,50,16,0.1112743183970451,0.9862,0.1921
bio,connectome,standard,2,50,17,0.123461752012372,0.9852,0.3077
bio,connectome,standard,2,50,18,0.1209660876542329,0.9846,0.2079
bio,connectome,standard,2,50,19,0.1128745604306459,0.9877,0.2812
bio,connectome,graded_ln,0,50,1,0.6505126126110554,0.9624,0.5633
bio,connectome,graded_ln,0,50,2,0.2030615873634815,0.988,0.4284
bio,connectome,graded_ln,0,50,3,0.1681859903037548,0.9859,0.3494
bio,connectome,graded_ln,0,50,4,0.1539324529469013,0.9733,0.2616
bio,connectome,graded_ln,0,50,5,0.163651230931282,0.9867,0.3267
bio,connectome,graded_ln,0,50,6,0.1504884302616119,0.9856,0.2407
bio,connectome,graded_ln,0,50,7,0.1443942368030548,0.9872,0.2823
bio,connectome,graded_ln,0,50,8,0.1469627868384123,0.9884,0.2806
bio,connectome,graded_ln,0,50,9,0.1394552364945411,0.9887,0.2897
bio,connectome,graded_ln,0,50,10,0.1368572253733873,0.9821,0.2451
bio,connectome,graded_ln,0,50,11,0.1492035690695047,0.985,0.2203
bio,connectome,graded_ln,0,50,12,0.1274596340954303,0.9867,0.2209
bio,connectome,graded_ln,0,50,13,0.1218710143119096,0.9896,0.1707
bio,connectome,graded_ln,0,50,14,0.1208401855081319,0.9848,0.2536
bio,connectome,graded_ln,0,50,15,0.134310682862997,0.9837,0.218
bio,connectome,graded_ln,0,50,16,0.1292221501469612,0.9838,0.2337
bio,connectome,graded_ln,0,50,17,0.1182172250002622,0.9855,0.2277
bio,connectome,graded_ln,0,50,18,0.1093032348901033,0.9843,0.2125
bio,connectome,graded_ln,0,50,19,0.1139613449573516,0.9873,0.1835
bio,connectome,graded_ln,4,50,1,0.4221889860928058,0.9687,0.5299
bio,connectome,graded_ln,4,50,2,0.1925689257681369,0.9856,0.3247
bio,connectome,graded_ln,4,50,3,0.1822281997650861,0.9817,0.5962
bio,connectome,graded_ln,4,50,4,0.1871970809996128,0.9866,0.3026
bio,connectome,graded_ln,4,50,5,0.1629077594727278,0.9842,0.2394
bio,connectome,graded_ln,4,50,6,0.1488807581365108,0.9862,0.2114
bio,connectome,graded_ln,4,50,7,0.1428012356162071,0.9876,0.3575
bio,connectome,graded_ln,4,50,8,0.1457500819116831,0.9855,0.2131
bio,connectome,graded_ln,4,50,9,0.1340812485665083,0.9875,0.2217
bio,connectome,graded_ln,4,50,10,0.1400785632431507,0.9877,0.3016
bio,connectome,graded_ln,4,50,11,0.1364653140306472,0.9875,0.3546
bio,connectome,graded_ln,4,50,12,0.1232578840106725,0.9873,0.1969
bio,connectome,graded_ln,4,50,13,0.1296681880950927,0.9868,0.1945
bio,connectome,graded_ln,4,50,14,0.1262512937188148,0.984,0.196
bio,connectome,graded_ln,4,50,15,0.122896958142519,0.9839,0.257
bio,connectome,graded_ln,4,50,16,0.1309199847280979,0.9834,0.2963
bio,connectome,graded_ln,4,50,17,0.1394248221069574,0.9877,0.2426
bio,connectome,graded_ln,4,50,18,0.1369468301534652,0.9842,0.9108
bio,connectome,graded_ln,4,50,19,0.1594827525317668,0.986,0.2073
bio,degree,standard,2,50,1,0.6624200694262982,0.9213,0.502
bio,degree,standard,2,50,2,0.2012020297348499,0.982,0.3058
bio,degree,standard,2,50,3,0.173605803027749,0.9793,0.429
bio,degree,standard,2,50,4,0.1739544153213501,0.9825,0.2341
bio,degree,standard,2,50,5,0.1639434546232223,0.9838,0.3136
bio,degree,standard,2,50,6,0.1719631176441907,0.9695,0.3279
bio,degree,standard,2,50,7,0.1573942895978689,0.983,0.3499
bio,degree,standard,2,50,8,0.1398557860404253,0.9846,0.2533
bio,degree,standard,2,50,9,0.1473287507891655,0.9835,0.3224
bio,degree,standard,2,50,10,0.1403895605355501,0.9852,0.2979
bio,degree,graded_ln,0,50,1,0.6743566155433655,0.9725,0.5011
bio,degree,graded_ln,0,50,2,0.2460963428020477,0.9566,0.3701
bio,degree,graded_ln,0,50,3,0.1780270718038082,0.9752,0.2593
bio,degree,graded_ln,0,50,4,0.1853930488228798,0.9637,0.3254
bio,degree,graded_ln,0,50,5,0.1924568861722946,0.9817,0.2844
bio,degree,graded_ln,0,50,6,0.1591511163860559,0.9847,0.2624
bio,degree,graded_ln,0,50,7,0.1539326768368482,0.9897,0.3626
bio,degree,graded_ln,0,50,8,0.1530823290348053,0.9853,0.3637
bio,degree,graded_ln,0,50,9,0.1462798733264207,0.9892,0.3388
bio,degree,graded_ln,4,50,1,0.8486061409115792,0.9578,0.5526
bio,degree,graded_ln,4,50,2,0.2514528401196003,0.9511,0.3758
bio,degree,graded_ln,4,50,3,0.1807913482189178,0.9774,0.2468
bio,degree,graded_ln,4,50,4,0.1713743440806865,0.9895,0.3076
bio,degree,graded_ln,4,50,5,0.1695715226233005,0.9772,0.2637
bio,degree,graded_ln,4,50,6,0.1554199084639549,0.9898,0.2121
bio,degree,graded_ln,4,50,7,0.1374523900449276,0.9882,0.3691
bio,degree,graded_ln,4,50,8,0.1520880997180938,0.9894,0.2724
bio,degree,graded_ln,4,50,9,0.1378861580044031,0.986,0.2235
bio,degree,graded_ln,4,50,10,0.1306585643440485,0.9893,0.228
bio,degree,graded_ln,4,50,11,0.1275041349232197,0.9884,0.2249
bio,degree,graded_ln,4,50,12,0.1367036107927561,0.9889,0.2028
bio,degree,graded_ln,4,50,13,0.1453739941120147,0.9884,0.2126
bio,degree,graded_ln,4,50,14,0.1322443701326847,0.9881,0.188
bio,degree,graded_ln,4,50,15,0.1343849696218967,0.9864,0.2397
bio,degree,graded_ln,4,50,16,0.1283785842359066,0.9875,0.1894
bio,degree,graded_ln,4,50,17,0.1299276899546385,0.9869,0.2449
bio,degree,graded_ln,4,50,18,0.1223891604691743,0.9875,0.2898
bio,degree,graded_ln,4,50,19,0.1172398444265127,0.9882,0.2084
bio,degree,graded_ln,4,50,20,0.1176704194396734,0.9875,0.1991
bio,random,standard,2,50,1,0.3669855341315269,0.9643,0.656
bio,random,standard,2,50,2,0.1933106750249862,0.9822,0.2598
bio,random,standard,2,50,3,0.1634403854608535,0.987,0.2725
bio,random,standard,2,50,4,0.162059048935771,0.9859,0.2417
bio,random,standard,2,50,5,0.1499435994774103,0.9725,0.2686
bio,random,standard,2,50,6,0.156689640879631,0.984,0.2592
bio,random,standard,2,50,7,0.1288708113133907,0.9826,0.2165
bio,random,standard,2,50,8,0.1472963433712721,0.9868,0.2584
bio,random,standard,2,50,9,0.1239873275160789,0.9869,0.3482
bio,random,standard,2,50,10,0.1400040056556463,0.9873,0.2092
bio,random,standard,2,50,11,0.1230277128517627,0.9876,0.2056
bio,random,standard,2,50,12,0.1330118980258703,0.9851,0.3208
bio,random,standard,2,50,13,0.1191330701112747,0.9884,0.1865
bio,random,standard,2,50,14,0.1121030990034341,0.9857,0.2282
bio,random,standard,2,50,15,0.1096140932291746,0.9871,0.1856
bio,random,standard,2,50,16,0.115819551050663,0.9862,0.1978
bio,random,standard,2,50,17,0.1234879378229379,0.9854,0.2448
bio,random,standard,2,50,18,0.1211024716496467,0.9836,0.3249
bio,random,standard,2,50,19,0.1236910887062549,0.9865,0.2131
bio,random,standard,2,50,20,0.1101497501134872,0.9857,0.188
bio,random,standard,2,50,21,0.1109051819890737,0.9862,0.216
bio,spectrum,standard,0,50,1,0.5415753588080406,0.8309,0.8561
bio,spectrum,standard,0,50,2,0.3350877329707146,0.8332,0.6858
bio,spectrum,standard,0,50,3,0.3337820217013359,0.8328,0.7343
bio,spectrum,standard,0,50,4,0.3279431104660034,0.7995,0.7225
bio,spectrum,standard,0,50,5,0.3310925915837288,0.7818,0.6804
bio,spectrum,standard,0,50,6,0.328724892437458,0.7803,0.7289
bio,spectrum,standard,0,50,7,0.327980001270771,0.7711,0.7637
bio,spectrum,standard,0,50,8,0.3327270671725273,0.7982,0.6564
bio,spectrum,standard,0,50,9,0.334121161699295,0.7943,0.7777
bio,spectrum,standard,0,50,10,0.3357004687190056,0.76,0.863
bio,spectrum,standard,0,50,11,0.3310788974165916,0.801,0.6588
bio,spectrum,standard,0,50,12,0.3258261412382126,0.8092,0.6384
bio,spectrum,standard,0,50,13,0.3313062310218811,0.8065,0.6362
bio,spectrum,standard,0,50,14,0.327676898241043,0.8229,0.6812
bio,spectrum,standard,0,50,15,0.3329679206013679,0.8335,0.7439
bio,spectrum,standard,0,50,16,0.3366615056991577,0.8298,0.6524
bio,spectrum,standard,0,50,17,0.3331455469131469,0.8333,0.7329
bio,spectrum,standard,0,50,18,0.327110543847084,0.8315,0.6609
bio,spectrum,standard,0,50,19,0.3266353353857994,0.8322,0.6331
bio,spectrum,standard,0,50,20,0.3325353398919105,0.8353,0.6439
bio,spectrum,standard,0,50,21,0.3258203715085983,0.836,0.683
bio,spectrum,standard,0,50,22,0.3258425414562225,0.8333,0.6868
bio,spectrum,standard,0,50,23,0.3246231853961944,0.8227,0.7723
bio,spectrum,standard,0,50,24,0.3241255760192871,0.8201,0.7367
bio,spectrum,standard,0,50,25,0.3274836987257004,0.8222,0.6492
bio,spectrum,standard,4,50,1,0.8325118198990822,0.7936,1.2676
bio,spectrum,standard,4,50,2,0.4159011363983154,0.8364,0.71
bio,spectrum,standard,4,50,3,0.309946684539318,0.8457,0.7659
bio,spectrum,standard,4,50,4,0.3044685959815979,0.8494,0.6966
bio,spectrum,standard,4,50,5,0.308342719078064,0.8528,0.7008
bio,spectrum,standard,4,50,6,0.3017310857772827,0.8869,0.6125
bio,spectrum,standard,4,50,7,0.2807179525494575,0.8634,0.7503
bio,spectrum,standard,4,50,8,0.2885876476764679,0.9039,0.6026
bio,spectrum,standard,4,50,9,0.2852463848888874,0.8646,0.7507
bio,spectrum,standard,4,50,10,0.2811934567987919,0.902,0.6439
bio,spectrum,standard,4,50,11,0.2915019132196903,0.9316,0.6683
bio,spectrum,standard,4,50,12,0.3361466638743877,0.8762,0.6172
bio,spectrum,standard,4,50,13,0.2847849391400814,0.8233,0.7187
bio,spectrum,standard,4,50,14,0.3689387291669845,0.8342,0.8257
bio,dense,standard,2,50,1,0.6147646859288216,0.8295,0.7246
bio,dense,standard,2,50,2,0.3764827713370323,0.817,0.681
bio,dense,standard,2,50,3,0.3341338142752647,0.8707,0.7304
bio,dense,standard,2,50,4,0.3134841814637184,0.8821,0.9537
bio,dense,standard,2,50,5,0.3276721522212028,0.8833,0.7386
bio,dense,standard,2,50,6,0.3479544669389725,0.8727,1.553
bio,dense,standard,2,50,7,0.3919776380062103,0.921,0.7993
bio,dense,standard,2,50,8,0.3222456216812134,0.9425,0.5983
bio,dense,standard,2,50,9,0.3595160916447639,0.9585,0.4652
bio,dense,standard,2,50,10,0.3776335418224334,0.8707,1.0473
bio,dense,standard,2,50,11,0.3670491024851799,0.8592,0.6994
bio,dense,standard,2,50,12,0.339738167822361,0.764,0.8805
bio,dense,standard,2,50,13,0.3139286071062088,0.8497,0.8549
bio,dense,standard,2,50,14,0.2992842778563499,0.8726,0.712
bio,dense,standard,2,50,15,0.2922980114817619,0.7703,0.6484
generic,connectome,standard,0,50,1,0.3219041675329208,0.9666,0.408
generic,connectome,standard,0,50,2,0.1539551075547933,0.9753,0.2722
generic,connectome,standard,0,50,3,0.1468477629125118,0.9817,0.1996
generic,connectome,standard,0,50,4,0.1438079144805669,0.9849,0.2222
generic,connectome,standard,0,50,5,0.1284812811762094,0.9818,0.223
generic,connectome,standard,0,50,6,0.1195549674332141,0.9866,0.2017
generic,connectome,standard,0,50,7,0.1134474918246269,0.9811,0.4872
generic,connectome,standard,0,50,8,0.1303609453141689,0.9853,0.3234
generic,connectome,standard,0,50,9,0.1160820540040731,0.9823,0.3576
generic,connectome,standard,4,50,1,0.3848376516252756,0.9612,0.6019
generic,connectome,standard,4,50,2,0.1767060190439224,0.9855,0.2687
generic,connectome,standard,4,50,3,0.1477287415415048,0.9823,0.2496
generic,connectome,standard,4,50,4,0.1315161351114511,0.9788,0.3448
generic,connectome,standard,4,50,5,0.1332609917968511,0.9798,0.2537
generic,connectome,standard,4,50,6,0.1245677378028631,0.9781,0.4502
generic,connectome,standard,4,50,7,0.1285735540091991,0.9839,0.376
generic,connectome,standard,4,50,8,0.1230013959109783,0.983,0.296
generic,connectome,standard,4,50,9,0.1097736928611993,0.9853,0.201
generic,connectome,standard,4,50,10,0.1055015843361616,0.9819,0.2894
generic,connectome,standard,4,50,11,0.1133913729339838,0.9827,0.651
generic,connectome,standard,4,50,12,0.11180408783257,0.9762,0.3661
generic,connectome,standard,4,50,13,0.1002382414415478,0.9843,0.2183
generic,connectome,standard,4,50,14,0.1003346037119627,0.9799,0.2188
generic,connectome,standard,4,50,15,0.1068869421258568,0.9831,0.3059
generic,degree,standard,2,50,1,0.2881375029683113,0.9806,0.4328
generic,degree,standard,2,50,2,0.1547864098101854,0.9738,0.3012
generic,degree,standard,2,50,3,0.2056756030768156,0.9833,0.3039
generic,degree,standard,2,50,4,0.1362360034137964,0.9815,0.1943
generic,degree,standard,2,50,5,0.1387760326266288,0.9746,0.3629
generic,degree,standard,2,50,6,0.1362503677606582,0.9851,0.1987
generic,degree,standard,2,50,7,0.1305907607078552,0.9837,0.2565
generic,degree,standard,2,50,8,0.1277815375477075,0.9794,0.2943
generic,degree,standard,2,50,9,0.1194143425673246,0.9797,0.3378
generic,degree,standard,2,50,10,0.1172658242285251,0.9811,0.3763
generic,random,standard,0,50,1,0.4438431486487388,0.967,0.2912
generic,random,standard,0,50,2,0.1814736291766166,0.9867,0.3604
generic,random,standard,0,50,3,0.1515024047344923,0.978,0.2751
generic,random,standard,0,50,4,0.1330838788300752,0.9859,0.2069
generic,random,standard,0,50,5,0.127718886360526,0.979,0.3776
generic,random,standard,0,50,6,0.1239740405231714,0.9882,0.2092
generic,random,standard,0,50,7,0.1150776721537113,0.9818,0.2889
generic,random,standard,0,50,8,0.1148920033127069,0.9858,0.2834
generic,random,standard,0,50,9,0.1328921571373939,0.9859,0.2094
generic,random,standard,0,50,10,0.1187033778056502,0.9762,0.315
generic,random,standard,4,50,1,0.3445961654186248,0.9693,0.3175
generic,random,standard,4,50,2,0.1547856859862804,0.9646,0.398
generic,random,standard,4,50,3,0.1556029092520475,0.9784,0.435
generic,random,standard,4,50,4,0.1610043987631798,0.9867,0.2782
generic,random,standard,4,50,5,0.1308517213910818,0.9694,0.6401
generic,random,standard,4,50,6,0.1445367135107517,0.98,0.3034
generic,random,standard,4,50,7,0.1347312077879905,0.9834,0.2022
generic,random,standard,4,50,8,0.1183627963066101,0.9829,0.2494
generic,random,standard,4,50,9,0.1118111852556467,0.9828,0.2382
generic,random,standard,4,50,10,0.1062292970716953,0.9801,0.334
generic,random,standard,4,50,11,0.1206627901643514,0.9774,0.5216
generic,random,standard,4,50,12,0.1114529207348823,0.9831,0.3786
generic,random,standard,4,50,13,0.1062746405601501,0.9802,0.2402
generic,spectrum,standard,2,50,1,1.1898432940244674,0.7904,0.8456
generic,spectrum,standard,2,50,2,0.3346700921654701,0.9685,0.5722
generic,spectrum,standard,2,50,3,0.2222343906760215,0.9818,0.4356
generic,spectrum,standard,2,50,4,0.2010089755058288,0.9707,0.328
generic,spectrum,standard,2,50,5,0.1683797746896743,0.9768,0.4023
generic,spectrum,standard,2,50,6,0.1810613945126533,0.9771,0.339
generic,spectrum,standard,2,50,7,0.1741562560200691,0.9738,0.4817
generic,spectrum,standard,2,50,8,0.1741078846156597,0.9792,0.3073
generic,spectrum,standard,2,50,9,0.1799911312758922,0.9783,0.7852
generic,spectrum,standard,2,50,10,0.2253524959087371,0.9804,0.3676
generic,spectrum,standard,2,50,11,0.1920850351452827,0.9826,0.3598
generic,spectrum,standard,2,50,12,0.1892639715224504,0.9776,0.2734
generic,spectrum,standard,2,50,13,0.1921676337718963,0.9753,0.4351
generic,spectrum,standard,2,50,14,0.2114674307405948,0.9799,0.3183
generic,spectrum,standard,2,50,15,0.1845317885279655,0.9804,0.2939
generic,spectrum,standard,2,50,16,0.2132922008633613,0.9815,0.3446
generic,spectrum,standard,2,50,17,0.2899288736283779,0.9843,0.3159
generic,spectrum,standard,2,50,18,0.1993140436708927,0.9849,0.72
generic,dense,standard,0,50,1,0.7096185818314552,0.7672,0.8228
generic,dense,standard,0,50,2,0.3978336036205291,0.9607,0.9937
generic,dense,standard,0,50,3,0.3459898740053176,0.7202,0.8477
generic,dense,standard,0,50,4,0.4159491255879402,0.6455,0.9872
generic,dense,standard,0,50,5,0.3903844490647316,0.9423,1.4993
generic,dense,standard,0,50,6,0.4126656085252762,0.9216,0.8114
generic,dense,standard,0,50,7,0.386963301897049,0.8949,0.7989
generic,dense,standard,0,50,8,0.3163584321737289,0.9372,1.1171
generic,dense,standard,0,50,9,0.3443135797977447,0.9054,0.9224
generic,dense,standard,0,50,10,0.3394824564456939,0.6384,0.6681
generic,dense,standard,0,50,11,0.3533505573868751,0.8981,0.887
generic,dense,standard,0,50,12,0.3449683427810669,0.9182,0.8191
generic,dense,standard,0,50,13,0.3516236782073975,0.6328,0.667
generic,dense,standard,0,50,14,0.348905511200428,0.9167,0.881
generic,dense,standard,0,50,15,0.3414818927645683,0.8832,0.8132
generic,dense,standard,0,50,16,0.3409709885716438,0.6163,0.6581
generic,dense,standard,0,50,17,0.3514712035655975,0.9561,0.8715
generic,dense,standard,0,50,18,0.3453964576125145,0.8877,0.8055
generic,dense,standard,0,50,19,0.3506244108080864,0.6133,0.654
generic,dense,standard,0,50,20,0.3432678416371345,0.8909,0.8671
generic,dense,standard,0,50,21,0.3446818768978119,0.9058,0.8014
generic,dense,standard,0,50,22,0.349234165251255,0.6841,0.6467
generic,dense,standard,0,50,23,0.3453460931777954,0.9145,0.7729
generic,dense,standard,0,50,24,0.316195923089981,0.9114,0.6966
generic,dense,standard,0,50,25,0.3307226791977882,0.6126,0.6431
generic,dense,standard,0,50,26,0.3230242937803268,0.9099,0.7418
generic,dense,standard,0,50,27,0.3178055338561535,0.92,0.6856
generic,dense,standard,0,50,28,0.3161339908838272,0.919,0.5624
generic,dense,standard,0,50,29,0.3754467740654945,0.9287,0.6044
generic,dense,standard,0,50,30,0.3020247772336006,0.9229,0.5637
generic,dense,standard,4,50,1,1.0946546375751496,0.9103,0.5318
generic,dense,standard,4,50,2,0.2648330301046371,0.9522,0.6208
generic,dense,standard,4,50,3,0.2158104486763477,0.9545,0.34
generic,dense,standard,4,50,4,0.2239844292402267,0.9666,0.2861
generic,dense,standard,4,50,5,0.2417922101914882,0.9818,0.2599
generic,dense,standard,4,50,6,0.2442269496619701,0.9592,0.4693
generic,dense,standard,4,50,7,0.199011854827404,0.9742,0.3239
generic,dense,standard,4,50,8,0.2090408720076084,0.9835,0.3958
generic,dense,standard,4,50,9,0.1890020102262496,0.9823,0.3694
generic,dense,standard,4,50,10,0.215793939679861,0.9859,0.4054
generic,dense,standard,4,50,11,0.2630564749240875,0.9848,0.3827
bio,adapter_only,standard,2,50,1,0.3256676822900772,0.9008,0.5725
bio,adapter_only,standard,2,50,2,0.2903936490416526,0.9145,0.5626
bio,adapter_only,standard,2,50,3,0.2699891604483128,0.9244,0.5728
bio,adapter_only,standard,2,50,4,0.2569803141057491,0.9316,0.5745
bio,adapter_only,standard,2,50,5,0.248188766092062,0.9355,0.5553
bio,adapter_only,standard,2,50,6,0.2408355757594108,0.9456,0.5603
bio,adapter_only,standard,2,50,7,0.2340133488178253,0.9462,0.5247
bio,adapter_only,standard,2,50,8,0.2275359727442264,0.9584,0.5109
bio,adapter_only,standard,2,50,9,0.2207093276083469,0.9792,0.5092
bio,adapter_only,standard,2,50,10,0.2140606999397278,0.9731,0.4685
bio,adapter_only,standard,2,50,11,0.2086702592670917,0.9852,0.4837
bio,adapter_only,standard,2,50,12,0.2026866145431995,0.9843,0.4412
bio,adapter_only,standard,2,50,13,0.1973941914737224,0.9855,0.4368
bio,adapter_only,standard,2,50,14,0.1927457772195339,0.9859,0.4236
bio,adapter_only,standard,2,50,15,0.1885499231517315,0.9862,0.4126
bio,adapter_only,standard,2,50,16,0.1847533240914344,0.9863,0.3998
bio,adapter_only,standard,2,50,17,0.1813256554305553,0.9863,0.3874
bio,adapter_only,standard,2,50,18,0.178137444704771,0.9866,0.3798
bio,adapter_only,standard,2,50,19,0.1751728542149067,0.9866,0.3723
bio,adapter_only,standard,2,50,20,0.173096139729023,0.9867,0.3716
bio,adapter_only,standard,2,50,21,0.1701937202364206,0.9868,0.3532
bio,adapter_only,standard,2,50,22,0.1678593277931213,0.987,0.3473
bio,adapter_only,standard,2,50,23,0.1658989630639553,0.9872,0.3425
bio,adapter_only,standard,2,50,24,0.1640479996800422,0.9874,0.34
bio,adapter_only,standard,2,50,25,0.1620787888765335,0.9877,0.3323
bio,adapter_only,standard,2,50,26,0.1603057630360126,0.988,0.3241
bio,adapter_only,standard,2,50,27,0.158743841946125,0.9882,0.319
bio,adapter_only,standard,2,50,28,0.1572394333779811,0.9884,0.3207
bio,adapter_only,standard,2,50,29,0.1557699535042047,0.9888,0.3128
bio,adapter_only,standard,2,50,30,0.1543864145874977,0.9891,0.3078
bio,connectome,standard,2,100,1,0.3287934899330139,0.9636,0.3479
bio,connectome,standard,2,100,2,0.1721432950347662,0.9815,0.2397
bio,connectome,standard,2,100,3,0.1560020249336958,0.9869,0.3469
bio,connectome,standard,2,100,4,0.1489310191944241,0.9855,0.2889
bio,connectome,standard,2,100,5,0.1387417048215866,0.9845,0.2531
bio,connectome,standard,2,100,6,0.1304591676220297,0.9834,0.1941
bio,connectome,standard,2,100,7,0.1315634053200483,0.9839,0.2448
bio,connectome,standard,2,100,8,0.1154158683493733,0.9848,0.1913
bio,connectome,standard,2,100,9,0.1170854080468416,0.9841,0.1772
bio,connectome,standard,2,100,10,0.1151795178651809,0.9843,0.2001
bio,connectome,standard,2,100,11,0.1242240170016884,0.9845,0.2309
bio,connectome,standard,2,100,12,0.1152043792419135,0.9842,0.2077
bio,connectome,standard,2,100,13,0.1243237268179655,0.9822,0.2375
bio,connectome,standard,2,100,14,0.11175267547369,0.9849,0.3137
bio,connectome,standard,2,100,15,0.1096446779556572,0.9798,0.2137
bio,connectome,graded_ln,0,100,1,0.3950354345142841,0.9837,0.4352
bio,connectome,graded_ln,0,100,2,0.1734472524374723,0.9819,0.2769
bio,connectome,graded_ln,0,100,3,0.157019567489624,0.9868,0.3095
bio,connectome,graded_ln,0,100,4,0.1429236507043242,0.9828,0.2551
bio,connectome,graded_ln,0,100,5,0.1349376194179058,0.9854,0.2292
bio,connectome,graded_ln,0,100,6,0.1371608445420861,0.9854,0.2742
bio,connectome,graded_ln,0,100,7,0.1375406021252274,0.9854,0.2835
bio,connectome,graded_ln,0,100,8,0.1283643813803792,0.9858,0.18
bio,connectome,graded_ln,0,100,9,0.122469656728208,0.9876,0.1821
bio,connectome,graded_ln,0,100,10,0.131453712657094,0.9856,0.2818
bio,connectome,graded_ln,0,100,11,0.1264889799058437,0.9842,0.2253
bio,connectome,graded_ln,0,100,12,0.119784440845251,0.9852,0.204
bio,connectome,graded_ln,0,100,13,0.1125937025994062,0.9878,0.2377
bio,connectome,graded_ln,0,100,14,0.1188426800072193,0.9717,0.2864
bio,connectome,graded_ln,4,100,1,0.3575642429292202,0.966,0.3184
bio,connectome,graded_ln,4,100,2,0.1638561982661485,0.9856,0.2097
bio,connectome,graded_ln,4,100,3,0.1548414608463645,0.985,0.382
bio,connectome,graded_ln,4,100,4,0.1534644678235054,0.9863,0.2608
bio,connectome,graded_ln,4,100,5,0.1362783839926123,0.9874,0.1931
bio,connectome,graded_ln,4,100,6,0.1379110492765903,0.9874,0.198
bio,connectome,graded_ln,4,100,7,0.1284686086699366,0.9876,0.2106
bio,connectome,graded_ln,4,100,8,0.1289030162617564,0.9862,0.2086
bio,connectome,graded_ln,4,100,9,0.1331404987722635,0.9877,0.2338
bio,connectome,graded_ln,4,100,10,0.1201377993449568,0.9848,0.1946
bio,connectome,graded_ln,4,100,11,0.1323509525507688,0.9838,0.2139
bio,degree,standard,2,100,1,0.4250534649938345,0.9776,0.2556
bio,degree,standard,2,100,2,0.1793764561414718,0.9832,0.2453
bio,degree,standard,2,100,3,0.1595196221023798,0.9877,0.2602
bio,degree,standard,2,100,4,0.1571296565234661,0.9827,0.417
bio,degree,standard,2,100,5,0.1439673248678445,0.9772,0.2472
bio,degree,standard,2,100,6,0.149086033180356,0.9856,0.204
bio,degree,standard,2,100,7,0.1313743956387043,0.9866,0.1902
bio,degree,standard,2,100,8,0.1237701943144202,0.9865,0.2183
bio,degree,standard,2,100,9,0.1258631747215986,0.9884,0.1939
bio,degree,standard,2,100,10,0.1255261681973934,0.9863,0.1878
bio,degree,standard,2,100,11,0.1134511706419289,0.9853,0.2038
bio,degree,standard,2,100,12,0.1254707908257842,0.9765,0.2496
bio,degree,standard,2,100,13,0.1179044777527451,0.9848,0.1931
bio,degree,standard,2,100,14,0.1133400786668062,0.9847,0.3031
bio,degree,standard,2,100,15,0.1123389078304171,0.9836,0.2028
bio,degree,standard,2,100,16,0.1227672500535845,0.9847,0.1951
bio,degree,graded_ln,0,100,1,0.4237842388451099,0.9682,0.4681
bio,degree,graded_ln,0,100,2,0.1963620819151401,0.9874,0.2932
bio,degree,graded_ln,0,100,3,0.1612184051424265,0.9885,0.2539
bio,degree,graded_ln,0,100,4,0.148573756404221,0.9864,0.2442
bio,degree,graded_ln,0,100,5,0.1391530409455299,0.9867,0.216
bio,degree,graded_ln,0,100,6,0.1448197197169065,0.986,0.218
bio,degree,graded_ln,0,100,7,0.1417540803551674,0.9882,0.2189
bio,degree,graded_ln,0,100,8,0.1380619851872325,0.9879,0.2051
bio,degree,graded_ln,0,100,9,0.1331051921471953,0.9888,0.2108
bio,degree,graded_ln,0,100,10,0.132803875952959,0.9889,0.1846
bio,degree,graded_ln,0,100,11,0.1319085462018847,0.9862,0.225
bio,degree,graded_ln,0,100,12,0.1238707710057497,0.9858,0.2589
bio,degree,graded_ln,0,100,13,0.1326930403709411,0.9861,0.221
bio,degree,graded_ln,0,100,14,0.1202478701248765,0.9846,0.1968
bio,degree,graded_ln,0,100,15,0.1238714454695582,0.9866,0.2043
bio,degree,graded_ln,0,100,16,0.1265027526766061,0.9868,0.2224
bio,degree,graded_ln,4,100,1,0.5818765677511692,0.9614,0.3566
bio,degree,graded_ln,4,100,2,0.1832979153841734,0.9891,0.2905
bio,degree,graded_ln,4,100,3,0.1665682040154933,0.9836,0.2915
bio,degree,graded_ln,4,100,4,0.1481346415355801,0.9857,0.2556
bio,degree,graded_ln,4,100,5,0.14557686727494,0.9878,0.2098
bio,degree,graded_ln,4,100,6,0.1392005397006869,0.9893,0.1842
bio,degree,graded_ln,4,100,7,0.1402664477005601,0.9879,0.269
bio,degree,graded_ln,4,100,8,0.1390903586521744,0.9852,0.1972
bio,degree,graded_ln,4,100,9,0.1280330942943692,0.9869,0.2162
bio,degree,graded_ln,4,100,10,0.124224323220551,0.9872,0.1971
bio,degree,graded_ln,4,100,11,0.1230136081576347,0.9864,0.1841
bio,degree,graded_ln,4,100,12,0.1289959682151675,0.9866,0.1951
bio,degree,graded_ln,4,100,13,0.1219281002879142,0.9856,0.1781
bio,degree,graded_ln,4,100,14,0.1219241969287395,0.9836,0.205
bio,degree,graded_ln,4,100,15,0.1202264424413442,0.9876,0.1948
bio,degree,graded_ln,4,100,16,0.1216977892443537,0.9901,0.1711
bio,degree,graded_ln,4,100,17,0.1142501069232821,0.9881,0.2068
bio,degree,graded_ln,4,100,18,0.1200370069593191,0.9872,0.2092
bio,degree,graded_ln,4,100,19,0.1173839574679732,0.9861,0.2459
bio,degree,graded_ln,4,100,20,0.1159508120268583,0.9866,0.2134
bio,degree,graded_ln,4,100,21,0.1111440431326627,0.9856,0.2
bio,degree,graded_ln,4,100,22,0.1162165496498346,0.9862,0.2291
bio,random,standard,2,100,1,0.2992123086005449,0.9767,0.2474
bio,random,standard,2,100,2,0.1605288760736584,0.9874,0.2028
bio,random,standard,2,100,3,0.1406506722792983,0.9887,0.2616
bio,random,standard,2,100,4,0.1484125230461359,0.9858,0.317
bio,random,standard,2,100,5,0.1425070302560925,0.9868,0.2145
bio,random,standard,2,100,6,0.1335986148566007,0.9846,0.223
bio,random,standard,2,100,7,0.1321567671373486,0.9859,0.1924
bio,random,standard,2,100,8,0.1244385875761509,0.9838,0.2472
bio,random,standard,2,100,9,0.1262390268966555,0.9834,0.2052
bio,random,standard,2,100,10,0.117740766890347,0.9792,0.2302
bio,random,standard,2,100,11,0.1197121033445,0.9848,0.2147
bio,random,standard,2,100,12,0.1147635063156485,0.9814,0.2479
bio,random,standard,2,100,13,0.1275419723242521,0.9834,0.2228
bio,spectrum,standard,0,100,1,0.4435458853840828,0.7842,0.8349
bio,spectrum,standard,0,100,2,0.3248174086213112,0.7612,0.8189
bio,spectrum,standard,0,100,3,0.3271778732538223,0.8277,0.6944
bio,spectrum,standard,0,100,4,0.3308845214545727,0.7598,0.87
bio,spectrum,standard,0,100,5,0.3237726576626301,0.7418,0.669
bio,spectrum,standard,0,100,6,0.3302762888371944,0.8184,0.6267
bio,spectrum,standard,0,100,7,0.3275323323905468,0.7556,0.7261
bio,spectrum,standard,0,100,8,0.3253409221768379,0.7891,0.7237
bio,spectrum,standard,0,100,9,0.3208834387362003,0.7241,0.6745
bio,spectrum,standard,0,100,10,0.3225520521402359,0.7245,0.7306
bio,spectrum,standard,0,100,11,0.3270301155745983,0.8073,0.6334
bio,spectrum,standard,0,100,12,0.324248269200325,0.7147,0.6798
bio,spectrum,standard,4,100,1,0.6151431694626808,0.8328,0.7003
bio,spectrum,standard,4,100,2,0.3382608525454998,0.827,0.7453
bio,spectrum,standard,4,100,3,0.3386481791734695,0.8303,0.6827
bio,spectrum,standard,4,100,4,0.346363066136837,0.8211,0.7591
bio,spectrum,standard,4,100,5,0.342459874600172,0.6901,0.6594
bio,spectrum,standard,4,100,6,0.3436801590025425,0.827,0.7818
bio,spectrum,standard,4,100,7,0.339126493781805,0.8293,0.8704
bio,spectrum,standard,4,100,8,0.3515930972993374,0.8279,0.6559
bio,spectrum,standard,4,100,9,0.3429757416248321,0.8223,0.8244
bio,spectrum,standard,4,100,10,0.3391208611428737,0.8234,0.7306
bio,spectrum,standard,4,100,11,0.3513341009616851,0.8283,0.6723
bio,spectrum,standard,4,100,12,0.3430650368332862,0.822,0.7547
bio,spectrum,standard,4,100,13,0.3468798480927944,0.8295,0.7031
bio,spectrum,standard,4,100,14,0.3398391589522361,0.8275,0.7621
bio,dense,standard,2,100,1,0.7512900248169899,0.7579,0.8083
bio,dense,standard,2,100,2,0.3295063003897667,0.8635,0.678
bio,dense,standard,2,100,3,0.3278662860393524,0.8648,0.7947
bio,dense,standard,2,100,4,0.3097262077033519,0.8827,0.7844
bio,dense,standard,2,100,5,0.3075844638049602,0.9408,0.6124
bio,dense,standard,2,100,6,0.341135835275054,0.9063,1.3537
bio,dense,standard,2,100,7,0.3247201882302761,0.9698,0.4067
bio,dense,standard,2,100,8,0.2745235994458198,0.7668,0.5893
bio,dense,standard,2,100,9,0.3293238010257482,0.9392,0.4218
bio,dense,standard,2,100,10,0.3733349274843931,0.9748,0.3861
bio,dense,standard,2,100,11,0.2920899901539087,0.8991,0.608
bio,dense,standard,2,100,12,0.3453146159648895,0.8373,0.8493
bio,dense,standard,2,100,13,0.2332561427727341,0.9617,0.4202
bio,dense,standard,2,100,14,0.3122712347656488,0.9181,1.847
bio,dense,standard,2,100,15,0.4061901524662971,0.9545,0.3566
bio,dense,standard,2,100,16,0.2698878187686205,0.9764,0.2894
bio,dense,standard,2,100,17,0.3924462486058473,0.8464,0.565
bio,dense,standard,2,100,18,0.3473669819533825,0.9401,0.6076
bio,dense,standard,2,100,19,0.2649084895849228,0.9578,0.3504
bio,dense,standard,2,100,20,0.3258417513221502,0.9426,0.5502
bio,dense,standard,2,100,21,0.2358372639864683,0.9798,0.311
bio,dense,standard,2,100,22,0.342627128213644,0.9038,0.564
generic,connectome,standard,0,100,1,0.2203292468562722,0.9839,0.2935
generic,connectome,standard,0,100,2,0.1710364405065775,0.987,0.2255
generic,connectome,standard,0,100,3,0.1476208912208676,0.9838,0.3558
generic,connectome,standard,0,100,4,0.1184023011475801,0.9793,0.2537
generic,connectome,standard,0,100,5,0.1221314191818237,0.9859,0.1873
generic,connectome,standard,0,100,6,0.1299006247892976,0.9822,0.2209
generic,connectome,standard,0,100,7,0.1265198200009763,0.98,0.2765
generic,connectome,standard,0,100,8,0.1169430661946535,0.9815,0.2336
generic,connectome,standard,0,100,9,0.1094003969803452,0.9853,0.1827
generic,connectome,standard,0,100,10,0.1043120210990309,0.987,0.1902
generic,connectome,standard,0,100,11,0.1107125597074627,0.9815,0.2383
generic,connectome,standard,0,100,12,0.1023420484736561,0.9807,0.2544
generic,connectome,standard,0,100,13,0.1060679316520691,0.9807,0.293
generic,connectome,standard,0,100,14,0.1146732792258262,0.986,0.2517
generic,connectome,standard,0,100,15,0.1048515332862734,0.9858,0.2948
generic,connectome,standard,4,100,1,0.2518866928294301,0.9809,0.2318
generic,connectome,standard,4,100,2,0.1852469291538,0.9858,0.3116
generic,connectome,standard,4,100,3,0.1500664118677377,0.9833,0.4103
generic,connectome,standard,4,100,4,0.1440918918699026,0.9824,0.2021
generic,connectome,standard,4,100,5,0.1165356224402785,0.9896,0.2602
generic,connectome,standard,4,100,6,0.1129816129803657,0.9831,0.2232
generic,connectome,standard,4,100,7,0.1111397620290517,0.9873,0.2637
generic,connectome,standard,4,100,8,0.111941241659224,0.9858,0.1983
generic,connectome,standard,4,100,9,0.1081113159656524,0.9794,0.2061
generic,connectome,standard,4,100,10,0.1188697706907987,0.9843,0.1867
generic,connectome,standard,4,100,11,0.1220741158351302,0.9844,0.2055
generic,connectome,standard,4,100,12,0.1133866753429174,0.9819,0.1987
generic,connectome,standard,4,100,13,0.1125332438386976,0.9861,0.2123
generic,connectome,standard,4,100,14,0.1170530784875154,0.9724,0.4192
generic,connectome,standard,4,100,15,0.1204492405056953,0.9831,0.1935
generic,connectome,standard,4,100,16,0.1119600031524896,0.9847,0.2829
generic,degree,standard,2,100,1,0.3684434792026877,0.9769,0.5373
generic,degree,standard,2,100,2,0.1412796929478645,0.983,0.2071
generic,degree,standard,2,100,3,0.1310642695054412,0.9821,0.3081
generic,degree,standard,2,100,4,0.1387233635410666,0.9855,0.3779
generic,degree,standard,2,100,5,0.1249058512970805,0.9837,0.2891
generic,degree,standard,2,100,6,0.1142548071220517,0.984,0.2217
generic,degree,standard,2,100,7,0.111263258010149,0.9837,0.1904
generic,degree,standard,2,100,8,0.1050532311201095,0.983,0.1938
generic,degree,standard,2,100,9,0.1081057893112301,0.9837,0.2054
generic,degree,standard,2,100,10,0.1324283297173679,0.9835,0.2001
generic,degree,standard,2,100,11,0.131532297283411,0.9809,0.3126
generic,degree,standard,2,100,12,0.107860189769417,0.9832,0.2207
generic,degree,standard,2,100,13,0.121155777387321,0.986,0.2196
generic,random,standard,0,100,1,0.3160331254824996,0.9829,0.2417
generic,random,standard,0,100,2,0.1576285324990749,0.9866,0.1983
generic,random,standard,0,100,3,0.1442606389522552,0.9844,0.3386
generic,random,standard,0,100,4,0.125616442784667,0.9836,0.2108
generic,random,standard,0,100,5,0.1251615062355995,0.9873,0.265
generic,random,standard,0,100,6,0.121327456459403,0.9836,0.2169
generic,random,standard,0,100,7,0.1170536957681179,0.9799,0.304
generic,random,standard,0,100,8,0.1232984593138098,0.9834,0.2072
generic,random,standard,4,100,1,0.3440953120589256,0.981,0.392
generic,random,standard,4,100,2,0.169873546436429,0.9866,0.2036
generic,random,standard,4,100,3,0.1351090556010604,0.9767,0.4397
generic,random,standard,4,100,4,0.1256690641865134,0.9863,0.1995
generic,random,standard,4,100,5,0.1240980129688978,0.9839,0.2981
generic,random,standard,4,100,6,0.1244204990565776,0.9831,0.3142
generic,random,standard,4,100,7,0.1125052332878112,0.9853,0.2148
generic,random,standard,4,100,8,0.1212096836417913,0.9852,0.1952
generic,random,standard,4,100,9,0.1098268160596489,0.9876,0.1794
generic,random,standard,4,100,10,0.1076881170272827,0.9828,0.1915
generic,random,standard,4,100,11,0.1112573830410838,0.9835,0.1997
generic,random,standard,4,100,12,0.1039923534728586,0.9838,0.1906
generic,random,standard,4,100,13,0.1128267239779234,0.9832,0.1841
generic,random,standard,4,100,14,0.1078783895820379,0.9788,0.2713
generic,random,standard,4,100,15,0.1073994867503643,0.9833,0.2626
generic,spectrum,standard,2,100,1,1.1464773759245872,0.9547,0.6855
generic,spectrum,standard,2,100,2,0.3464933518320322,0.943,0.5717
generic,spectrum,standard,2,100,3,0.3883441910147667,0.8726,0.6398
generic,spectrum,standard,2,100,4,0.3345707055181265,0.9148,0.7548
generic,spectrum,standard,2,100,5,0.7082335617393255,0.8764,1.2144
generic,spectrum,standard,2,100,6,0.663999968022108,0.8539,0.6557
generic,spectrum,standard,2,100,7,0.3342149071395397,0.8515,0.7944
generic,spectrum,standard,2,100,8,0.3439448870718479,0.69,0.7793
generic,dense,standard,0,100,1,0.5433645859360695,0.949,0.8269
generic,dense,standard,0,100,2,0.3496190398931503,0.7268,0.7238
generic,dense,standard,0,100,3,0.3583726458251476,0.9395,1.6381
generic,dense,standard,0,100,4,0.5115998923778534,0.9177,0.6515
generic,dense,standard,0,100,5,0.323147552460432,0.9035,0.5658
generic,dense,standard,0,100,6,0.3250072006136179,0.6827,0.671
generic,dense,standard,0,100,7,0.3336489602923393,0.9632,0.6668
generic,dense,standard,0,100,8,0.4194825157523155,0.9139,0.7011
generic,dense,standard,0,100,9,0.3248972829431295,0.9342,0.539
generic,dense,standard,0,100,10,0.3013419955968857,0.7144,0.6272
generic,dense,standard,0,100,11,0.316747023910284,0.9582,0.5895
generic,dense,standard,0,100,12,0.3767945632338524,0.9525,0.5112
generic,dense,standard,0,100,13,0.2956394866108894,0.917,0.5084
generic,dense,standard,0,100,14,0.3160527892410755,0.9555,0.5258
generic,dense,standard,0,100,15,0.3372432682663202,0.9557,1.3871
generic,dense,standard,0,100,16,0.4306297190487385,0.9042,0.5235
generic,dense,standard,0,100,17,0.3000368598848581,0.9302,0.6147
generic,dense,standard,0,100,18,0.3243178531527519,0.9451,0.7492
generic,dense,standard,0,100,19,0.3230408381670713,0.9507,0.515
generic,dense,standard,4,100,1,0.7413476910442114,0.9257,1.315
generic,dense,standard,4,100,2,0.4388498559594154,0.9319,0.6279
generic,dense,standard,4,100,3,0.3250203102827072,0.9717,0.2679
generic,dense,standard,4,100,4,0.4343383133411407,0.9788,0.3794
generic,dense,standard,4,100,5,0.3817561436444521,0.9227,0.425
generic,dense,standard,4,100,6,0.2861014101654291,0.9767,0.2368
generic,dense,standard,4,100,7,0.2199705148115754,0.9825,1.4194
generic,dense,standard,4,100,8,0.2945729108527303,0.9844,0.22
generic,dense,standard,4,100,9,0.417202603071928,0.9074,1.1594
generic,dense,standard,4,100,10,0.5171664107590914,0.9687,0.3089
generic,dense,standard,4,100,11,0.2601546455174685,0.7865,0.6366
generic,dense,standard,4,100,12,0.3420143365859985,0.8664,0.8329
generic,dense,standard,4,100,13,0.3451930105686188,0.9491,0.7902
generic,dense,standard,4,100,14,0.4044866979122162,0.8962,1.3085
bio,adapter_only,standard,2,100,1,0.32059106528759,0.919,0.5692
bio,adapter_only,standard,2,100,2,0.275036122277379,0.9322,0.5643
bio,adapter_only,standard,2,100,3,0.2564357168972492,0.9481,0.5645
bio,adapter_only,standard,2,100,4,0.2424669332802295,0.9676,0.5354
bio,adapter_only,standard,2,100,5,0.2290277808904647,0.9775,0.487
bio,adapter_only,standard,2,100,6,0.2160728190094232,0.9833,0.449
bio,adapter_only,standard,2,100,7,0.2047387894243001,0.9855,0.4218
bio,adapter_only,standard,2,100,8,0.195519308373332,0.9867,0.4076
bio,adapter_only,standard,2,100,9,0.188035099953413,0.9869,0.3856
bio,adapter_only,standard,2,100,10,0.1814405970275402,0.9874,0.3582
bio,adapter_only,standard,2,100,11,0.1761076122522354,0.9877,0.3478
bio,adapter_only,standard,2,100,12,0.1719929978251457,0.988,0.3423
bio,adapter_only,standard,2,100,13,0.1677384179085493,0.9887,0.3228
bio,adapter_only,standard,2,100,14,0.1642493963241577,0.9891,0.3262
bio,adapter_only,standard,2,100,15,0.1611533978953957,0.9892,0.3015
bio,adapter_only,standard,2,100,16,0.1583540549501776,0.9893,0.2926
bio,adapter_only,standard,2,100,17,0.1560416724532842,0.9893,0.2933
bio,adapter_only,standard,2,100,18,0.1537014737725258,0.9895,0.2781
bio,adapter_only,standard,2,100,19,0.1517042687162756,0.9897,0.2771
bio,adapter_only,standard,2,100,20,0.1495797952637076,0.9897,0.2689
bio,adapter_only,standard,2,100,21,0.1480543287470936,0.9897,0.2718
bio,adapter_only,standard,2,100,22,0.1462978573516011,0.9897,0.2691
bio,adapter_only,standard,2,100,23,0.1447840893641114,0.9897,0.2614
bio,adapter_only,standard,2,100,24,0.1432833740487694,0.9897,0.2605
bio,adapter_only,standard,2,100,25,0.1422438666224479,0.9896,0.2577
bio,adapter_only,standard,2,100,26,0.1409595552831888,0.9895,0.2556
bio,adapter_only,standard,2,100,27,0.1401545202359557,0.9893,0.2576
bio,adapter_only,standard,2,100,28,0.1388376325368881,0.9892,0.2436
bio,adapter_only,standard,2,100,29,0.1380055820569396,0.9893,0.2451
bio,adapter_only,standard,2,100,30,0.137134875357151,0.9893,0.2486
bio,connectome,standard,3,5,1,0.5705947130918503,0.7108,2.5119
bio,connectome,standard,3,5,2,1.0450687408447266,0.8527,2.4101
bio,connectome,standard,3,5,3,0.6811450123786926,0.8652,1.7726
bio,connectome,standard,3,5,4,0.3911686763167381,0.8208,1.0855
bio,connectome,standard,3,5,5,0.666540801525116,0.8602,0.7493
bio,connectome,standard,3,5,6,0.2924337014555931,0.9359,0.7873
bio,connectome,standard,3,5,7,0.2348518595099449,0.9708,0.5018
bio,connectome,standard,3,5,8,0.2240161672234535,0.8854,0.6327
bio,connectome,standard,3,5,9,0.2418490573763847,0.9696,0.5583
bio,connectome,standard,3,5,10,0.1749398037791252,0.9712,0.4893
bio,connectome,standard,3,5,11,0.1482618227601051,0.9529,0.4018
bio,connectome,standard,3,5,12,0.1574410498142242,0.9741,0.3882
bio,connectome,standard,3,5,13,0.1354548707604408,0.9782,0.3816
bio,connectome,standard,3,5,14,0.1267977878451347,0.9711,0.3111
bio,connectome,standard,3,5,15,0.1241828203201294,0.9813,0.3641
bio,connectome,standard,3,5,16,0.1293640956282615,0.9812,0.3122
bio,connectome,standard,3,5,17,0.1162882596254348,0.9789,0.2625
bio,connectome,standard,3,5,18,0.1244437396526336,0.9852,0.305
bio,connectome,standard,3,5,19,0.1152496710419654,0.9844,0.2245
bio,connectome,standard,3,5,20,0.1037455387413501,0.9877,0.2499
bio,connectome,standard,3,5,21,0.0967183709144592,0.985,0.2323
bio,connectome,standard,3,5,22,0.0977926552295684,0.984,0.2313
bio,connectome,standard,3,5,23,0.1054071523249149,0.9832,0.2174
bio,connectome,standard,3,5,24,0.0967325717210769,0.9846,0.3582
bio,connectome,standard,3,5,25,0.0964635089039802,0.9839,0.2119
bio,connectome,standard,3,5,26,0.0962370708584785,0.9849,0.3076
bio,connectome,standard,3,5,27,0.1027668565511703,0.9854,0.2495
bio,connectome,standard,3,5,28,0.1016602255403995,0.9855,0.2336
bio,connectome,standard,3,5,29,0.0919928178191185,0.985,0.2202
bio,connectome,standard,3,5,30,0.0824234969913959,0.9831,0.3373
bio,connectome,graded_ln,1,5,1,0.6494458317756653,0.6537,4.8452
bio,connectome,graded_ln,1,5,2,3.7568403482437134,0.7431,1.0249
bio,connectome,graded_ln,1,5,3,1.0420694947242737,0.8442,2.5586
bio,connectome,graded_ln,1,5,4,0.9799202382564544,0.9387,0.5828
bio,connectome,graded_ln,1,5,5,0.4201208502054214,0.9407,0.5672
bio,connectome,graded_ln,1,5,6,0.3297064304351806,0.9303,0.6722
bio,connectome,graded_ln,1,5,7,0.3301531225442886,0.8978,0.545
bio,connectome,graded_ln,1,5,8,0.3807825744152069,0.954,0.4604
bio,connectome,graded_ln,1,5,9,0.3430517390370369,0.9472,0.8365
bio,connectome,graded_ln,1,5,10,0.3741872757673263,0.9535,0.4007
bio,connectome,graded_ln,1,5,11,0.2615602761507034,0.9652,0.3665
bio,connectome,graded_ln,1,5,12,0.2428661957383155,0.9708,0.4784
bio,connectome,graded_ln,1,5,13,0.2431960105895996,0.9597,0.3435
bio,connectome,graded_ln,1,5,14,0.2639185637235641,0.9659,0.3196
bio,connectome,graded_ln,1,5,15,0.2204819098114967,0.9803,0.4058
bio,connectome,graded_ln,1,5,16,0.2217710316181183,0.9683,0.3034
bio,connectome,graded_ln,1,5,17,0.2367677092552185,0.9732,0.2836
bio,connectome,graded_ln,1,5,18,0.2012823596596717,0.985,0.3634
bio,connectome,graded_ln,1,5,19,0.2050399631261825,0.9742,0.2736
bio,connectome,graded_ln,1,5,20,0.212101437151432,0.9785,0.2626
bio,connectome,graded_ln,1,5,21,0.204801931977272,0.986,0.3889
bio,connectome,graded_ln,1,5,22,0.2201370969414711,0.9814,0.2553
bio,connectome,graded_ln,1,5,23,0.1875510811805725,0.9781,0.2561
bio,connectome,graded_ln,1,5,24,0.1774484291672706,0.9864,0.3245
bio,connectome,graded_ln,1,5,25,0.2016724050045013,0.9841,0.2462
bio,connectome,graded_ln,1,5,26,0.1694525331258773,0.9793,0.2442
bio,connectome,graded_ln,1,5,27,0.1712077260017395,0.9865,0.2806
bio,connectome,graded_ln,1,5,28,0.1662213280797004,0.9723,0.2913
bio,connectome,graded_ln,1,5,29,0.227585032582283,0.9842,0.2272
bio,connectome,graded_ln,1,5,30,0.1692566126585006,0.9873,0.2801
bio,connectome,graded_ln,5,5,1,0.7809765934944153,0.8546,1.7388
bio,connectome,graded_ln,5,5,2,1.243678629398346,0.6988,1.5104
bio,connectome,graded_ln,5,5,3,0.8003610372543335,0.8384,2.1814
bio,connectome,graded_ln,5,5,4,0.5326275527477264,0.7858,0.6795
bio,connectome,graded_ln,5,5,5,0.4551135897636413,0.8236,0.6223
bio,connectome,graded_ln,5,5,6,0.3028952926397323,0.8998,0.7638
bio,connectome,graded_ln,5,5,7,0.2597679793834686,0.9773,0.521
bio,connectome,graded_ln,5,5,8,0.2355389893054962,0.9752,0.5059
bio,connectome,graded_ln,5,5,9,0.2181188389658928,0.979,0.488
bio,connectome,graded_ln,5,5,10,0.1962072998285293,0.9535,0.4003
bio,connectome,graded_ln,5,5,11,0.1764324605464935,0.9841,0.4213
bio,connectome,graded_ln,5,5,12,0.1761365383863449,0.9742,0.3005
bio,connectome,graded_ln,5,5,13,0.1688436195254326,0.9875,0.3564
bio,connectome,graded_ln,5,5,14,0.1784409657120704,0.9692,0.2754
bio,connectome,graded_ln,5,5,15,0.1487700939178466,0.9884,0.3489
bio,connectome,graded_ln,5,5,16,0.1496859565377235,0.9747,0.2485
bio,connectome,graded_ln,5,5,17,0.181661732494831,0.9816,0.2226
bio,connectome,graded_ln,5,5,18,0.1645940020680427,0.9863,0.4263
bio,connectome,graded_ln,5,5,19,0.177741315215826,0.9849,0.2182
bio,connectome,graded_ln,5,5,20,0.1460422202944755,0.9809,0.2218
bio,connectome,graded_ln,5,5,21,0.1479216888546943,0.988,0.2804
bio,connectome,graded_ln,5,5,22,0.1355733200907707,0.9838,0.2203
bio,connectome,graded_ln,5,5,23,0.1278964132070541,0.9873,0.2545
bio,connectome,graded_ln,5,5,24,0.1270879954099655,0.9855,0.2217
bio,connectome,graded_ln,5,5,25,0.1192200258374214,0.9848,0.2147
bio,connectome,graded_ln,5,5,26,0.1200098320841789,0.9883,0.3028
bio,connectome,graded_ln,5,5,27,0.144872348755598,0.9855,0.2196
bio,connectome,graded_ln,5,5,28,0.153823621571064,0.976,0.2423
bio,connectome,graded_ln,5,5,29,0.1299444548785686,0.9896,0.3573
bio,connectome,graded_ln,5,5,30,0.1609493568539619,0.9891,0.2774
bio,degree,standard,3,5,1,0.7535480856895447,0.8421,1.8799
bio,degree,standard,3,5,2,1.482507362961769,0.6944,3.5445
bio,degree,standard,3,5,3,1.711862027645111,0.8655,1.0186
bio,degree,standard,3,5,4,0.361839696764946,0.8701,1.097
bio,degree,standard,3,5,5,0.2960421591997146,0.9043,0.5434
bio,degree,standard,3,5,6,0.2411839887499809,0.9227,0.8249
bio,degree,standard,3,5,7,0.2535402476787567,0.9484,0.592
bio,degree,standard,3,5,8,0.2344168052077293,0.8824,0.5767
bio,degree,standard,3,5,9,0.2358637452125549,0.9583,0.5128
bio,degree,standard,3,5,10,0.1758490055799484,0.9629,0.4466
bio,degree,standard,3,5,11,0.1525125652551651,0.9696,0.466
bio,degree,standard,3,5,12,0.1631735563278198,0.9731,0.4126
bio,degree,standard,3,5,13,0.1962455213069915,0.9403,0.4625
bio,degree,standard,3,5,14,0.189150582998991,0.9709,0.4269
bio,degree,standard,3,5,15,0.147375226020813,0.9787,0.3485
bio,degree,standard,3,5,16,0.1663798391819,0.9658,0.34
bio,degree,standard,3,5,17,0.14486825466156,0.9732,0.4027
bio,degree,standard,3,5,18,0.1368373557925224,0.9773,0.3126
bio,degree,standard,3,5,19,0.1246216893196106,0.9756,0.3068
bio,degree,standard,3,5,20,0.1201440431177616,0.98,0.3745
bio,degree,standard,3,5,21,0.10799116268754,0.9737,0.3135
bio,degree,standard,3,5,22,0.1198119781911373,0.9805,0.3427
bio,degree,standard,3,5,23,0.1004017107188701,0.9721,0.313
bio,degree,standard,3,5,24,0.1078187525272369,0.9799,0.3662
bio,degree,standard,3,5,25,0.1052993088960647,0.9795,0.2957
bio,degree,standard,3,5,26,0.1009268499910831,0.9783,0.2953
bio,degree,standard,3,5,27,0.1074655130505561,0.9792,0.4486
bio,degree,standard,3,5,28,0.1187575832009315,0.9786,0.2788
bio,degree,standard,3,5,29,0.1095792651176452,0.9812,0.3058
bio,degree,standard,3,5,30,0.0963646732270717,0.9779,0.3353
bio,degree,graded_ln,1,5,1,1.279877930879593,0.6559,3.9379
bio,degree,graded_ln,1,5,2,2.3011377453804016,0.844,3.2026
bio,degree,graded_ln,1,5,3,1.3643862009048462,0.8514,2.1529
bio,degree,graded_ln,1,5,4,0.7188151180744171,0.712,1.6143
bio,degree,graded_ln,1,5,5,1.4802500009536743,0.7374,1.1134
bio,degree,graded_ln,1,5,6,0.6208365261554718,0.8728,0.9906
bio,degree,graded_ln,1,5,7,0.4478856325149536,0.9673,0.5153
bio,degree,graded_ln,1,5,8,0.3530547022819519,0.9611,0.5083
bio,degree,graded_ln,1,5,9,0.3266297876834869,0.9434,0.5907
bio,degree,graded_ln,1,5,10,0.3057723045349121,0.9544,0.4423
bio,degree,graded_ln,1,5,11,0.2680128067731857,0.9654,0.434
bio,degree,graded_ln,1,5,12,0.2587707564234733,0.9634,0.4054
bio,degree,graded_ln,1,5,13,0.3165178000926971,0.9538,0.7151
bio,degree,graded_ln,1,5,14,0.2895013839006424,0.9217,0.5598
bio,degree,graded_ln,1,5,15,0.4977065175771713,0.9335,0.4709
bio,degree,graded_ln,1,5,16,0.3260206654667854,0.9634,0.4578
bio,degree,graded_ln,1,5,17,0.2696789875626564,0.9792,0.3049
bio,degree,graded_ln,1,5,18,0.2354662269353866,0.9573,0.3544
bio,degree,graded_ln,1,5,19,0.232447400689125,0.979,0.3929
bio,degree,graded_ln,1,5,20,0.2264191806316375,0.9754,0.3091
bio,degree,graded_ln,1,5,21,0.1871239393949508,0.9734,0.3042
bio,degree,graded_ln,1,5,22,0.1845863163471222,0.981,0.3006
bio,degree,graded_ln,1,5,23,0.1763372346758842,0.9799,0.2674
bio,degree,graded_ln,1,5,24,0.1734955161809921,0.9863,0.3504
bio,degree,graded_ln,1,5,25,0.194017544388771,0.9614,0.3912
bio,degree,graded_ln,1,5,26,0.3336250483989715,0.9851,0.2182
bio,degree,graded_ln,1,5,27,0.1955427601933479,0.9828,0.3857
bio,degree,graded_ln,1,5,28,0.1991809085011482,0.9551,0.3944
bio,degree,graded_ln,1,5,29,0.3754260540008545,0.9715,0.2844
bio,degree,graded_ln,1,5,30,0.2096727713942527,0.9849,0.364
bio,degree,graded_ln,5,5,1,0.8629096448421478,0.8552,0.9849
bio,degree,graded_ln,5,5,2,1.7499194741249084,0.652,4.4737
bio,degree,graded_ln,5,5,3,2.0386152863502502,0.8326,2.5714
bio,degree,graded_ln,5,5,4,0.7920878827571869,0.8367,2.1467
bio,degree,graded_ln,5,5,5,0.4869670122861862,0.7237,0.8669
bio,degree,graded_ln,5,5,6,0.6763888597488403,0.6964,1.1177
bio,degree,graded_ln,5,5,7,0.5776589661836624,0.8571,0.8497
bio,degree,graded_ln,5,5,8,0.3274530619382858,0.8579,0.924
bio,degree,graded_ln,5,5,9,0.2908158898353576,0.8867,0.5944
bio,degree,graded_ln,5,5,10,0.321836918592453,0.9498,0.5675
bio,degree,graded_ln,5,5,11,0.2693888545036316,0.9036,0.7242
bio,degree,graded_ln,5,5,12,0.2650456130504608,0.9435,0.5989
bio,degree,graded_ln,5,5,13,0.2212399989366531,0.9381,0.4418
bio,degree,graded_ln,5,5,14,0.2332020923495292,0.9806,0.4022
bio,degree,graded_ln,5,5,15,0.1858235970139503,0.98,0.3713
bio,degree,graded_ln,5,5,16,0.1626911014318466,0.9828,0.3984
bio,degree,graded_ln,5,5,17,0.1586354598402977,0.9827,0.3271
bio,degree,graded_ln,5,5,18,0.1440624520182609,0.9361,0.4826
bio,degree,graded_ln,5,5,19,0.3005987182259559,0.9882,0.2633
bio,degree,graded_ln,5,5,20,0.1596621125936508,0.9885,0.2327
bio,degree,graded_ln,5,5,21,0.138236679136753,0.984,0.2225
bio,degree,graded_ln,5,5,22,0.1436034142971038,0.9855,0.3773
bio,degree,graded_ln,5,5,23,0.169124387204647,0.9827,0.2122
bio,degree,graded_ln,5,5,24,0.1486662775278091,0.9855,0.2334
bio,degree,graded_ln,5,5,25,0.1452461183071136,0.9864,0.2729
bio,degree,graded_ln,5,5,26,0.1482856757938861,0.9767,0.2269
bio,degree,graded_ln,5,5,27,0.1446883156895637,0.9867,0.2654
bio,degree,graded_ln,5,5,28,0.1389226466417312,0.9832,0.2139
bio,degree,graded_ln,5,5,29,0.1245227605104446,0.9879,0.2754
bio,random,standard,3,5,1,0.5276046097278595,0.8289,2.9764
bio,random,standard,3,5,2,0.6460487842559814,0.9054,0.6414
bio,random,standard,3,5,3,0.311849296092987,0.9557,0.5841
bio,random,standard,3,5,4,0.2590964287519455,0.8861,0.9585
bio,random,standard,3,5,5,0.2614093124866485,0.9217,0.5185
bio,random,standard,3,5,6,0.2662526071071625,0.936,0.4843
bio,random,standard,3,5,7,0.2124167159199714,0.9411,0.6245
bio,random,standard,3,5,8,0.1954487338662147,0.9725,0.4258
bio,random,standard,3,5,9,0.1704916059970855,0.9717,0.4315
bio,random,standard,3,5,10,0.1510385498404503,0.9778,0.3869
bio,random,standard,3,5,11,0.1350370869040489,0.9746,0.3316
bio,random,standard,3,5,12,0.1476062089204788,0.9811,0.3614
bio,random,standard,3,5,13,0.1690801978111267,0.9589,0.3741
bio,random,standard,3,5,14,0.157532263547182,0.9797,0.4709
bio,random,standard,3,5,15,0.1389527693390846,0.9774,0.2688
bio,random,standard,3,5,16,0.1364694498479366,0.9824,0.2682
bio,random,standard,3,5,17,0.1302964575588703,0.9827,0.4058
bio,random,standard,3,5,18,0.1284264177083969,0.9806,0.2411
bio,random,standard,3,5,19,0.1151718571782112,0.9839,0.3532
bio,random,standard,3,5,20,0.1060955934226512,0.9777,0.248
bio,random,standard,3,5,21,0.1215486526489257,0.9845,0.2992
bio,random,standard,3,5,22,0.1111789643764495,0.9842,0.2652
bio,random,standard,3,5,23,0.0954539477825164,0.9798,0.235
bio,random,standard,3,5,24,0.1032875888049602,0.9835,0.3469
bio,random,standard,3,5,25,0.1053037010133266,0.9831,0.2263
bio,random,standard,3,5,26,0.0992535650730133,0.9841,0.2639
bio,random,standard,3,5,27,0.0931869708001613,0.984,0.2691
bio,random,standard,3,5,28,0.0913680754601955,0.9837,0.2209
bio,random,standard,3,5,29,0.0937752947211265,0.9841,0.2882
bio,random,standard,3,5,30,0.1023616306483745,0.9842,0.2591
bio,spectrum,standard,1,5,1,1.713664948940277,0.7125,3.4554
bio,spectrum,standard,1,5,2,3.13786256313324,0.7672,3.7732
bio,spectrum,standard,1,5,3,2.107636392116546,0.8153,3.0242
bio,spectrum,standard,1,5,4,1.161637932062149,0.834,1.9529
bio,spectrum,standard,1,5,5,0.7955164015293121,0.7736,0.8921
bio,spectrum,standard,1,5,6,0.5024996995925903,0.6681,0.8747
bio,spectrum,standard,1,5,7,0.7500859797000885,0.6621,0.9247
bio,spectrum,standard,1,5,8,0.6942875683307648,0.671,0.6993
bio,spectrum,standard,1,5,9,0.4540532976388931,0.7576,0.9609
bio,spectrum,standard,1,5,10,0.5121014416217804,0.7467,1.1688
bio,spectrum,standard,1,5,11,0.5455131828784943,0.77,0.931
bio,spectrum,standard,1,5,12,0.4431930631399154,0.6716,0.6854
bio,spectrum,standard,1,5,13,0.4875414967536926,0.6592,0.7517
bio,spectrum,standard,1,5,14,0.5655422508716583,0.6634,0.6937
bio,spectrum,standard,1,5,15,0.456612080335617,0.7823,0.8069
bio,spectrum,standard,1,5,16,0.4474473893642425,0.7735,0.9602
bio,spectrum,standard,1,5,17,0.4743902832269668,0.7719,0.8227
bio,spectrum,standard,1,5,18,0.4349820911884308,0.7768,0.6862
bio,spectrum,standard,5,5,1,1.0790623426437378,0.8122,5.3063
bio,spectrum,standard,5,5,2,1.5856903791427612,0.7157,3.6292
bio,spectrum,standard,5,5,3,2.070247530937195,0.7832,2.2765
bio,spectrum,standard,5,5,4,0.5617374330759048,0.7863,0.9945
bio,spectrum,standard,5,5,5,0.3178519159555435,0.8244,0.9528
bio,spectrum,standard,5,5,6,0.5793855786323547,0.7044,1.3388
bio,spectrum,standard,5,5,7,0.7584807276725769,0.8104,1.2826
bio,spectrum,standard,5,5,8,0.3743010014295578,0.7542,0.8837
bio,spectrum,standard,5,5,9,0.3528021425008774,0.729,0.6943
bio,spectrum,standard,5,5,10,0.3120977133512497,0.7918,0.677
bio,spectrum,standard,5,5,11,0.3195232152938843,0.8313,1.3378
bio,spectrum,standard,5,5,12,0.4149311929941177,0.8336,0.837
bio,spectrum,standard,5,5,13,0.3176726102828979,0.822,0.6935
bio,spectrum,standard,5,5,14,0.3030470460653305,0.8218,0.8542
bio,spectrum,standard,5,5,15,0.3114151060581207,0.8266,0.9987
bio,spectrum,standard,5,5,16,0.3159772604703903,0.8326,0.8645
bio,dense,standard,3,5,1,0.7946531623601913,0.8382,2.2412
bio,dense,standard,3,5,2,1.0329731702804563,0.762,3.5129
bio,dense,standard,3,5,3,1.3040445148944857,0.7968,2.683
bio,dense,standard,3,5,4,0.5952538251876831,0.7331,1.4446
bio,dense,standard,3,5,5,0.622909352183342,0.6767,0.7031
bio,dense,standard,3,5,6,0.313719168305397,0.7556,0.8386
bio,dense,standard,3,5,7,0.3494454026222229,0.6466,0.8667
bio,dense,standard,3,5,8,0.3933436274528503,0.7564,1.3843
bio,dense,standard,3,5,9,0.4375466406345367,0.7521,1.7221
bio,dense,standard,3,5,10,0.4281493127346039,0.773,1.0987
bio,dense,standard,3,5,11,0.3137090355157852,0.7874,0.7354
generic,connectome,standard,1,5,1,0.4736019372940063,0.9723,1.5552
generic,connectome,standard,1,5,2,0.6678757965564728,0.9286,0.7422
generic,connectome,standard,1,5,3,0.4793763160705566,0.968,0.4899
generic,connectome,standard,1,5,4,0.2594296634197235,0.9813,0.3659
generic,connectome,standard,1,5,5,0.2783662378787994,0.9628,0.3489
generic,connectome,standard,1,5,6,0.2364277616143226,0.9796,0.5245
generic,connectome,standard,1,5,7,0.2210508659482002,0.9744,0.2739
generic,connectome,standard,1,5,8,0.176695816218853,0.9778,0.4605
generic,connectome,standard,1,5,9,0.1962944343686103,0.971,0.2731
generic,connectome,standard,1,5,10,0.190438725054264,0.9763,0.2752
generic,connectome,standard,1,5,11,0.1950963959097862,0.98,0.5788
generic,connectome,standard,1,5,12,0.2465736269950866,0.9703,0.3022
generic,connectome,standard,1,5,13,0.2066671848297119,0.9783,0.2515
generic,connectome,standard,1,5,14,0.1740109845995903,0.984,0.3448
generic,connectome,standard,1,5,15,0.1443903557956218,0.9717,0.2602
generic,connectome,standard,1,5,16,0.1717052161693573,0.976,0.2891
generic,connectome,standard,1,5,17,0.137191254645586,0.9823,0.2743
generic,connectome,standard,1,5,18,0.144925870001316,0.9758,0.2789
generic,connectome,standard,1,5,19,0.1524922922253608,0.9806,0.2751
generic,connectome,standard,5,5,1,0.6195251494646072,0.9695,1.3429
generic,connectome,standard,5,5,2,0.482387825846672,0.9222,0.7968
generic,connectome,standard,5,5,3,0.3106066510081291,0.9843,0.7642
generic,connectome,standard,5,5,4,0.2654235064983368,0.9342,0.4562
generic,connectome,standard,5,5,5,0.2537938505411148,0.9755,0.328
generic,connectome,standard,5,5,6,0.1415913328528404,0.9761,0.3302
generic,connectome,standard,5,5,7,0.1386028230190277,0.9614,0.3328
generic,connectome,standard,5,5,8,0.1399086527526378,0.9776,0.3204
generic,connectome,standard,5,5,9,0.1124512292444706,0.9815,0.2346
generic,connectome,standard,5,5,10,0.1281670443713665,0.9848,0.2464
generic,connectome,standard,5,5,11,0.1073307134211063,0.9792,0.232
generic,connectome,standard,5,5,12,0.1020570695400238,0.9816,0.3279
generic,connectome,standard,5,5,13,0.104964330792427,0.9775,0.2244
generic,connectome,standard,5,5,14,0.1156169399619102,0.9824,0.2284
generic,connectome,standard,5,5,15,0.0904731191694736,0.9795,0.2174
generic,connectome,standard,5,5,16,0.0910844095051288,0.9808,0.2729
generic,connectome,standard,5,5,17,0.083302192389965,0.9731,0.2814
generic,connectome,standard,5,5,18,0.0953103974461555,0.978,0.3253
generic,connectome,standard,5,5,19,0.0894422829151153,0.9807,0.2194
generic,connectome,standard,5,5,20,0.0769594348967075,0.9804,0.2385
generic,connectome,standard,5,5,21,0.0706265047192573,0.9777,0.2655
generic,degree,standard,3,5,1,0.5465048998594284,0.9667,1.516
generic,degree,standard,3,5,2,0.393954262137413,0.9279,0.7112
generic,degree,standard,3,5,3,0.2707707956433296,0.9817,0.5143
generic,degree,standard,3,5,4,0.2255962342023849,0.9632,0.3928
generic,degree,standard,3,5,5,0.1935740411281585,0.9747,0.6711
generic,degree,standard,3,5,6,0.144781693816185,0.9438,0.4121
generic,degree,standard,3,5,7,0.181158535182476,0.9457,0.628
generic,degree,standard,3,5,8,0.14845822006464,0.9805,0.3837
generic,degree,standard,3,5,9,0.1459980905055999,0.9644,0.3138
generic,degree,standard,3,5,10,0.1516642570495605,0.976,0.5153
generic,degree,standard,3,5,11,0.14725411683321,0.9845,0.4201
generic,degree,standard,3,5,12,0.0997737236320972,0.9692,0.2773
generic,degree,standard,3,5,13,0.1258126124739647,0.9757,0.3729
generic,degree,standard,3,5,14,0.1176472119987011,0.9729,0.464
generic,degree,standard,3,5,15,0.1072245985269546,0.9761,0.2811
generic,degree,standard,3,5,16,0.101014643907547,0.9726,0.4215
generic,degree,standard,3,5,17,0.1062517054378986,0.9811,0.2745
generic,degree,standard,3,5,18,0.1149904243648052,0.981,0.2331
generic,degree,standard,3,5,19,0.1158133521676063,0.9842,0.3601
generic,degree,standard,3,5,20,0.1125630065798759,0.9823,0.334
generic,degree,standard,3,5,21,0.092874702066183,0.9787,0.2594
generic,degree,standard,3,5,22,0.107541624456644,0.9745,0.4015
generic,degree,standard,3,5,23,0.1181816905736923,0.9721,0.4621
generic,degree,standard,3,5,24,0.0973923280835151,0.9792,0.2529
generic,random,standard,1,5,1,0.5497327744960785,0.9736,1.0525
generic,random,standard,1,5,2,0.4524649083614349,0.9121,1.0128
generic,random,standard,1,5,3,0.8278222978115082,0.937,0.5585
generic,random,standard,1,5,4,0.4188303053379059,0.9852,1.086
generic,random,standard,1,5,5,0.4917017817497253,0.9768,0.3829
generic,random,standard,1,5,6,0.3111418336629867,0.9467,0.515
generic,random,standard,1,5,7,0.3234885036945343,0.9661,0.6569
generic,random,standard,1,5,8,0.2917802855372429,0.9801,0.4348
generic,random,standard,1,5,9,0.2101623639464378,0.9701,0.2486
generic,random,standard,1,5,10,0.1927061900496482,0.9849,0.3937
generic,random,standard,1,5,11,0.2182270660996437,0.9816,0.3431
generic,random,standard,1,5,12,0.1920586377382278,0.9722,0.2578
generic,random,standard,1,5,13,0.2110624238848686,0.9796,0.3079
generic,random,standard,1,5,14,0.2020426467061042,0.9776,0.3501
generic,random,standard,1,5,15,0.1730621680617332,0.9744,0.2512
generic,random,standard,5,5,1,0.5303882956504822,0.9706,1.1103
generic,random,standard,5,5,2,0.5744584053754807,0.8981,1.3809
generic,random,standard,5,5,3,0.6720089763402939,0.9815,0.5876
generic,random,standard,5,5,4,0.3027349561452865,0.9839,0.5391
generic,random,standard,5,5,5,0.2379273697733879,0.9453,0.3728
generic,random,standard,5,5,6,0.25258769094944,0.9843,0.358
generic,random,standard,5,5,7,0.182733952999115,0.9863,0.369
generic,random,standard,5,5,8,0.143335536122322,0.9602,0.308
generic,random,standard,5,5,9,0.1610549390316009,0.9868,0.2377
generic,random,standard,5,5,10,0.1622354760766029,0.9531,0.7565
generic,random,standard,5,5,11,0.24359080940485,0.9681,0.3321
generic,random,standard,5,5,12,0.1874166578054428,0.9593,0.4049
generic,random,standard,5,5,13,0.2761938124895096,0.969,0.3161
generic,random,standard,5,5,14,0.1428819298744201,0.9856,0.4239
generic,random,standard,5,5,15,0.1924007162451744,0.9788,0.4522
generic,spectrum,standard,3,5,1,1.452744409441948,0.9471,4.142
generic,spectrum,standard,3,5,2,1.913917660713196,0.9228,4.0387
generic,spectrum,standard,3,5,3,1.2256284952163696,0.7023,5.6403
generic,spectrum,standard,3,5,4,3.076996326446533,0.6313,1.8648
generic,spectrum,standard,3,5,5,0.8988332152366638,0.7322,2.5763
generic,spectrum,standard,3,5,6,1.629376232624054,0.8174,4.9133
generic,dense,standard,1,5,1,3.168960392475128,0.8977,4.7598
generic,dense,standard,1,5,2,2.593861222267151,0.8976,3.984
generic,dense,standard,1,5,3,1.2041995525360107,0.7001,2.6232
generic,dense,standard,1,5,4,1.622600018978119,0.9177,0.8155
generic,dense,standard,1,5,5,0.3852665573358536,0.9746,0.7486
generic,dense,standard,1,5,6,0.4390419870615005,0.9706,0.6089
generic,dense,standard,1,5,7,0.4396846890449524,0.9624,1.2665
generic,dense,standard,1,5,8,0.4897780418395996,0.7119,0.8381
generic,dense,standard,1,5,9,0.7372516095638275,0.7065,0.8234
generic,dense,standard,1,5,10,0.4517133980989456,0.9491,1.2304
generic,dense,standard,1,5,11,0.5533206462860107,0.9469,1.0971
generic,dense,standard,1,5,12,0.4213146567344665,0.9512,0.6234
generic,dense,standard,5,5,1,1.1216590404510498,0.9292,3.4732
generic,dense,standard,5,5,2,2.5392971634864807,0.7244,5.8186
generic,dense,standard,5,5,3,2.3859164118766785,0.8455,2.1184
generic,dense,standard,5,5,4,0.6248358637094498,0.8646,2.6457
generic,dense,standard,5,5,5,0.7427003979682922,0.6662,4.8967
generic,dense,standard,5,5,6,1.9920063316822048,0.9027,1.4066
bio,adapter_only,standard,3,5,1,0.3066513836383819,0.8227,0.6124
bio,adapter_only,standard,3,5,2,0.3011655211448669,0.8346,0.6069
bio,adapter_only,standard,3,5,3,0.2965760231018066,0.8463,0.6061
bio,adapter_only,standard,3,5,4,0.2921912372112274,0.8547,0.6035
bio,adapter_only,standard,3,5,5,0.2877209633588791,0.8609,0.5978
bio,adapter_only,standard,3,5,6,0.2837147414684295,0.8665,0.5933
bio,adapter_only,standard,3,5,7,0.2801172137260437,0.8709,0.5884
bio,adapter_only,standard,3,5,8,0.2762739211320877,0.878,0.5902
bio,adapter_only,standard,3,5,9,0.2725538611412048,0.8849,0.5915
bio,adapter_only,standard,3,5,10,0.2691892385482788,0.8915,0.5932
bio,adapter_only,standard,3,5,11,0.2657871842384338,0.894,0.5903
bio,adapter_only,standard,3,5,12,0.2626577317714691,0.8977,0.5894
bio,adapter_only,standard,3,5,13,0.259568490087986,0.9018,0.5902
bio,connectome,standard,3,10,1,0.8133971318602562,0.8562,2.4222
bio,connectome,standard,3,10,2,0.559347540140152,0.8141,1.288
bio,connectome,standard,3,10,3,0.62148118019104,0.9152,0.9587
bio,connectome,standard,3,10,4,0.3309154585003853,0.9668,0.5379
bio,connectome,standard,3,10,5,0.256069540977478,0.9699,0.4958
bio,connectome,standard,3,10,6,0.2251944430172443,0.9716,0.4608
bio,connectome,standard,3,10,7,0.2612880803644657,0.9456,0.4175
bio,connectome,standard,3,10,8,0.1652320958673954,0.9677,0.5156
bio,connectome,standard,3,10,9,0.1650051958858966,0.9574,0.3683
bio,connectome,standard,3,10,10,0.1481225993484258,0.9808,0.3176
bio,connectome,standard,3,10,11,0.1300359927117824,0.9843,0.351
bio,connectome,standard,3,10,12,0.1187797337770462,0.9803,0.2509
bio,connectome,standard,3,10,13,0.1185468789190054,0.9871,0.2413
bio,connectome,standard,3,10,14,0.1077487636357545,0.9837,0.4075
bio,connectome,standard,3,10,15,0.1081722695380449,0.987,0.1976
bio,connectome,standard,3,10,16,0.1092682871967554,0.9847,0.2319
bio,connectome,standard,3,10,17,0.0977349169552326,0.9853,0.2331
bio,connectome,standard,3,10,18,0.0918721742928028,0.9866,0.2175
bio,connectome,standard,3,10,19,0.0880142096430063,0.986,0.1914
bio,connectome,standard,3,10,20,0.0978802479803562,0.9841,0.2059
bio,connectome,standard,3,10,21,0.1107115186750888,0.9862,0.2241
bio,connectome,standard,3,10,22,0.1066339761018753,0.9857,0.222
bio,connectome,standard,3,10,23,0.1055498737841844,0.9855,0.2376
bio,connectome,standard,3,10,24,0.0967178773134946,0.986,0.2214
bio,connectome,standard,3,10,25,0.0941605288535356,0.9858,0.2324
bio,connectome,graded_ln,1,10,1,2.170185685157776,0.7413,1.0584
bio,connectome,graded_ln,1,10,2,0.8901709169149399,0.9415,0.6015
bio,connectome,graded_ln,1,10,3,0.3768692538142204,0.8893,1.0451
bio,connectome,graded_ln,1,10,4,0.3729153200984001,0.9394,0.495
bio,connectome,graded_ln,1,10,5,0.25255261734128,0.9128,0.5215
bio,connectome,graded_ln,1,10,6,0.2820581011474132,0.9735,0.5484
bio,connectome,graded_ln,1,10,7,0.2282019928097725,0.9649,0.3278
bio,connectome,graded_ln,1,10,8,0.2005266845226287,0.9842,0.3221
bio,connectome,graded_ln,1,10,9,0.1693670973181724,0.9863,0.3045
bio,connectome,graded_ln,1,10,10,0.1676094383001327,0.9888,0.3265
bio,connectome,graded_ln,1,10,11,0.165254820138216,0.9882,0.3491
bio,connectome,graded_ln,1,10,12,0.167248310521245,0.9825,0.2277
bio,connectome,graded_ln,1,10,13,0.1499884221702814,0.981,0.2357
bio,connectome,graded_ln,1,10,14,0.1427158657461404,0.9844,0.2223
bio,connectome,graded_ln,1,10,15,0.1429901607334613,0.9883,0.2439
bio,connectome,graded_ln,1,10,16,0.1606834679841995,0.9873,0.3084
bio,connectome,graded_ln,1,10,17,0.1603865511715412,0.9879,0.2302
bio,connectome,graded_ln,1,10,18,0.1639265082776546,0.9812,0.2266
bio,connectome,graded_ln,1,10,19,0.1520792171359062,0.9874,0.308
bio,connectome,graded_ln,1,10,20,0.1703849099576473,0.9738,0.2646
bio,connectome,graded_ln,5,10,1,1.1081014648079872,0.6937,1.5087
bio,connectome,graded_ln,5,10,2,0.6500298380851746,0.775,0.6851
bio,connectome,graded_ln,5,10,3,0.4434385672211647,0.8962,0.7945
bio,connectome,graded_ln,5,10,4,0.2491724714636802,0.9051,0.4992
bio,connectome,graded_ln,5,10,5,0.2292521633207798,0.9588,0.6746
bio,connectome,graded_ln,5,10,6,0.2164505794644355,0.9622,0.3303
bio,connectome,graded_ln,5,10,7,0.1686892099678516,0.9855,0.3088
bio,connectome,graded_ln,5,10,8,0.1756648905575275,0.9867,0.484
bio,connectome,graded_ln,5,10,9,0.1657637096941471,0.9742,0.2524
bio,connectome,graded_ln,5,10,10,0.1580741703510284,0.9853,0.2838
bio,connectome,graded_ln,5,10,11,0.154827956110239,0.9857,0.3469
bio,connectome,graded_ln,5,10,12,0.1465248540043831,0.9853,0.2773
bio,connectome,graded_ln,5,10,13,0.142760295420885,0.9829,0.2198
bio,connectome,graded_ln,5,10,14,0.1378228962421417,0.9843,0.2504
bio,connectome,graded_ln,5,10,15,0.1527656652033329,0.9868,0.3372
bio,connectome,graded_ln,5,10,16,0.1443845927715301,0.9847,0.2348
bio,connectome,graded_ln,5,10,17,0.1472872793674469,0.9835,0.223
bio,connectome,graded_ln,5,10,18,0.1379017643630504,0.9883,0.2736
bio,connectome,graded_ln,5,10,19,0.1307285465300083,0.987,0.2072
bio,connectome,graded_ln,5,10,20,0.1326632481068372,0.9855,0.2173
bio,connectome,graded_ln,5,10,21,0.1275950670242309,0.9869,0.2787
bio,connectome,graded_ln,5,10,22,0.1280422136187553,0.987,0.2438
bio,connectome,graded_ln,5,10,23,0.1217103209346532,0.9847,0.203
bio,connectome,graded_ln,5,10,24,0.1192108616232872,0.9882,0.3176
bio,connectome,graded_ln,5,10,25,0.1381685845553875,0.9859,0.2493
bio,connectome,graded_ln,5,10,26,0.1324120517820119,0.9842,0.1979
bio,connectome,graded_ln,5,10,27,0.138641957193613,0.9876,0.3907
bio,connectome,graded_ln,5,10,28,0.1421395614743232,0.9821,0.2089
bio,connectome,graded_ln,5,10,29,0.1310278736054897,0.9844,0.2352
bio,connectome,graded_ln,5,10,30,0.1486495267599821,0.989,0.3695
bio,degree,standard,3,10,1,1.3022624254226685,0.7019,3.5922
bio,degree,standard,3,10,2,1.1110193952918053,0.8696,1.0816
bio,degree,standard,3,10,3,0.2767899222671985,0.9122,0.8396
bio,degree,standard,3,10,4,0.260077103972435,0.8903,0.5459
bio,degree,standard,3,10,5,0.2354922629892826,0.9528,0.5433
bio,degree,standard,3,10,6,0.1666432209312915,0.9706,0.4357
bio,degree,standard,3,10,7,0.1743996031582355,0.9668,0.5164
bio,degree,standard,3,10,8,0.1676782239228487,0.9753,0.3712
bio,degree,standard,3,10,9,0.1456652097404003,0.9789,0.2839
bio,degree,standard,3,10,10,0.1555664781481027,0.9725,0.2954
bio,degree,standard,3,10,11,0.1370182670652866,0.9719,0.4874
bio,degree,standard,3,10,12,0.1411458142101764,0.9769,0.2857
bio,degree,standard,3,10,13,0.134425301104784,0.985,0.2938
bio,degree,standard,3,10,14,0.1257529035210609,0.9803,0.3871
bio,degree,standard,3,10,15,0.1205455735325813,0.9827,0.2421
bio,degree,standard,3,10,16,0.1145443692803382,0.9873,0.2932
bio,degree,standard,3,10,17,0.1055634468793869,0.9843,0.2066
bio,degree,standard,3,10,18,0.10621228069067,0.986,0.197
bio,degree,standard,3,10,19,0.1044596042484045,0.9879,0.2205
bio,degree,standard,3,10,20,0.0967368707060813,0.9834,0.3087
bio,degree,standard,3,10,21,0.1081185974180698,0.9847,0.219
bio,degree,standard,3,10,22,0.1002376917749643,0.9878,0.2141
bio,degree,standard,3,10,23,0.0954563338309526,0.9882,0.2041
bio,degree,standard,3,10,24,0.0920082926750183,0.9829,0.2606
bio,degree,graded_ln,1,10,1,1.7517498284578323,0.8439,3.1686
bio,degree,graded_ln,1,10,2,0.9182139784097672,0.7271,1.3508
bio,degree,graded_ln,1,10,3,0.6832974627614021,0.8572,1.4156
bio,degree,graded_ln,1,10,4,0.4638260453939438,0.7759,0.7272
bio,degree,graded_ln,1,10,5,0.3995130658149719,0.8879,0.9751
bio,degree,graded_ln,1,10,6,0.3466064631938934,0.8791,0.5554
bio,degree,graded_ln,1,10,7,0.2991453409194946,0.9706,0.4594
bio,degree,graded_ln,1,10,8,0.2780704200267792,0.9753,0.396
bio,degree,graded_ln,1,10,9,0.2075561396777629,0.9562,0.3653
bio,degree,graded_ln,1,10,10,0.1883412674069404,0.9799,0.5232
bio,degree,graded_ln,1,10,11,0.2610466219484806,0.9828,0.2663
bio,degree,graded_ln,1,10,12,0.1718368008732795,0.9683,0.2966
bio,degree,graded_ln,1,10,13,0.2006741017103195,0.9801,0.4748
bio,degree,graded_ln,1,10,14,0.2066593281924724,0.9752,0.2655
bio,degree,graded_ln,1,10,15,0.1574687324464321,0.9833,0.2506
bio,degree,graded_ln,1,10,16,0.150451323017478,0.9852,0.2585
bio,degree,graded_ln,1,10,17,0.1390846278518438,0.9882,0.3938
bio,degree,graded_ln,1,10,18,0.159682709723711,0.9867,0.2003
bio,degree,graded_ln,1,10,19,0.1828293800354004,0.9811,0.2204
bio,degree,graded_ln,1,10,20,0.1421152614057064,0.9889,0.2442
bio,degree,graded_ln,1,10,21,0.1638338230550289,0.9859,0.2643
bio,degree,graded_ln,1,10,22,0.1422232538461685,0.9853,0.2488
bio,degree,graded_ln,1,10,23,0.1339959539473056,0.9857,0.2311
bio,degree,graded_ln,1,10,24,0.1365564726293087,0.9835,0.2081
bio,degree,graded_ln,5,10,1,1.4736389070749285,0.6542,4.4056
bio,degree,graded_ln,5,10,2,1.5421924144029615,0.8371,2.1166
bio,degree,graded_ln,5,10,3,0.6086102798581123,0.7106,1.088
bio,degree,graded_ln,5,10,4,0.5173952281475067,0.8612,0.9385
bio,degree,graded_ln,5,10,5,0.3288315311074257,0.9588,0.5495
bio,degree,graded_ln,5,10,6,0.2852227762341499,0.9151,0.7669
bio,degree,graded_ln,5,10,7,0.2843254953622818,0.9474,0.4061
bio,degree,graded_ln,5,10,8,0.2099421806633472,0.9806,0.3777
bio,degree,graded_ln,5,10,9,0.1780157424509525,0.9802,0.3131
bio,degree,graded_ln,5,10,10,0.1749359630048275,0.982,0.2977
bio,degree,graded_ln,5,10,11,0.1472017653286457,0.9536,0.4161
bio,degree,graded_ln,5,10,12,0.2422179579734802,0.9875,0.296
bio,degree,graded_ln,5,10,13,0.1681903265416622,0.9846,0.3543
bio,degree,graded_ln,5,10,14,0.1725463345646858,0.9843,0.2566
bio,degree,graded_ln,5,10,15,0.1421785280108451,0.9743,0.2698
bio,degree,graded_ln,5,10,16,0.1486050561070442,0.9848,0.3141
bio,degree,graded_ln,5,10,17,0.1605049669742584,0.9849,0.2727
bio,degree,graded_ln,5,10,18,0.148725951090455,0.9775,0.2345
bio,degree,graded_ln,5,10,19,0.1580378785729408,0.9879,0.2835
bio,degree,graded_ln,5,10,20,0.1480731591582298,0.9863,0.2224
bio,degree,graded_ln,5,10,21,0.1351144351065158,0.9859,0.2237
bio,degree,graded_ln,5,10,22,0.1363641284406185,0.9844,0.2227
bio,degree,graded_ln,5,10,23,0.1383818835020065,0.9835,0.2078
bio,degree,graded_ln,5,10,24,0.1398154404014349,0.9883,0.4748
bio,degree,graded_ln,5,10,25,0.1697215475142002,0.9866,0.2037
bio,degree,graded_ln,5,10,26,0.1473542265594005,0.9836,0.222
bio,degree,graded_ln,5,10,27,0.1418584641069173,0.9882,0.3204
bio,degree,graded_ln,5,10,28,0.141831761226058,0.9787,0.2272
bio,degree,graded_ln,5,10,29,0.1302553154528141,0.9882,0.3081
bio,degree,graded_ln,5,10,30,0.1506456974893808,0.9878,0.2465
bio,random,standard,3,10,1,0.6596040278673172,0.9036,0.5903
bio,random,standard,3,10,2,0.2997905239462852,0.882,0.9903
bio,random,standard,3,10,3,0.2678887173533439,0.9471,0.4867
bio,random,standard,3,10,4,0.1989522576332092,0.9625,0.4168
bio,random,standard,3,10,5,0.1741704605519771,0.9731,0.3524
bio,random,standard,3,10,6,0.137432686984539,0.9768,0.3067
bio,random,standard,3,10,7,0.1507604010403156,0.9729,0.8325
bio,random,standard,3,10,8,0.21975914016366,0.9693,0.3155
bio,random,standard,3,10,9,0.1467070505023002,0.9788,0.2593
bio,random,standard,3,10,10,0.11408775113523,0.9851,0.3447
bio,random,standard,3,10,11,0.1363571286201477,0.9847,0.2447
bio,random,standard,3,10,12,0.1076819989830255,0.9775,0.2438
bio,random,standard,3,10,13,0.1208611633628606,0.9854,0.2694
bio,random,standard,3,10,14,0.1102234944701194,0.9835,0.3877
bio,random,standard,3,10,15,0.1135737635195255,0.9785,0.2333
bio,random,standard,3,10,16,0.1268621571362018,0.9866,0.2606
bio,random,standard,3,10,17,0.0967747140675783,0.987,0.2197
bio,random,standard,3,10,18,0.0946919210255146,0.9869,0.2074
bio,random,standard,3,10,19,0.0927801858633756,0.9861,0.1942
bio,random,standard,3,10,20,0.0950923897325992,0.9858,0.1951
bio,random,standard,3,10,21,0.1069592460989952,0.9866,0.1884
bio,random,standard,3,10,22,0.0974001232534647,0.9856,0.2635
bio,random,standard,3,10,23,0.0926137510687112,0.9861,0.2362
bio,random,standard,3,10,24,0.0903408825397491,0.9848,0.2102
bio,random,standard,3,10,25,0.1052365638315677,0.9857,0.2123
bio,random,standard,3,10,26,0.0938355717808008,0.9857,0.2578
bio,random,standard,3,10,27,0.1002053152769804,0.9851,0.2867
bio,spectrum,standard,1,10,1,2.538929432630539,0.8165,2.6525
bio,spectrum,standard,1,10,2,1.6084509640932083,0.6689,0.8729
bio,spectrum,standard,1,10,3,0.7864814698696136,0.7663,2.3261
bio,spectrum,standard,1,10,4,1.0569351017475128,0.7333,1.4813
bio,spectrum,standard,1,10,5,0.7826034054160118,0.7433,0.9719
bio,spectrum,standard,1,10,6,0.4371421188116073,0.8312,0.7391
bio,spectrum,standard,1,10,7,0.5210936218500137,0.7627,1.2477
bio,spectrum,standard,1,10,8,0.4916001260280609,0.7929,0.7534
bio,spectrum,standard,1,10,9,0.4132155776023865,0.8381,0.7757
bio,spectrum,standard,1,10,10,0.4505064636468887,0.8342,0.7739
bio,spectrum,standard,1,10,11,0.3841415867209434,0.8358,1.4391
bio,spectrum,standard,1,10,12,0.4998883828520775,0.8585,0.6711
bio,spectrum,standard,1,10,13,0.3930156603455543,0.8056,0.9989
bio,spectrum,standard,1,10,14,0.43882767111063,0.8432,0.7398
bio,spectrum,standard,1,10,15,0.4157485216856003,0.8333,0.6642
bio,spectrum,standard,1,10,16,0.3775421604514122,0.7895,0.7289
bio,spectrum,standard,1,10,17,0.4482364878058433,0.87,1.1748
bio,spectrum,standard,1,10,18,0.4304504469037056,0.8442,0.7052
bio,spectrum,standard,1,10,19,0.3719181939959526,0.8491,0.7595
bio,spectrum,standard,1,10,20,0.3766215294599533,0.8714,0.6677
bio,spectrum,standard,1,10,21,0.3657392039895057,0.8363,0.776
bio,spectrum,standard,5,10,1,1.0794636756181717,0.8308,2.1672
bio,spectrum,standard,5,10,2,0.4372328221797943,0.6975,0.7111
bio,spectrum,standard,5,10,3,0.3992176353931427,0.788,0.8103
bio,spectrum,standard,5,10,4,0.3833992034196853,0.7995,1.3153
bio,spectrum,standard,5,10,5,0.3553779423236847,0.8329,0.7054
bio,spectrum,standard,5,10,6,0.3249454498291015,0.7889,0.8174
bio,spectrum,standard,5,10,7,0.3034705966711044,0.7968,0.8305
bio,spectrum,standard,5,10,8,0.3024636134505272,0.7917,0.8315
bio,spectrum,standard,5,10,9,0.3005630001425743,0.801,0.7764
bio,spectrum,standard,5,10,10,0.301350936293602,0.8089,0.829
bio,spectrum,standard,5,10,11,0.2994362711906433,0.832,0.7785
bio,dense,standard,3,10,1,0.9386322498321532,0.8409,0.8389
bio,dense,standard,3,10,2,0.3002619668841362,0.8439,0.9111
bio,dense,standard,3,10,3,0.2830244600772857,0.8124,0.7262
bio,dense,standard,3,10,4,0.2772483751177788,0.8525,0.8469
bio,dense,standard,3,10,5,0.2723712995648384,0.8347,0.7274
bio,dense,standard,3,10,6,0.2797955125570297,0.8447,0.7868
bio,dense,standard,3,10,7,0.2900263294577598,0.8155,0.7761
bio,dense,standard,3,10,8,0.2726787030696869,0.7883,0.8806
bio,dense,standard,3,10,9,0.2789298892021179,0.8245,0.7048
bio,dense,standard,3,10,10,0.2785020470619201,0.8414,0.8287
bio,dense,standard,3,10,11,0.2745534516870975,0.8325,0.7798
bio,dense,standard,3,10,12,0.2711792290210724,0.8495,0.7941
bio,dense,standard,3,10,13,0.2708905190229416,0.8337,0.7605
bio,dense,standard,3,10,14,0.2722465619444847,0.8447,0.9089
bio,dense,standard,3,10,15,0.2780216932296753,0.8374,0.7269
generic,connectome,standard,1,10,1,0.8759854584932327,0.9651,0.5028
generic,connectome,standard,1,10,2,0.6493024602532387,0.9828,0.8267
generic,connectome,standard,1,10,3,0.5542835146188736,0.9546,0.3413
generic,connectome,standard,1,10,4,0.2458356730639934,0.981,0.3232
generic,connectome,standard,1,10,5,0.1854071319103241,0.9767,0.3111
generic,connectome,standard,1,10,6,0.1453234404325485,0.9841,0.382
generic,connectome,standard,1,10,7,0.1385463662445545,0.9786,0.307
generic,connectome,standard,1,10,8,0.1183506287634372,0.9824,0.2856
generic,connectome,standard,1,10,9,0.1106222923845052,0.9795,0.3098
generic,connectome,standard,1,10,10,0.1515085063874721,0.9826,0.2454
generic,connectome,standard,1,10,11,0.1047670859843492,0.9793,0.3374
generic,connectome,standard,1,10,12,0.1228545513004064,0.9814,0.2821
generic,connectome,standard,1,10,13,0.1106191780418157,0.9824,0.2835
generic,connectome,standard,1,10,14,0.1079588681459426,0.9799,0.2502
generic,connectome,standard,1,10,15,0.1079460531473159,0.9816,0.2836
generic,connectome,standard,1,10,16,0.1074464507400989,0.9809,0.2808
generic,connectome,standard,5,10,1,0.5429722368717194,0.9509,0.4269
generic,connectome,standard,5,10,2,0.2417199462652206,0.9425,0.4185
generic,connectome,standard,5,10,3,0.1988048609346151,0.9525,0.3438
generic,connectome,standard,5,10,4,0.2534084543585777,0.9868,0.2651
generic,connectome,standard,5,10,5,0.2327293194830417,0.9417,0.5627
generic,connectome,standard,5,10,6,0.1691540144383907,0.9773,0.2513
generic,connectome,standard,5,10,7,0.1429315097630024,0.9856,0.4646
generic,connectome,standard,5,10,8,0.1832399740815162,0.9672,0.3387
generic,connectome,standard,5,10,9,0.1625069491565227,0.9707,0.2553
generic,connectome,standard,5,10,10,0.144740154966712,0.9864,0.3707
generic,connectome,standard,5,10,11,0.1355644930154085,0.98,0.2098
generic,connectome,standard,5,10,12,0.1294831726700067,0.9827,0.1978
generic,connectome,standard,5,10,13,0.128103919327259,0.9839,0.3511
generic,connectome,standard,5,10,14,0.1417538542300462,0.9728,0.2565
generic,connectome,standard,5,10,15,0.1164911054074764,0.9789,0.2084
generic,connectome,standard,5,10,16,0.1324384212493896,0.982,0.4625
generic,connectome,standard,5,10,17,0.1591932103037834,0.9761,0.2281
generic,connectome,standard,5,10,18,0.1570182610303163,0.981,0.3069
generic,degree,standard,3,10,1,0.5356182605028152,0.944,0.5488
generic,degree,standard,3,10,2,0.2181308977305889,0.9326,0.4684
generic,degree,standard,3,10,3,0.2449025064706802,0.9828,0.7269
generic,degree,standard,3,10,4,0.3374734297394752,0.9026,0.607
generic,degree,standard,3,10,5,0.2246210947632789,0.9862,0.3582
generic,degree,standard,3,10,6,0.1178341917693615,0.9854,0.329
generic,degree,standard,3,10,7,0.1124210488051176,0.9827,0.2948
generic,degree,standard,3,10,8,0.1055106371641159,0.9763,0.3172
generic,degree,standard,3,10,9,0.0888745281845331,0.9835,0.2292
generic,degree,standard,3,10,10,0.0967671424150466,0.9849,0.2202
generic,degree,standard,3,10,11,0.0936359148472547,0.9814,0.352
generic,degree,standard,3,10,12,0.0909974295645952,0.9822,0.2366
generic,degree,standard,3,10,13,0.1149541176855564,0.9784,0.4171
generic,degree,standard,3,10,14,0.0976412203162908,0.9806,0.3958
generic,degree,standard,3,10,15,0.1016300749033689,0.9822,0.2552
generic,degree,standard,3,10,16,0.1379695758223533,0.9823,0.3784
generic,random,standard,1,10,1,0.8970566689968109,0.9465,0.8028
generic,random,standard,1,10,2,0.6673249900341034,0.9785,1.0407
generic,random,standard,1,10,3,0.4805946052074432,0.9643,0.3669
generic,random,standard,1,10,4,0.2573797889053821,0.9814,0.3522
generic,random,standard,1,10,5,0.2367328852415084,0.9636,0.4757
generic,random,standard,1,10,6,0.151201969012618,0.9847,0.304
generic,random,standard,1,10,7,0.157981552183628,0.9688,0.3241
generic,random,standard,1,10,8,0.1499210689216852,0.981,0.2234
generic,random,standard,1,10,9,0.1364635080099105,0.9846,0.2242
generic,random,standard,1,10,10,0.1371845845133066,0.9837,0.4172
generic,random,standard,1,10,11,0.1865415163338184,0.9684,0.3239
generic,random,standard,1,10,12,0.1864213645458221,0.9856,0.6469
generic,random,standard,1,10,13,0.1956528536975383,0.9807,0.2695
generic,random,standard,1,10,14,0.2079011909663677,0.9845,0.3615
generic,random,standard,5,10,1,0.5579822212457657,0.9291,0.6521
generic,random,standard,5,10,2,0.3540902510285377,0.9752,0.6318
generic,random,standard,5,10,3,0.3337332010269165,0.983,0.3029
generic,random,standard,5,10,4,0.3246244043111801,0.9751,0.7297
generic,random,standard,5,10,5,0.2641653753817081,0.9692,0.2817
generic,random,standard,5,10,6,0.1934565715491771,0.9511,0.4286
generic,random,standard,5,10,7,0.2475374303758144,0.9865,0.2208
generic,random,standard,5,10,8,0.1576772145926952,0.9854,0.2291
generic,random,standard,5,10,9,0.1389413978904485,0.9779,0.2855
generic,random,standard,5,10,10,0.1274023279547691,0.9831,0.2636
generic,random,standard,5,10,11,0.1304975319653749,0.9797,0.214
generic,random,standard,5,10,12,0.1315396502614021,0.9866,0.2133
generic,random,standard,5,10,13,0.1251571383327245,0.975,0.4133
generic,random,standard,5,10,14,0.1345263626426458,0.9816,0.2232
generic,random,standard,5,10,15,0.1159711703658104,0.9798,0.2099
generic,random,standard,5,10,16,0.1368845850229263,0.9751,0.3892
generic,random,standard,5,10,17,0.1311981715261936,0.976,0.2609
generic,random,standard,5,10,18,0.1224580947309732,0.9832,0.2466
generic,random,standard,5,10,19,0.186298131942749,0.9762,0.3404
generic,random,standard,5,10,20,0.125417735427618,0.9785,0.2239
generic,random,standard,5,10,21,0.1088630128651857,0.9798,0.2554
generic,spectrum,standard,3,10,1,2.062870904803276,0.7146,7.3935
generic,spectrum,standard,3,10,2,1.652819000184536,0.6555,8.0907
generic,spectrum,standard,3,10,3,1.969278916716576,0.6363,1.6928
generic,spectrum,standard,3,10,4,0.9732644706964492,0.9214,1.1248
generic,spectrum,standard,3,10,5,0.3453836888074875,0.9033,1.2511
generic,spectrum,standard,3,10,6,0.386321946978569,0.9638,1.0729
generic,dense,standard,1,10,1,2.953549511730671,0.855,5.708
generic,dense,standard,1,10,2,2.241079449653625,0.8314,1.1139
generic,dense,standard,1,10,3,1.0632050335407257,0.7484,6.0917
generic,dense,standard,1,10,4,3.7503511905670166,0.9024,1.6557
generic,dense,standard,1,10,5,0.9374060779809952,0.9732,1.7883
generic,dense,standard,1,10,6,0.554903194308281,0.7984,0.856
generic,dense,standard,1,10,7,1.0312185436487198,0.8255,0.7793
generic,dense,standard,1,10,8,0.5088357925415039,0.9563,1.5882
generic,dense,standard,1,10,9,0.5055990815162659,0.8135,1.199
generic,dense,standard,1,10,10,0.7632358819246292,0.945,0.8354
generic,dense,standard,1,10,11,0.4089996218681335,0.927,0.6881
generic,dense,standard,1,10,12,0.339473232626915,0.9678,0.7542
generic,dense,standard,1,10,13,0.36189004778862,0.9458,0.618
generic,dense,standard,1,10,14,0.3647562190890312,0.9522,0.5951
generic,dense,standard,1,10,15,0.6223493367433548,0.8862,0.6722
generic,dense,standard,1,10,16,0.3690832331776619,0.941,0.5883
generic,dense,standard,1,10,17,0.306094579398632,0.9679,0.5848
generic,dense,standard,1,10,18,0.3508135303854942,0.947,0.5959
generic,dense,standard,1,10,19,0.3508265540003776,0.8803,0.817
generic,dense,standard,1,10,20,0.381381630897522,0.9545,0.6057
generic,dense,standard,1,10,21,0.4083136841654777,0.9463,0.6822
generic,dense,standard,1,10,22,0.3003860712051391,0.9623,0.5688
generic,dense,standard,1,10,23,0.2774322032928467,0.9673,0.4929
generic,dense,standard,1,10,24,0.2969063222408294,0.9543,0.495
generic,dense,standard,1,10,25,0.2812164612114429,0.9402,0.4836
generic,dense,standard,1,10,26,0.2665991373360157,0.9528,0.7224
generic,dense,standard,1,10,27,0.3199101090431213,0.9588,0.5097
generic,dense,standard,1,10,28,0.2812246084213257,0.9498,0.569
generic,dense,standard,1,10,29,0.2732906080782413,0.9604,0.4698
generic,dense,standard,1,10,30,0.2656423039734363,0.9682,0.4368
generic,dense,standard,5,10,1,1.3021977692842484,0.7345,4.3156
generic,dense,standard,5,10,2,1.0335613191127777,0.9689,1.7448
generic,dense,standard,5,10,3,0.3470600396394729,0.9728,1.075
generic,dense,standard,5,10,4,0.4238545149564743,0.9565,0.6615
generic,dense,standard,5,10,5,0.3517266809940338,0.9752,0.6947
generic,dense,standard,5,10,6,0.29222072660923,0.9668,0.9107
generic,dense,standard,5,10,7,0.2842676192522049,0.9687,1.0192
generic,dense,standard,5,10,8,0.3441362604498863,0.9493,0.6939
generic,dense,standard,5,10,9,0.3669241666793823,0.9712,0.7293
generic,dense,standard,5,10,10,0.4832972064614296,0.9398,0.7056
bio,adapter_only,standard,3,10,1,0.3064178973436355,0.8336,0.6009
bio,adapter_only,standard,3,10,2,0.2984833642840385,0.8587,0.6187
bio,adapter_only,standard,3,10,3,0.2897354662418365,0.864,0.5958
bio,adapter_only,standard,3,10,4,0.2817148491740227,0.8705,0.5846
bio,adapter_only,standard,3,10,5,0.2758559435606003,0.8776,0.58
bio,adapter_only,standard,3,10,6,0.2693728134036064,0.8884,0.5851
bio,adapter_only,standard,3,10,7,0.2636559493839741,0.9007,0.5941
bio,adapter_only,standard,3,10,8,0.2593839168548584,0.9075,0.596
bio,adapter_only,standard,3,10,9,0.2541867196559906,0.9051,0.582
bio,adapter_only,standard,3,10,10,0.2498812787234783,0.9072,0.5773
bio,adapter_only,standard,3,10,11,0.2462233453989029,0.9094,0.5737
bio,adapter_only,standard,3,10,12,0.2428804486989975,0.9164,0.5815
bio,adapter_only,standard,3,10,13,0.2395192310214042,0.9188,0.58
bio,adapter_only,standard,3,10,14,0.2367929071187973,0.9233,0.586
bio,adapter_only,standard,3,10,15,0.2337479628622532,0.9253,0.5837
bio,adapter_only,standard,3,10,16,0.2312612943351268,0.9267,0.5804
bio,adapter_only,standard,3,10,17,0.2288804799318313,0.9259,0.5702
bio,adapter_only,standard,3,10,18,0.2267748266458511,0.9295,0.5712
bio,adapter_only,standard,3,10,19,0.2244550473988056,0.9331,0.5716
bio,adapter_only,standard,3,10,20,0.2226107381284237,0.9371,0.5726
bio,adapter_only,standard,3,10,21,0.2205209732055664,0.9399,0.5702
bio,adapter_only,standard,3,10,22,0.2185470126569271,0.9412,0.5646
bio,adapter_only,standard,3,10,23,0.2167952209711074,0.9421,0.5585
bio,adapter_only,standard,3,10,24,0.2149992398917675,0.946,0.5584
bio,adapter_only,standard,3,10,25,0.2130934558808803,0.95,0.5586
bio,adapter_only,standard,3,10,26,0.211565151810646,0.9533,0.5596
bio,adapter_only,standard,3,10,27,0.2094867043197155,0.9535,0.5515
bio,adapter_only,standard,3,10,28,0.2079330943524837,0.9526,0.5401
bio,adapter_only,standard,3,10,29,0.2061824612319469,0.9547,0.5381
bio,adapter_only,standard,3,10,30,0.2041772156953811,0.956,0.5354
bio,connectome,standard,3,25,1,0.7049270361661911,0.9752,0.509
bio,connectome,standard,3,25,2,0.3125747874379158,0.951,0.8027
bio,connectome,standard,3,25,3,0.2413286924362182,0.9687,0.485
bio,connectome,standard,3,25,4,0.1790769860148429,0.9574,0.3666
bio,connectome,standard,3,25,5,0.1814756892621517,0.9754,0.2768
bio,connectome,standard,3,25,6,0.1522082760930061,0.9884,0.2745
bio,connectome,standard,3,25,7,0.1322379171848297,0.9827,0.2497
bio,connectome,standard,3,25,8,0.1253913357853889,0.9824,0.2604
bio,connectome,standard,3,25,9,0.1258371755480766,0.9842,0.2472
bio,connectome,standard,3,25,10,0.1276062600314617,0.9868,0.2206
bio,connectome,standard,3,25,11,0.1332345880568027,0.9862,0.351
bio,connectome,standard,3,25,12,0.1349785953760147,0.9838,0.2328
bio,connectome,standard,3,25,13,0.1188332490622997,0.986,0.1942
bio,connectome,standard,3,25,14,0.134686467051506,0.9839,0.2998
bio,connectome,standard,3,25,15,0.1220753535628318,0.9852,0.199
bio,connectome,standard,3,25,16,0.1140648692846298,0.9844,0.1972
bio,connectome,standard,3,25,17,0.1149388410151004,0.9826,0.2789
bio,connectome,standard,3,25,18,0.1207997545599937,0.9783,0.2739
bio,connectome,standard,3,25,19,0.1233229681849479,0.9774,0.3857
bio,connectome,graded_ln,1,25,1,1.2134574115276338,0.9094,0.6464
bio,connectome,graded_ln,1,25,2,0.2835528165102005,0.9694,0.5113
bio,connectome,graded_ln,1,25,3,0.2163746803998947,0.9745,0.2797
bio,connectome,graded_ln,1,25,4,0.1865824058651924,0.9822,0.2514
bio,connectome,graded_ln,1,25,5,0.1648002609610557,0.9766,0.2438
bio,connectome,graded_ln,1,25,6,0.1636253535747528,0.9865,0.2905
bio,connectome,graded_ln,1,25,7,0.196353679895401,0.9882,0.2618
bio,connectome,graded_ln,1,25,8,0.1710268557071685,0.9764,0.2473
bio,connectome,graded_ln,1,25,9,0.1618252664804458,0.9835,0.248
bio,connectome,graded_ln,1,25,10,0.1425435177981853,0.9834,0.2253
bio,connectome,graded_ln,1,25,11,0.1679781034588813,0.9875,0.2171
bio,connectome,graded_ln,1,25,12,0.1653271049261093,0.9866,0.2717
bio,connectome,graded_ln,1,25,13,0.1480089955031872,0.9881,0.2536
bio,connectome,graded_ln,1,25,14,0.1508018903434276,0.9886,0.2435
bio,connectome,graded_ln,1,25,15,0.1595980510115623,0.9849,0.2274
bio,connectome,graded_ln,1,25,16,0.1424582101404667,0.985,0.2198
bio,connectome,graded_ln,1,25,17,0.1610761024057865,0.9844,0.2348
bio,connectome,graded_ln,5,25,1,0.814910477399826,0.8412,0.5942
bio,connectome,graded_ln,5,25,2,0.2547182962298393,0.9853,0.508
bio,connectome,graded_ln,5,25,3,0.1868954002857208,0.9767,0.2451
bio,connectome,graded_ln,5,25,4,0.170258118212223,0.9686,0.3012
bio,connectome,graded_ln,5,25,5,0.1631240785121917,0.9851,0.3269
bio,connectome,graded_ln,5,25,6,0.1793189212679863,0.9828,0.2653
bio,connectome,graded_ln,5,25,7,0.1610694825649261,0.9843,0.2994
bio,connectome,graded_ln,5,25,8,0.1516877084970474,0.9847,0.2736
bio,connectome,graded_ln,5,25,9,0.1471691638231277,0.9783,0.2213
bio,connectome,graded_ln,5,25,10,0.1483788669109344,0.9869,0.4191
bio,connectome,graded_ln,5,25,11,0.1550920881330967,0.9767,0.2272
bio,connectome,graded_ln,5,25,12,0.1505381479859352,0.9871,0.3292
bio,connectome,graded_ln,5,25,13,0.1484422609210014,0.9792,0.2374
bio,connectome,graded_ln,5,25,14,0.1387574769556522,0.9874,0.3087
bio,connectome,graded_ln,5,25,15,0.1385809049010276,0.9855,0.3191
bio,degree,standard,3,25,1,1.0606305181980134,0.8923,0.569
bio,degree,standard,3,25,2,0.2779099062085152,0.9516,0.5614
bio,degree,standard,3,25,3,0.2050630614161491,0.9792,0.3423
bio,degree,standard,3,25,4,0.1619230560958385,0.985,0.2235
bio,degree,standard,3,25,5,0.1381559066474437,0.9837,0.2303
bio,degree,standard,3,25,6,0.1362814649939537,0.9887,0.3136
bio,degree,standard,3,25,7,0.1469732604920864,0.9848,0.2735
bio,degree,standard,3,25,8,0.1335305318236351,0.987,0.2599
bio,degree,standard,3,25,9,0.1273715488612651,0.9872,0.2386
bio,degree,standard,3,25,10,0.1365868873894214,0.9864,0.2362
bio,degree,graded_ln,1,25,1,1.2383898675441742,0.7162,1.1488
bio,degree,graded_ln,1,25,2,0.4079475909471511,0.9352,0.6089
bio,degree,graded_ln,1,25,3,0.2672727033495903,0.973,0.4036
bio,degree,graded_ln,1,25,4,0.1918306529521942,0.9706,0.2902
bio,degree,graded_ln,1,25,5,0.1884838826954364,0.9756,0.2504
bio,degree,graded_ln,1,25,6,0.1746696218848228,0.9869,0.3352
bio,degree,graded_ln,1,25,7,0.1721140965819358,0.9888,0.3862
bio,degree,graded_ln,1,25,8,0.1805560439825058,0.9655,0.314
bio,degree,graded_ln,1,25,9,0.2076819211244583,0.9862,0.3416
bio,degree,graded_ln,1,25,10,0.1662867590785026,0.9874,0.2674
bio,degree,graded_ln,1,25,11,0.1457643300294876,0.9894,0.2004
bio,degree,graded_ln,1,25,12,0.1451565608382225,0.9811,0.2313
bio,degree,graded_ln,1,25,13,0.1419905804097652,0.9865,0.2043
bio,degree,graded_ln,1,25,14,0.1459078907966614,0.9883,0.2589
bio,degree,graded_ln,1,25,15,0.158014353364706,0.9869,0.243
bio,degree,graded_ln,1,25,16,0.1592442743480205,0.9855,0.218
bio,degree,graded_ln,1,25,17,0.1524089492857456,0.9886,0.2346
bio,degree,graded_ln,5,25,1,1.2995957016944886,0.7303,1.136
bio,degree,graded_ln,5,25,2,0.5539893865585327,0.9107,0.5577
bio,degree,graded_ln,5,25,3,0.259504023194313,0.9788,0.3998
bio,degree,graded_ln,5,25,4,0.1899619668722152,0.9633,0.317
bio,degree,graded_ln,5,25,5,0.1704860866069793,0.9813,0.2827
bio,degree,graded_ln,5,25,6,0.1696789190173149,0.9865,0.375
bio,degree,graded_ln,5,25,7,0.1589332282543182,0.9816,0.2714
bio,degree,graded_ln,5,25,8,0.1472688302397728,0.9727,0.2536
bio,degree,graded_ln,5,25,9,0.1633535735309124,0.9748,0.2519
bio,degree,graded_ln,5,25,10,0.1476421490311622,0.9873,0.3283
bio,degree,graded_ln,5,25,11,0.1460200771689415,0.9836,0.2381
bio,degree,graded_ln,5,25,12,0.1563580766320228,0.985,0.2967
bio,degree,graded_ln,5,25,13,0.1472315475344658,0.9846,0.2441
bio,degree,graded_ln,5,25,14,0.1401555359363556,0.9852,0.2213
bio,degree,graded_ln,5,25,15,0.1469687089323997,0.9871,0.3276
bio,degree,graded_ln,5,25,16,0.1559966012835502,0.9683,0.2893
bio,degree,graded_ln,5,25,17,0.1839633151888847,0.987,0.3098
bio,degree,graded_ln,5,25,18,0.1568254061043262,0.987,0.3551
bio,degree,graded_ln,5,25,19,0.1457151040434837,0.9852,0.2161
bio,degree,graded_ln,5,25,20,0.1467944547533989,0.9852,0.2173
bio,degree,graded_ln,5,25,21,0.1388464279472828,0.986,0.2135
bio,degree,graded_ln,5,25,22,0.1281303070485591,0.9853,0.1903
bio,degree,graded_ln,5,25,23,0.1295684106647968,0.9858,0.2465
bio,degree,graded_ln,5,25,24,0.1464445032179355,0.986,0.3095
bio,degree,graded_ln,5,25,25,0.1421816870570182,0.9846,0.2276
bio,degree,graded_ln,5,25,26,0.1318486042320728,0.9858,0.2066
bio,degree,graded_ln,5,25,27,0.1265970036387443,0.9857,0.217
bio,degree,graded_ln,5,25,28,0.1193093985319137,0.9833,0.2404
bio,random,standard,3,25,1,0.503357607126236,0.9498,0.5537
bio,random,standard,3,25,2,0.2528938964009285,0.9639,0.5498
bio,random,standard,3,25,3,0.1737745568156242,0.9874,0.2757
bio,random,standard,3,25,4,0.1384756654500961,0.9768,0.2527
bio,random,standard,3,25,5,0.174854202568531,0.9878,0.252
bio,random,standard,3,25,6,0.1626186832785606,0.9857,0.2254
bio,random,standard,3,25,7,0.1515076957643032,0.9879,0.3414
bio,random,standard,3,25,8,0.1341778554022312,0.9819,0.2068
bio,random,standard,3,25,9,0.1217672631144523,0.9884,0.2356
bio,random,standard,3,25,10,0.1250715494155883,0.9872,0.2045
bio,random,standard,3,25,11,0.1612938046455383,0.9861,0.4263
bio,random,standard,3,25,12,0.1471451304852962,0.985,0.202
bio,random,standard,3,25,13,0.1237144313752651,0.9879,0.198
bio,random,standard,3,25,14,0.1193866930902004,0.9882,0.2061
bio,random,standard,3,25,15,0.1215703204274177,0.9883,0.1937
bio,random,standard,3,25,16,0.1224554486572742,0.9882,0.2263
bio,random,standard,3,25,17,0.1219908222556114,0.9856,0.2587
bio,random,standard,3,25,18,0.1131323345005512,0.9875,0.1875
bio,random,standard,3,25,19,0.116015026718378,0.9864,0.3118
bio,random,standard,3,25,20,0.1151617437601089,0.9889,0.213
bio,random,standard,3,25,21,0.1185116298496723,0.985,0.2165
bio,random,standard,3,25,22,0.1148021981120109,0.9877,0.2224
bio,random,standard,3,25,23,0.1121478088200092,0.986,0.1894
bio,random,standard,3,25,24,0.1145628072321414,0.9866,0.2882
bio,spectrum,standard,1,25,1,1.6167761772871017,0.7559,1.0745
bio,spectrum,standard,1,25,2,0.550236850976944,0.7636,1.3646
bio,spectrum,standard,1,25,3,0.4288551449775696,0.7761,0.7904
bio,spectrum,standard,1,25,4,0.4241071105003356,0.6889,0.7661
bio,spectrum,standard,1,25,5,0.4115599364042282,0.8321,0.8609
bio,spectrum,standard,1,25,6,0.375118488073349,0.7775,0.759
bio,spectrum,standard,1,25,7,0.3604042887687683,0.8344,0.8615
bio,spectrum,standard,1,25,8,0.3762990891933441,0.8293,0.7421
bio,spectrum,standard,1,25,9,0.3654091596603394,0.8471,0.8359
bio,spectrum,standard,1,25,10,0.3850112736225128,0.8541,0.6644
bio,spectrum,standard,1,25,11,0.3545158863067627,0.8502,0.7733
bio,spectrum,standard,1,25,12,0.352475306391716,0.8599,0.7717
bio,spectrum,standard,1,25,13,0.3501832097768783,0.863,0.7666
bio,spectrum,standard,1,25,14,0.340053316950798,0.8715,0.8574
bio,spectrum,standard,1,25,15,0.3557611346244812,0.8839,0.6783
bio,spectrum,standard,1,25,16,0.3810756325721741,0.7942,0.7996
bio,spectrum,standard,5,25,1,0.969516497850418,0.7617,0.7088
bio,spectrum,standard,5,25,2,0.3418064773082733,0.841,0.7047
bio,spectrum,standard,5,25,3,0.3304552674293518,0.8367,0.778
bio,spectrum,standard,5,25,4,0.3253166586160659,0.8506,0.721
bio,spectrum,standard,5,25,5,0.3112273156642914,0.8522,0.6973
bio,spectrum,standard,5,25,6,0.3010859847068786,0.8962,0.7374
bio,spectrum,standard,5,25,7,0.2744042366743088,0.86,0.6709
bio,spectrum,standard,5,25,8,0.3064243227243423,0.8272,0.8635
bio,spectrum,standard,5,25,9,0.3248273223638535,0.8595,0.6431
bio,spectrum,standard,5,25,10,0.3072942048311233,0.9048,0.6976
bio,spectrum,standard,5,25,11,0.2866499438881874,0.8843,0.7026
bio,spectrum,standard,5,25,12,0.2884703129529953,0.9522,0.5637
bio,spectrum,standard,5,25,13,0.2684186086058616,0.9103,0.6442
bio,spectrum,standard,5,25,14,0.2703778311610222,0.9207,0.6036
bio,spectrum,standard,5,25,15,0.2532435491681098,0.9712,0.5458
bio,spectrum,standard,5,25,16,0.2824003979563713,0.9319,0.5639
bio,spectrum,standard,5,25,17,0.2828331634402275,0.9579,0.5642
bio,spectrum,standard,5,25,18,0.2924395442008972,0.954,0.5336
bio,spectrum,standard,5,25,19,0.2619729071855545,0.9667,0.4671
bio,spectrum,standard,5,25,20,0.2891537219285965,0.9196,0.5503
bio,spectrum,standard,5,25,21,0.2729547068476677,0.9081,0.5855
bio,spectrum,standard,5,25,22,0.2836015194654465,0.8969,0.6936
bio,spectrum,standard,5,25,23,0.3012294232845306,0.9032,0.6151
bio,spectrum,standard,5,25,24,0.2613170146942138,0.9555,0.5519
bio,spectrum,standard,5,25,25,0.3883269250392914,0.8041,0.6425
bio,dense,standard,3,25,1,0.5067220091819763,0.7837,0.8277
bio,dense,standard,3,25,2,0.3075928539037704,0.8053,0.7896
bio,dense,standard,3,25,3,0.3199488341808319,0.8438,0.7087
bio,dense,standard,3,25,4,0.305696901679039,0.8456,0.675
bio,dense,standard,3,25,5,0.3142883777618408,0.8479,0.6993
bio,dense,standard,3,25,6,0.3027754873037338,0.8634,0.8725
bio,dense,standard,3,25,7,0.3039855808019638,0.8798,0.883
bio,dense,standard,3,25,8,0.3126260638236999,0.8742,0.8759
bio,dense,standard,3,25,9,0.3052071571350098,0.8541,0.7507
bio,dense,standard,3,25,10,0.301243656873703,0.8637,0.6573
bio,dense,standard,3,25,11,0.3206509858369827,0.8515,0.7041
bio,dense,standard,3,25,12,0.2994303196668625,0.847,0.7038
bio,dense,standard,3,25,13,0.2984832257032394,0.8724,0.7383
bio,dense,standard,3,25,14,0.2979266941547394,0.8868,0.7547
bio,dense,standard,3,25,15,0.2967549502849579,0.8523,0.682
bio,dense,standard,3,25,16,0.3032556027173996,0.8652,0.6967
generic,connectome,standard,1,25,1,0.3681996554136276,0.9851,0.3959
generic,connectome,standard,1,25,2,0.2084492251276969,0.9768,0.2472
generic,connectome,standard,1,25,3,0.2000490292906761,0.9849,0.6225
generic,connectome,standard,1,25,4,0.2106535270810127,0.9787,0.2592
generic,connectome,standard,1,25,5,0.1686384432017803,0.9857,0.2212
generic,connectome,standard,1,25,6,0.2665404073894024,0.9874,0.2274
generic,connectome,standard,1,25,7,0.1761526495218277,0.9745,0.4305
generic,connectome,standard,1,25,8,0.1628629148006439,0.9789,0.2306
generic,connectome,standard,1,25,9,0.1948124095797538,0.9796,0.2599
generic,connectome,standard,1,25,10,0.1428725458681583,0.9787,0.2628
generic,connectome,standard,1,25,11,0.1228601887822151,0.9833,0.2111
generic,connectome,standard,1,25,12,0.1297345481812954,0.9853,0.2717
generic,connectome,standard,1,25,13,0.1292804233729839,0.9865,0.2837
generic,connectome,standard,1,25,14,0.1631321012973785,0.9776,0.5751
generic,connectome,standard,1,25,15,0.1432645514607429,0.9803,0.3555
generic,connectome,standard,1,25,16,0.1179445907473564,0.9814,0.207
generic,connectome,standard,1,25,17,0.1349913731217384,0.982,0.212
generic,connectome,standard,1,25,18,0.1423945672810077,0.9822,0.4709
generic,connectome,standard,1,25,19,0.1204703830182552,0.9849,0.2013
generic,connectome,standard,1,25,20,0.1048293780535459,0.9836,0.2195
generic,connectome,standard,1,25,21,0.1128211073577404,0.9809,0.3052
generic,connectome,standard,1,25,22,0.1160219363868236,0.983,0.2627
generic,connectome,standard,1,25,23,0.1075558006763458,0.9841,0.28
generic,connectome,standard,1,25,24,0.1257449217140674,0.986,0.2666
generic,connectome,standard,1,25,25,0.1134361051023006,0.9853,0.3255
generic,connectome,standard,5,25,1,0.3582091435790062,0.9785,0.3827
generic,connectome,standard,5,25,2,0.2302912846207618,0.9707,0.275
generic,connectome,standard,5,25,3,0.1756636701524257,0.9736,0.4563
generic,connectome,standard,5,25,4,0.1346355549991131,0.9812,0.2581
generic,connectome,standard,5,25,5,0.1399449937045574,0.9793,0.4498
generic,connectome,standard,5,25,6,0.1394841030240058,0.9764,0.2523
generic,connectome,standard,5,25,7,0.1522826440632343,0.9838,0.3263
generic,connectome,standard,5,25,8,0.1354278162121772,0.9795,0.2571
generic,connectome,standard,5,25,9,0.1484063185751438,0.9825,0.2286
generic,connectome,standard,5,25,10,0.185344298183918,0.9771,0.2478
generic,connectome,standard,5,25,11,0.1472547240555286,0.9814,0.2518
generic,connectome,standard,5,25,12,0.1151395961642265,0.981,0.2674
generic,connectome,standard,5,25,13,0.114059767127037,0.9825,0.2289
generic,connectome,standard,5,25,14,0.1202785417437553,0.985,0.2718
generic,connectome,standard,5,25,15,0.1212287329137325,0.9799,0.2067
generic,connectome,standard,5,25,16,0.135156312584877,0.9791,0.3851
generic,connectome,standard,5,25,17,0.1439306281507015,0.9749,0.3146
generic,connectome,standard,5,25,18,0.1264897465705871,0.9796,0.2626
generic,connectome,standard,5,25,19,0.1171736270189285,0.9829,0.2333
generic,connectome,standard,5,25,20,0.1119593732059001,0.982,0.2217
generic,connectome,standard,5,25,21,0.1183607436716556,0.9849,0.21
generic,degree,standard,3,25,1,0.3561471819877624,0.9857,0.4181
generic,degree,standard,3,25,2,0.1508640423417091,0.9687,0.2926
generic,degree,standard,3,25,3,0.2763854071497917,0.9822,0.2698
generic,degree,standard,3,25,4,0.1228552751243114,0.9757,0.2785
generic,degree,standard,3,25,5,0.1472310714423656,0.9828,0.365
generic,degree,standard,3,25,6,0.1168536059558391,0.9853,0.2724
generic,degree,standard,3,25,7,0.1077910579741001,0.9851,0.2089
generic,degree,standard,3,25,8,0.1163481883704662,0.979,0.299
generic,degree,standard,3,25,9,0.1204587616026401,0.9829,0.253
generic,degree,standard,3,25,10,0.1221731960773468,0.9834,0.2926
generic,degree,standard,3,25,11,0.1490159481763839,0.9828,0.4518
generic,degree,standard,3,25,12,0.1251390621066093,0.9843,0.2292
generic,degree,standard,3,25,13,0.1047208033502102,0.9833,0.2144
generic,random,standard,1,25,1,0.4873906999826431,0.9732,0.4363
generic,random,standard,1,25,2,0.4269199445843696,0.9766,0.3023
generic,random,standard,1,25,3,0.2590849816799164,0.9596,0.3054
generic,random,standard,1,25,4,0.1966711223125457,0.9839,0.2705
generic,random,standard,1,25,5,0.1480681307613849,0.9862,0.2305
generic,random,standard,1,25,6,0.1574357509613037,0.9857,0.2148
generic,random,standard,1,25,7,0.1272536434233188,0.9836,0.3106
generic,random,standard,1,25,8,0.1476273573935032,0.9786,0.2361
generic,random,standard,1,25,9,0.1579521879553795,0.9636,0.4968
generic,random,standard,1,25,10,0.1586900256574153,0.9817,0.2305
generic,random,standard,1,25,11,0.1470118544995785,0.9856,0.2995
generic,random,standard,1,25,12,0.135163477808237,0.9855,0.2261
generic,random,standard,5,25,1,0.4548763185739517,0.9223,0.5472
generic,random,standard,5,25,2,0.3739832147955894,0.9816,0.2496
generic,random,standard,5,25,3,0.1531021066009998,0.9731,0.2827
generic,random,standard,5,25,4,0.1435751646757125,0.9868,0.2395
generic,random,standard,5,25,5,0.1666482403874397,0.9847,0.2165
generic,random,standard,5,25,6,0.1933032035827636,0.9861,0.4322
generic,random,standard,5,25,7,0.1570206001400947,0.9845,0.2391
generic,random,standard,5,25,8,0.1338144324719906,0.9771,0.3045
generic,random,standard,5,25,9,0.1366923533380031,0.9776,0.2295
generic,random,standard,5,25,10,0.1921246543526649,0.9793,0.216
generic,random,standard,5,25,11,0.1800017811357975,0.9851,0.2213
generic,random,standard,5,25,12,0.1303511522710323,0.9834,0.2417
generic,random,standard,5,25,13,0.1237435884773731,0.9782,0.2737
generic,random,standard,5,25,14,0.1273871064186096,0.9757,0.304
generic,random,standard,5,25,15,0.124033536016941,0.9782,0.2476
generic,random,standard,5,25,16,0.1587505772709846,0.9791,0.6566
generic,spectrum,standard,3,25,1,2.2923753410577774,0.5693,6.4074
generic,spectrum,standard,3,25,2,3.141394764184952,0.9474,2.1623
generic,spectrum,standard,3,25,3,0.4147466674447059,0.8354,1.0362
generic,spectrum,standard,3,25,4,0.3286670744419098,0.9606,0.9439
generic,spectrum,standard,3,25,5,0.2555682778358459,0.9071,0.5286
generic,spectrum,standard,3,25,6,0.2561003193259239,0.9786,0.4547
generic,spectrum,standard,3,25,7,0.179227315634489,0.9615,0.3006
generic,spectrum,standard,3,25,8,0.1970217496156692,0.9821,0.3995
generic,spectrum,standard,3,25,9,0.1794989600777626,0.9745,0.2985
generic,spectrum,standard,3,25,10,0.1998544737696647,0.9829,0.3732
generic,spectrum,standard,3,25,11,0.1883076414465904,0.9729,0.5555
generic,spectrum,standard,3,25,12,0.218410624563694,0.9711,0.285
generic,spectrum,standard,3,25,13,0.196345154941082,0.9669,0.3511
generic,spectrum,standard,3,25,14,0.1589123971760273,0.9447,0.375
generic,spectrum,standard,3,25,15,0.2069121472537517,0.9784,0.4808
generic,spectrum,standard,3,25,16,0.1839079424738884,0.9784,0.3994
generic,spectrum,standard,3,25,17,0.1698099657893181,0.9826,0.252
generic,spectrum,standard,3,25,18,0.1963022157549858,0.9809,0.6241
generic,spectrum,standard,3,25,19,0.2251931846141815,0.9802,0.3143
generic,spectrum,standard,3,25,20,0.1933595106005668,0.9787,0.2789
generic,spectrum,standard,3,25,21,0.1787707462906837,0.9822,0.3335
generic,spectrum,standard,3,25,22,0.1707584798336029,0.9702,0.4028
generic,spectrum,standard,3,25,23,0.1569959953427314,0.9705,0.49
generic,dense,standard,1,25,1,1.8785297691822047,0.9116,0.8991
generic,dense,standard,1,25,2,0.9450752377510072,0.8901,1.2278
generic,dense,standard,1,25,3,0.5883377462625503,0.9611,1.3647
generic,dense,standard,1,25,4,0.4433554649353027,0.9755,0.6569
generic,dense,standard,1,25,5,0.3374606490135193,0.9696,0.7832
generic,dense,standard,1,25,6,0.3331253945827484,0.9686,0.6257
generic,dense,standard,1,25,7,0.3384787172079086,0.9574,0.8117
generic,dense,standard,1,25,8,0.3333950668573379,0.9652,0.6161
generic,dense,standard,1,25,9,0.3337895900011062,0.9196,0.7661
generic,dense,standard,1,25,10,0.3352738291025162,0.9491,0.6085
generic,dense,standard,1,25,11,0.3457940578460693,0.7553,0.807
generic,dense,standard,1,25,12,0.4048997104167938,0.9377,0.8169
generic,dense,standard,1,25,13,0.3319538950920105,0.9402,1.1134
generic,dense,standard,1,25,14,0.3869378715753555,0.9594,0.6013
generic,dense,standard,1,25,15,0.3612514138221741,0.932,0.7619
generic,dense,standard,1,25,16,0.3304782956838608,0.9076,0.6502
generic,dense,standard,1,25,17,0.3848689645528793,0.9184,0.8971
generic,dense,standard,1,25,18,0.3661722660064697,0.9172,0.5937
generic,dense,standard,1,25,19,0.3404076635837555,0.9231,0.5962
generic,dense,standard,1,25,20,0.402326712012291,0.6281,0.7084
generic,dense,standard,1,25,21,0.388168939948082,0.6136,0.6661
generic,dense,standard,1,25,22,0.4180966585874557,0.8837,0.8284
generic,dense,standard,1,25,23,0.3905490294098854,0.8973,0.5968
generic,dense,standard,1,25,24,0.3647534102201462,0.8673,0.5821
generic,dense,standard,1,25,25,0.3796229958534241,0.877,1.0224
generic,dense,standard,1,25,26,0.3766315907239914,0.8865,0.5835
generic,dense,standard,1,25,27,0.3810824960470199,0.9142,0.5733
generic,dense,standard,1,25,28,0.33640978038311,0.9304,0.6499
generic,dense,standard,1,25,29,0.3571260571479797,0.9261,0.8971
generic,dense,standard,1,25,30,0.3906403809785843,0.952,0.5707
generic,dense,standard,5,25,1,1.22889900803566,0.5802,0.9366
generic,dense,standard,5,25,2,0.5535270899534226,0.9498,1.3785
generic,dense,standard,5,25,3,0.4371160805225372,0.8823,0.5702
generic,dense,standard,5,25,4,0.342303554713726,0.9165,1.7369
generic,dense,standard,5,25,5,0.7931641429662705,0.9044,0.6061
generic,dense,standard,5,25,6,0.359065879881382,0.6568,1.9948
generic,dense,standard,5,25,7,1.1141946017742157,0.9157,1.0509
generic,dense,standard,5,25,8,1.0059907108545303,0.9825,1.957
generic,dense,standard,5,25,9,0.5466894567012787,0.9744,1.9604
bio,adapter_only,standard,3,25,1,0.3305168807506561,0.8568,0.6002
bio,adapter_only,standard,3,25,2,0.3110956907272338,0.882,0.5915
bio,adapter_only,standard,3,25,3,0.2952525526285171,0.895,0.5827
bio,adapter_only,standard,3,25,4,0.2834237188100815,0.9079,0.5841
bio,adapter_only,standard,3,25,5,0.2731680020689964,0.9135,0.5769
bio,adapter_only,standard,3,25,6,0.2651313632726669,0.9268,0.5928
bio,adapter_only,standard,3,25,7,0.2580926343798637,0.9249,0.5685
bio,adapter_only,standard,3,25,8,0.2523923262953758,0.9355,0.5795
bio,adapter_only,standard,3,25,9,0.2476972103118896,0.9386,0.5684
bio,adapter_only,standard,3,25,10,0.2427998065948486,0.9392,0.5506
bio,adapter_only,standard,3,25,11,0.2381045892834663,0.9487,0.5542
bio,adapter_only,standard,3,25,12,0.2342589139938354,0.9569,0.5468
bio,adapter_only,standard,3,25,13,0.2296187385916709,0.9534,0.5222
bio,adapter_only,standard,3,25,14,0.2251582220196724,0.9652,0.525
bio,adapter_only,standard,3,25,15,0.2211694374680519,0.9664,0.5104
bio,adapter_only,standard,3,25,16,0.2173378705978393,0.9753,0.5035
bio,adapter_only,standard,3,25,17,0.2130521714687347,0.9723,0.4802
bio,adapter_only,standard,3,25,18,0.2091796338558197,0.9816,0.4789
bio,adapter_only,standard,3,25,19,0.2054003655910491,0.9828,0.4645
bio,adapter_only,standard,3,25,20,0.2024098590016365,0.9839,0.4534
bio,adapter_only,standard,3,25,21,0.198895463347435,0.9844,0.4417
bio,adapter_only,standard,3,25,22,0.1956190451979637,0.9863,0.4334
bio,adapter_only,standard,3,25,23,0.1925190463662147,0.9868,0.4264
bio,adapter_only,standard,3,25,24,0.18997802734375,0.9868,0.4162
bio,adapter_only,standard,3,25,25,0.1874210730195045,0.9881,0.4172
bio,adapter_only,standard,3,25,26,0.1847664982080459,0.9875,0.4002
bio,adapter_only,standard,3,25,27,0.182499773800373,0.9881,0.3966
bio,adapter_only,standard,3,25,28,0.1800344198942184,0.988,0.3858
bio,adapter_only,standard,3,25,29,0.1780872449278831,0.9882,0.3795
bio,adapter_only,standard,3,25,30,0.1760788202285766,0.9886,0.3813
bio,connectome,standard,3,50,1,0.5695076227188111,0.9505,0.4175
bio,connectome,standard,3,50,2,0.1894796267151832,0.9875,0.3345
bio,connectome,standard,3,50,3,0.1669932477176189,0.9824,0.3188
bio,connectome,standard,3,50,4,0.1452055618166923,0.9861,0.2663
bio,connectome,standard,3,50,5,0.1359679337590932,0.9779,0.2638
bio,connectome,standard,3,50,6,0.1610413521528244,0.9806,0.2261
bio,connectome,standard,3,50,7,0.1348534930497407,0.9823,0.2314
bio,connectome,standard,3,50,8,0.1301909834146499,0.9854,0.2416
bio,connectome,standard,3,50,9,0.1301186297088861,0.9858,0.2108
bio,connectome,standard,3,50,10,0.1241573106497526,0.9818,0.2457
bio,connectome,standard,3,50,11,0.1251804698258638,0.9843,0.2473
bio,connectome,standard,3,50,12,0.1139851406216621,0.9844,0.2631
bio,connectome,standard,3,50,13,0.1358982294797897,0.9833,0.2295
bio,connectome,standard,3,50,14,0.1260202661156654,0.9828,0.245
bio,connectome,standard,3,50,15,0.1176693368703127,0.9835,0.3573
bio,connectome,graded_ln,1,50,1,0.6730599284172059,0.9259,0.511
bio,connectome,graded_ln,1,50,2,0.1905270665884018,0.9864,0.2807
bio,connectome,graded_ln,1,50,3,0.1778736717998981,0.9841,0.3001
bio,connectome,graded_ln,1,50,4,0.1580594595521688,0.9893,0.3308
bio,connectome,graded_ln,1,50,5,0.1518585905432701,0.9897,0.3347
bio,connectome,graded_ln,1,50,6,0.1493653032928705,0.9884,0.2269
bio,connectome,graded_ln,1,50,7,0.1408694647252559,0.9737,0.3102
bio,connectome,graded_ln,1,50,8,0.157823821157217,0.9886,0.3373
bio,connectome,graded_ln,1,50,9,0.1492908477783203,0.9838,0.2052
bio,connectome,graded_ln,1,50,10,0.1469186004251241,0.9834,0.4511
bio,connectome,graded_ln,1,50,11,0.151909015327692,0.9879,0.2286
bio,connectome,graded_ln,1,50,12,0.1367263749241828,0.9845,0.2339
bio,connectome,graded_ln,1,50,13,0.1305410265922546,0.9871,0.2361
bio,connectome,graded_ln,1,50,14,0.1247347902506589,0.9856,0.2284
bio,connectome,graded_ln,1,50,15,0.1181774668395519,0.9836,0.2124
bio,connectome,graded_ln,5,50,1,0.5863245598971843,0.9481,0.6098
bio,connectome,graded_ln,5,50,2,0.2200902044773101,0.9874,0.2445
bio,connectome,graded_ln,5,50,3,0.1689621217548847,0.9838,0.2343
bio,connectome,graded_ln,5,50,4,0.1664623647928237,0.9856,0.245
bio,connectome,graded_ln,5,50,5,0.1502647239714861,0.9868,0.2811
bio,connectome,graded_ln,5,50,6,0.1605517514050007,0.98,0.2146
bio,connectome,graded_ln,5,50,7,0.1484959229826927,0.9871,0.2564
bio,connectome,graded_ln,5,50,8,0.1464676924049854,0.986,0.2605
bio,connectome,graded_ln,5,50,9,0.1436999045312404,0.9853,0.2141
bio,connectome,graded_ln,5,50,10,0.1407641850411892,0.981,0.2069
bio,connectome,graded_ln,5,50,11,0.1418171841651201,0.9834,0.2427
bio,connectome,graded_ln,5,50,12,0.1524090059101581,0.9877,0.2558
bio,connectome,graded_ln,5,50,13,0.1419847887009382,0.9847,0.196
bio,connectome,graded_ln,5,50,14,0.1329554595053196,0.9855,0.2797
bio,connectome,graded_ln,5,50,15,0.1316444396972656,0.9869,0.1948
bio,connectome,graded_ln,5,50,16,0.1437073763459921,0.9864,0.2303
bio,connectome,graded_ln,5,50,17,0.1272930923849344,0.9856,0.2391
bio,connectome,graded_ln,5,50,18,0.1228694710880518,0.9853,0.2085
bio,connectome,graded_ln,5,50,19,0.1351642906665802,0.9849,0.2022
bio,connectome,graded_ln,5,50,20,0.1371216513216495,0.9838,0.2804
bio,connectome,graded_ln,5,50,21,0.1461405981332063,0.9781,0.2347
bio,degree,standard,3,50,1,0.6714151129126549,0.9702,0.4292
bio,degree,standard,3,50,2,0.2152464687824249,0.9637,0.5039
bio,degree,standard,3,50,3,0.1661650009453296,0.9872,0.2483
bio,degree,standard,3,50,4,0.1551806665956974,0.9878,0.3572
bio,degree,standard,3,50,5,0.1550950609147548,0.9886,0.2536
bio,degree,standard,3,50,6,0.1526145238429307,0.9865,0.2635
bio,degree,standard,3,50,7,0.1368409097194671,0.9865,0.2077
bio,degree,standard,3,50,8,0.1336479172110557,0.9858,0.3411
bio,degree,standard,3,50,9,0.1439377710223198,0.9881,0.2507
bio,degree,standard,3,50,10,0.1304864589124918,0.9881,0.2004
bio,degree,standard,3,50,11,0.1292455721646547,0.9851,0.2404
bio,degree,standard,3,50,12,0.1253584343940019,0.9849,0.2274
bio,degree,standard,3,50,13,0.1316052719950676,0.9826,0.2307
bio,degree,standard,3,50,14,0.1347662907093763,0.985,0.2697
bio,degree,standard,3,50,15,0.1271216973662376,0.9884,0.3065
bio,degree,standard,3,50,16,0.1215730112046003,0.9844,0.2177
bio,degree,graded_ln,1,50,1,0.7198293000459671,0.9266,0.6428
bio,degree,graded_ln,1,50,2,0.2376851789653301,0.9828,0.4241
bio,degree,graded_ln,1,50,3,0.1803500205278396,0.9757,0.2604
bio,degree,graded_ln,1,50,4,0.1787500590085983,0.9872,0.3546
bio,degree,graded_ln,1,50,5,0.1669962383806705,0.9889,0.2618
bio,degree,graded_ln,1,50,6,0.1491989497095346,0.9847,0.2109
bio,degree,graded_ln,1,50,7,0.1481171291321516,0.9853,0.2123
bio,degree,graded_ln,1,50,8,0.1408051934093236,0.9895,0.2944
bio,degree,graded_ln,1,50,9,0.1447952751070261,0.9879,0.1814
bio,degree,graded_ln,1,50,10,0.1336155161261558,0.99,0.1919
bio,degree,graded_ln,1,50,11,0.122844111919403,0.9901,0.2441
bio,degree,graded_ln,1,50,12,0.124286463484168,0.9848,0.259
bio,degree,graded_ln,1,50,13,0.129651090875268,0.9891,0.239
bio,degree,graded_ln,1,50,14,0.124464476108551,0.9891,0.201
bio,degree,graded_ln,1,50,15,0.1206767085939645,0.9875,0.1781
bio,degree,graded_ln,1,50,16,0.1268417436629533,0.9867,0.2023
bio,degree,graded_ln,1,50,17,0.1190499387681484,0.9863,0.1961
bio,degree,graded_ln,1,50,18,0.1183939632028341,0.9893,0.176
bio,degree,graded_ln,1,50,19,0.1182172071188688,0.987,0.1986
bio,degree,graded_ln,1,50,20,0.1196041110903024,0.9883,0.2605
bio,degree,graded_ln,1,50,21,0.1187223497778177,0.9886,0.2932
bio,degree,graded_ln,1,50,22,0.1274189181625843,0.9877,0.2682
bio,degree,graded_ln,1,50,23,0.1099908087402582,0.9886,0.1722
bio,degree,graded_ln,1,50,24,0.116597244888544,0.9878,0.1982
bio,degree,graded_ln,1,50,25,0.1146217297762632,0.9878,0.252
bio,degree,graded_ln,1,50,26,0.1106616165488958,0.9871,0.1806
bio,degree,graded_ln,1,50,27,0.1128789946436882,0.988,0.2052
bio,degree,graded_ln,1,50,28,0.1048332851380109,0.9871,0.1799
bio,degree,graded_ln,1,50,29,0.1109740741550922,0.9877,0.1721
bio,degree,graded_ln,1,50,30,0.1103780940175056,0.9849,0.1937
bio,degree,graded_ln,5,50,1,0.6175781302154064,0.9663,0.4916
bio,degree,graded_ln,5,50,2,0.216750793159008,0.9824,0.3467
bio,degree,graded_ln,5,50,3,0.174206767976284,0.9859,0.2606
bio,degree,graded_ln,5,50,4,0.1652757603675127,0.9871,0.2663
bio,degree,graded_ln,5,50,5,0.1475440811365843,0.9885,0.2824
bio,degree,graded_ln,5,50,6,0.1667321354150772,0.9782,0.2547
bio,degree,graded_ln,5,50,7,0.1554649818688631,0.9886,0.2406
bio,degree,graded_ln,5,50,8,0.149862103536725,0.9888,0.3214
bio,degree,graded_ln,5,50,9,0.1465157594531774,0.9885,0.2211
bio,degree,graded_ln,5,50,10,0.1338938951492309,0.9892,0.2078
bio,degree,graded_ln,5,50,11,0.1347866974771022,0.9874,0.216
bio,degree,graded_ln,5,50,12,0.1452395293861627,0.9892,0.2245
bio,degree,graded_ln,5,50,13,0.1405619602650404,0.9882,0.2451
bio,degree,graded_ln,5,50,14,0.1321558833122253,0.9889,0.243
bio,degree,graded_ln,5,50,15,0.1301705453544855,0.9864,0.2017
bio,degree,graded_ln,5,50,16,0.1320121753960847,0.9888,0.1812
bio,degree,graded_ln,5,50,17,0.1289416018873453,0.9869,0.2667
bio,degree,graded_ln,5,50,18,0.1285109985619783,0.9875,0.1998
bio,degree,graded_ln,5,50,19,0.1199729114770889,0.9883,0.1743
bio,degree,graded_ln,5,50,20,0.1402347277849912,0.9856,0.2446
bio,degree,graded_ln,5,50,21,0.1305482309311628,0.9861,0.2045
bio,degree,graded_ln,5,50,22,0.1245522778481245,0.9881,0.1776
bio,degree,graded_ln,5,50,23,0.1208976980298757,0.984,0.2069
bio,degree,graded_ln,5,50,24,0.118858740478754,0.9881,0.1819
bio,degree,graded_ln,5,50,25,0.1221724580973386,0.9845,0.257
bio,random,standard,3,50,1,0.5252838283777237,0.9594,0.3923
bio,random,standard,3,50,2,0.1916325539350509,0.9868,0.3195
bio,random,standard,3,50,3,0.1527094013988971,0.9854,0.2061
bio,random,standard,3,50,4,0.1585203390568494,0.9886,0.2176
bio,random,standard,3,50,5,0.1341310176998376,0.9864,0.193
bio,random,standard,3,50,6,0.1727908883243799,0.9796,0.2498
bio,random,standard,3,50,7,0.1382820963859558,0.9853,0.2011
bio,random,standard,3,50,8,0.1329299561679363,0.9857,0.2703
bio,random,standard,3,50,9,0.1395085636526346,0.9888,0.203
bio,random,standard,3,50,10,0.1293145325034856,0.9867,0.227
bio,random,standard,3,50,11,0.1359310500323772,0.9863,0.2741
bio,spectrum,standard,1,50,1,0.9066719710826874,0.7877,1.1236
bio,spectrum,standard,1,50,2,0.372390678524971,0.8245,0.7411
bio,spectrum,standard,1,50,3,0.3405122250318527,0.8463,0.788
bio,spectrum,standard,1,50,4,0.3345359444618225,0.8553,0.7
bio,spectrum,standard,1,50,5,0.3341300934553146,0.8623,0.7472
bio,spectrum,standard,1,50,6,0.3325500726699829,0.8649,0.7421
bio,spectrum,standard,1,50,7,0.3275301098823547,0.8544,0.7572
bio,spectrum,standard,1,50,8,0.3304770275950431,0.8578,0.8082
bio,spectrum,standard,1,50,9,0.329889303445816,0.8514,0.7711
bio,spectrum,standard,1,50,10,0.331555862724781,0.8747,0.8437
bio,spectrum,standard,5,50,1,0.7943760871887207,0.7691,0.76
bio,spectrum,standard,5,50,2,0.3358007609844208,0.8382,0.7492
bio,spectrum,standard,5,50,3,0.3339928224682807,0.8454,0.7254
bio,spectrum,standard,5,50,4,0.3213044866919518,0.9589,0.5914
bio,spectrum,standard,5,50,5,0.3027898177504539,0.8943,0.6461
bio,spectrum,standard,5,50,6,0.2656139768660068,0.9153,0.5947
bio,spectrum,standard,5,50,7,0.273496413230896,0.9022,0.5975
bio,spectrum,standard,5,50,8,0.2812206253409385,0.9397,0.5334
bio,spectrum,standard,5,50,9,0.2662949554622173,0.9551,0.5969
bio,spectrum,standard,5,50,10,0.301563137024641,0.9737,0.3662
bio,spectrum,standard,5,50,11,0.2666659660637379,0.9346,0.5352
bio,spectrum,standard,5,50,12,0.298367029428482,0.9581,0.5483
bio,spectrum,standard,5,50,13,0.2748389221727848,0.9344,0.6903
bio,spectrum,standard,5,50,14,0.2539545327425003,0.927,0.4761
bio,spectrum,standard,5,50,15,0.2606128267943859,0.9643,0.4665
bio,spectrum,standard,5,50,16,0.2632503904402256,0.9705,0.4525
bio,dense,standard,3,50,1,0.6919504940509796,0.8148,0.9795
bio,dense,standard,3,50,2,0.3474783971905708,0.8426,0.8757
bio,dense,standard,3,50,3,0.3586745619773864,0.8462,0.7815
bio,dense,standard,3,50,4,0.3537525936961174,0.8379,0.6632
bio,dense,standard,3,50,5,0.3509036764502525,0.8325,0.7448
bio,dense,standard,3,50,6,0.3475614577531815,0.8536,0.7349
bio,dense,standard,3,50,7,0.3381878718733787,0.7217,0.6528
bio,dense,standard,3,50,8,0.3376331657171249,0.7176,0.8229
bio,dense,standard,3,50,9,0.3501332923769951,0.7253,0.8258
bio,dense,standard,3,50,10,0.3363586097955703,0.7291,0.8166
bio,dense,standard,3,50,11,0.3407948344945907,0.7228,0.7318
bio,dense,standard,3,50,12,0.3388333320617676,0.7196,0.6696
bio,dense,standard,3,50,13,0.3413211598992348,0.7907,0.6783
generic,connectome,standard,1,50,1,0.3569560766220093,0.9719,0.3053
generic,connectome,standard,1,50,2,0.1847372688353061,0.9819,0.235
generic,connectome,standard,1,50,3,0.1415213659405708,0.9817,0.2732
generic,connectome,standard,1,50,4,0.1223359197378158,0.9735,0.4138
generic,connectome,standard,1,50,5,0.1321936897933483,0.9744,0.3547
generic,connectome,standard,1,50,6,0.1290633786469698,0.9847,0.2141
generic,connectome,standard,1,50,7,0.1720386084169149,0.9852,0.2111
generic,connectome,standard,1,50,8,0.1150153134018182,0.9827,0.3443
generic,connectome,standard,1,50,9,0.1085102368146181,0.9834,0.2286
generic,connectome,standard,1,50,10,0.1196556113660335,0.9817,0.22
generic,connectome,standard,1,50,11,0.1252189550548791,0.9838,0.2989
generic,connectome,standard,1,50,12,0.1035290494561195,0.9799,0.344
generic,connectome,standard,1,50,13,0.1308219768106937,0.9871,0.3216
generic,connectome,standard,5,50,1,0.2886097870767116,0.9735,0.3149
generic,connectome,standard,5,50,2,0.1725243113934993,0.9872,0.2886
generic,connectome,standard,5,50,3,0.1366561878472566,0.985,0.1897
generic,connectome,standard,5,50,4,0.143546937033534,0.9824,0.2983
generic,connectome,standard,5,50,5,0.1327084232121706,0.9831,0.1976
generic,connectome,standard,5,50,6,0.1478431422263383,0.9815,0.2285
generic,connectome,standard,5,50,7,0.1138574488461017,0.9835,0.2227
generic,connectome,standard,5,50,8,0.1485985858365893,0.9858,0.2253
generic,connectome,standard,5,50,9,0.1695467192679643,0.9815,0.4206
generic,degree,standard,3,50,1,0.3592093996703625,0.9726,0.2856
generic,degree,standard,3,50,2,0.1951994962990283,0.9857,0.2411
generic,degree,standard,3,50,3,0.1416215270757675,0.9844,0.2149
generic,degree,standard,3,50,4,0.1619469124823808,0.9681,0.3887
generic,degree,standard,3,50,5,0.1393765151500701,0.9828,0.2268
generic,degree,standard,3,50,6,0.1259023122489452,0.9817,0.2594
generic,degree,standard,3,50,7,0.120965551957488,0.9854,0.212
generic,degree,standard,3,50,8,0.1298324532806873,0.9689,0.4694
generic,degree,standard,3,50,9,0.1223906494677066,0.98,0.2964
generic,degree,standard,3,50,10,0.124072515964508,0.9782,0.282
generic,degree,standard,3,50,11,0.1273295801132917,0.9851,0.3718
generic,degree,standard,3,50,12,0.1263278022408485,0.9827,0.2664
generic,degree,standard,3,50,13,0.1124621126800775,0.9822,0.243
generic,random,standard,1,50,1,0.2939599759876728,0.9859,0.3294
generic,random,standard,1,50,2,0.1622557014226913,0.9739,0.2966
generic,random,standard,1,50,3,0.1469636101275682,0.9837,0.2406
generic,random,standard,1,50,4,0.1373764049261808,0.9802,0.2977
generic,random,standard,1,50,5,0.1347686801105737,0.981,0.4616
generic,random,standard,1,50,6,0.1513546988368034,0.9851,0.2054
generic,random,standard,1,50,7,0.1303590130060911,0.9825,0.3054
generic,random,standard,1,50,8,0.1119344275444746,0.9809,0.239
generic,random,standard,1,50,9,0.1107884597033262,0.9843,0.2376
generic,random,standard,1,50,10,0.1343213576823473,0.987,0.3748
generic,random,standard,1,50,11,0.1127455085515976,0.984,0.3704
generic,random,standard,1,50,12,0.1172156583517789,0.979,0.5282
generic,random,standard,5,50,1,0.3685861341655254,0.9793,0.2984
generic,random,standard,5,50,2,0.1643529549241066,0.9872,0.3307
generic,random,standard,5,50,3,0.1666074894368648,0.9848,0.2305
generic,random,standard,5,50,4,0.1604557789862156,0.9819,0.2178
generic,random,standard,5,50,5,0.1392987195402383,0.9812,0.2917
generic,random,standard,5,50,6,0.1372520916163921,0.9853,0.1867
generic,random,standard,5,50,7,0.1302088376134634,0.9839,0.2593
generic,random,standard,5,50,8,0.133116103336215,0.9865,0.2815
generic,random,standard,5,50,9,0.1319137547165155,0.9836,0.264
generic,random,standard,5,50,10,0.1126064863055944,0.9824,0.2275
generic,random,standard,5,50,11,0.1257147897034883,0.9749,0.279
generic,random,standard,5,50,12,0.1272809114307165,0.9838,0.2169
generic,spectrum,standard,3,50,1,1.538213162124157,0.9169,0.7089
generic,spectrum,standard,3,50,2,0.469234313070774,0.9041,0.6424
generic,spectrum,standard,3,50,3,0.5132218822836876,0.9195,0.6375
generic,spectrum,standard,3,50,4,0.6026982113718986,0.7384,1.6395
generic,spectrum,standard,3,50,5,0.5503241285681725,0.8876,0.6382
generic,spectrum,standard,3,50,6,0.3870860293507576,0.7738,0.6829
generic,spectrum,standard,3,50,7,0.698061665892601,0.8651,0.8298
generic,spectrum,standard,3,50,8,0.5346331477165223,0.7158,0.9697
generic,spectrum,standard,3,50,9,0.5645806953310967,0.9004,0.9273
generic,dense,standard,1,50,1,1.3615686044096946,0.9075,0.7141
generic,dense,standard,1,50,2,0.5115449130535126,0.8652,0.6213
generic,dense,standard,1,50,3,0.7561217665672302,0.9393,0.9148
generic,dense,standard,1,50,4,0.3682867936789989,0.936,0.8188
generic,dense,standard,1,50,5,0.3563316985964775,0.9385,0.6718
generic,dense,standard,1,50,6,0.612630794942379,0.9375,0.5031
generic,dense,standard,1,50,7,0.3932868145406246,0.9161,0.5583
generic,dense,standard,1,50,8,0.4160943493247032,0.8532,0.642
generic,dense,standard,1,50,9,0.3313618436455726,0.7956,1.06
generic,dense,standard,1,50,10,0.378811302781105,0.9577,0.4809
generic,dense,standard,1,50,11,0.2245787397027015,0.9819,0.4486
generic,dense,standard,1,50,12,0.2112295746803283,0.9798,0.3238
generic,dense,standard,1,50,13,0.2037733592092991,0.9678,0.3477
generic,dense,standard,1,50,14,0.205130086094141,0.9788,0.3801
generic,dense,standard,1,50,15,0.1900119729340076,0.9747,0.3414
generic,dense,standard,1,50,16,0.1915893979370594,0.9324,0.5173
generic,dense,standard,1,50,17,0.3888717882335186,0.873,0.5506
generic,dense,standard,1,50,18,0.3556272119283676,0.9369,0.7124
generic,dense,standard,5,50,1,0.7763805359601974,0.8129,0.8892
generic,dense,standard,5,50,2,0.4182427182793617,0.6994,0.9314
generic,dense,standard,5,50,3,0.5326044097542763,0.8803,0.8105
generic,dense,standard,5,50,4,0.3991144806146621,0.8741,0.6821
generic,dense,standard,5,50,5,0.4272451445460319,0.8414,0.6801
generic,dense,standard,5,50,6,0.4204115971922874,0.8457,0.6747
generic,dense,standard,5,50,7,0.4158896446228027,0.8808,1.2097
generic,dense,standard,5,50,8,0.4233130320906639,0.8748,0.6835
generic,dense,standard,5,50,9,0.436407670378685,0.8388,0.6735
generic,dense,standard,5,50,10,0.4253652125597,0.8253,1.0629
generic,dense,standard,5,50,11,0.4373281627893448,0.7632,0.7082
generic,dense,standard,5,50,12,0.4521228313446045,0.813,0.6842
generic,dense,standard,5,50,13,0.4249724313616753,0.8423,1.227
generic,dense,standard,5,50,14,0.4316386967897415,0.8508,1.4461
generic,dense,standard,5,50,15,0.6461770907044411,0.8642,0.6654
generic,dense,standard,5,50,16,0.4131395235657692,0.8586,0.9457
generic,dense,standard,5,50,17,0.453830175101757,0.8524,1.283
generic,dense,standard,5,50,18,0.4223101735115051,0.8407,0.67
generic,dense,standard,5,50,19,0.4821631968021392,0.8422,0.6684
generic,dense,standard,5,50,20,0.4002611607313156,0.7707,1.0966
generic,dense,standard,5,50,21,0.4310251623392105,0.7733,0.7949
bio,adapter_only,standard,3,50,1,0.3405719429254532,0.8784,0.5885
bio,adapter_only,standard,3,50,2,0.3082052104175091,0.9018,0.5766
bio,adapter_only,standard,3,50,3,0.2874424561858177,0.9197,0.5888
bio,adapter_only,standard,3,50,4,0.2731717348098755,0.9272,0.5797
bio,adapter_only,standard,3,50,5,0.2628556653857231,0.9385,0.5745
bio,adapter_only,standard,3,50,6,0.2539995990693569,0.9436,0.5521
bio,adapter_only,standard,3,50,7,0.2463015496730804,0.9522,0.5308
bio,adapter_only,standard,3,50,8,0.2376177579164505,0.9661,0.5072
bio,adapter_only,standard,3,50,9,0.2295190781354904,0.9798,0.4903
bio,adapter_only,standard,3,50,10,0.2223882317543029,0.9857,0.4838
bio,adapter_only,standard,3,50,11,0.2163495115935802,0.9819,0.4403
bio,adapter_only,standard,3,50,12,0.2098439492285251,0.9867,0.444
bio,adapter_only,standard,3,50,13,0.2036369763314724,0.9867,0.4232
bio,adapter_only,standard,3,50,14,0.1988572657108306,0.9868,0.4031
bio,adapter_only,standard,3,50,15,0.194385877251625,0.987,0.3929
bio,adapter_only,standard,3,50,16,0.1903139859437942,0.9873,0.3841
bio,adapter_only,standard,3,50,17,0.1866234563291073,0.9874,0.372
bio,adapter_only,standard,3,50,18,0.1837766751646995,0.9877,0.3649
bio,adapter_only,standard,3,50,19,0.18126912266016,0.9877,0.3657
bio,adapter_only,standard,3,50,20,0.1781196422874927,0.988,0.3448
bio,adapter_only,standard,3,50,21,0.1756405211985111,0.9881,0.3426
bio,adapter_only,standard,3,50,22,0.1731934927403927,0.9881,0.3389
bio,adapter_only,standard,3,50,23,0.1713729135692119,0.9882,0.3346
bio,adapter_only,standard,3,50,24,0.1693132929503917,0.9885,0.3208
bio,adapter_only,standard,3,50,25,0.167146198451519,0.9888,0.3192
bio,adapter_only,standard,3,50,26,0.1656810641288757,0.9889,0.3195
bio,adapter_only,standard,3,50,27,0.1637424930930137,0.989,0.3052
bio,adapter_only,standard,3,50,28,0.1625558622181415,0.9891,0.3022
bio,adapter_only,standard,3,50,29,0.1613352179527282,0.9891,0.3007
bio,adapter_only,standard,3,50,30,0.1597782798111438,0.9891,0.2961
bio,connectome,standard,3,100,1,0.3292243622243404,0.9854,0.4142
bio,connectome,standard,3,100,2,0.1635142298415303,0.9817,0.2437
bio,connectome,standard,3,100,3,0.1392115565016865,0.9772,0.2787
bio,connectome,standard,3,100,4,0.1401662942022085,0.9866,0.2086
bio,connectome,standard,3,100,5,0.124993080087006,0.9838,0.2687
bio,connectome,standard,3,100,6,0.1285561451688409,0.9809,0.2089
bio,connectome,standard,3,100,7,0.1254248136654496,0.9843,0.1936
bio,connectome,standard,3,100,8,0.1257025020197034,0.9816,0.3042
bio,connectome,standard,3,100,9,0.1272632298991084,0.9838,0.3286
bio,connectome,standard,3,100,10,0.1205724244005978,0.9837,0.2486
bio,connectome,standard,3,100,11,0.1124071722850203,0.9818,0.2668
bio,connectome,standard,3,100,12,0.1127800034359097,0.9783,0.3591
bio,connectome,standard,3,100,13,0.1200453292578458,0.9822,0.2479
bio,connectome,graded_ln,1,100,1,0.4310820929706097,0.9871,0.298
bio,connectome,graded_ln,1,100,2,0.1642518818378448,0.9714,0.2932
bio,connectome,graded_ln,1,100,3,0.1496487518772483,0.9888,0.3195
bio,connectome,graded_ln,1,100,4,0.1505533089861273,0.9884,0.3141
bio,connectome,graded_ln,1,100,5,0.1360689990222454,0.989,0.1909
bio,connectome,graded_ln,1,100,6,0.1379802035167813,0.99,0.3417
bio,connectome,graded_ln,1,100,7,0.147804562933743,0.9841,0.2895
bio,connectome,graded_ln,1,100,8,0.1251124856993556,0.9856,0.2931
bio,connectome,graded_ln,1,100,9,0.1238168513402342,0.9847,0.2208
bio,connectome,graded_ln,1,100,10,0.1264445895329117,0.9873,0.1851
bio,connectome,graded_ln,1,100,11,0.127563951537013,0.9855,0.2359
bio,connectome,graded_ln,1,100,12,0.1177164969965815,0.9847,0.2096
bio,connectome,graded_ln,1,100,13,0.1206651493906974,0.9821,0.2351
bio,connectome,graded_ln,1,100,14,0.117368534207344,0.9856,0.271
bio,connectome,graded_ln,1,100,15,0.1195868061855435,0.9843,0.1907
bio,connectome,graded_ln,1,100,16,0.1141803197562694,0.9838,0.25
bio,connectome,graded_ln,5,100,1,0.391938941553235,0.9867,0.28
bio,connectome,graded_ln,5,100,2,0.1661402527242899,0.984,0.2368
bio,connectome,graded_ln,5,100,3,0.1447643039748072,0.9834,0.2007
bio,connectome,graded_ln,5,100,4,0.1511003769934177,0.9878,0.2135
bio,connectome,graded_ln,5,100,5,0.1414758155122399,0.9856,0.3481
bio,connectome,graded_ln,5,100,6,0.1379108419641852,0.9848,0.2291
bio,connectome,graded_ln,5,100,7,0.1365535022690892,0.9855,0.2057
bio,connectome,graded_ln,5,100,8,0.1243641387671232,0.9872,0.2186
bio,connectome,graded_ln,5,100,9,0.1204839038662612,0.9857,0.2633
bio,degree,standard,3,100,1,0.4653651461005211,0.9658,0.5363
bio,degree,standard,3,100,2,0.1781162980943918,0.9809,0.24
bio,degree,standard,3,100,3,0.1447166927158832,0.9808,0.2317
bio,degree,standard,3,100,4,0.1499660950154066,0.9839,0.2586
bio,degree,standard,3,100,5,0.1354761492460966,0.9879,0.2808
bio,degree,standard,3,100,6,0.1331780768930912,0.9833,0.2146
bio,degree,standard,3,100,7,0.1299153244122863,0.9805,0.2176
bio,degree,standard,3,100,8,0.1314519884064793,0.985,0.256
bio,degree,standard,3,100,9,0.133280542679131,0.986,0.3512
bio,degree,standard,3,100,10,0.1254508078098297,0.9854,0.261
bio,degree,standard,3,100,11,0.1161855440586805,0.9871,0.1878
bio,degree,standard,3,100,12,0.1127806238830089,0.989,0.1783
bio,degree,standard,3,100,13,0.1185188399627804,0.988,0.1806
bio,degree,standard,3,100,14,0.1245083456858992,0.9782,0.2934
bio,degree,standard,3,100,15,0.122944794036448,0.9841,0.238
bio,degree,standard,3,100,16,0.1172840025275945,0.9861,0.2326
bio,degree,standard,3,100,17,0.1114145228639245,0.9861,0.2265
bio,degree,standard,3,100,18,0.1158991303294897,0.9883,0.1817
bio,degree,graded_ln,1,100,1,0.436840995028615,0.9811,0.3727
bio,degree,graded_ln,1,100,2,0.1735531341284513,0.9848,0.3623
bio,degree,graded_ln,1,100,3,0.1558159630745649,0.9864,0.3814
bio,degree,graded_ln,1,100,4,0.1461373019963502,0.9872,0.2691
bio,degree,graded_ln,1,100,5,0.1384568130597472,0.9888,0.1988
bio,degree,graded_ln,1,100,6,0.1311667528003454,0.9887,0.1679
bio,degree,graded_ln,1,100,7,0.1360611213371157,0.9871,0.2603
bio,degree,graded_ln,1,100,8,0.1332244275137782,0.9887,0.2153
bio,degree,graded_ln,1,100,9,0.1277050932869315,0.9892,0.181
bio,degree,graded_ln,1,100,10,0.1202354550361633,0.9877,0.1845
bio,degree,graded_ln,1,100,11,0.1232165038585662,0.9893,0.1821
bio,degree,graded_ln,1,100,12,0.1193398522213101,0.9857,0.2155
bio,degree,graded_ln,5,100,1,0.5693892251700163,0.9828,0.397
bio,degree,graded_ln,5,100,2,0.1718622036278247,0.9852,0.3877
bio,degree,graded_ln,5,100,3,0.153764758631587,0.9759,0.2454
bio,degree,graded_ln,5,100,4,0.159829874150455,0.9842,0.2139
bio,degree,graded_ln,5,100,5,0.1416546465829014,0.9851,0.3017
bio,degree,graded_ln,5,100,6,0.1385982295498252,0.9869,0.2347
bio,degree,graded_ln,5,100,7,0.1440107341855764,0.984,0.2112
bio,degree,graded_ln,5,100,8,0.1360616592690348,0.9892,0.2299
bio,degree,graded_ln,5,100,9,0.1237264867871999,0.9868,0.1834
bio,degree,graded_ln,5,100,10,0.1199644019827246,0.9872,0.2257
bio,degree,graded_ln,5,100,11,0.1237416351214051,0.9881,0.2511
bio,degree,graded_ln,5,100,12,0.1359109899029135,0.9886,0.2739
bio,degree,graded_ln,5,100,13,0.1238238556310534,0.9851,0.2102
bio,degree,graded_ln,5,100,14,0.1324670908972621,0.9878,0.1899
bio,degree,graded_ln,5,100,15,0.1262366744689643,0.9862,0.2051
bio,random,standard,3,100,1,0.3010558471083641,0.9882,0.4823
bio,random,standard,3,100,2,0.163102002441883,0.9813,0.2191
bio,random,standard,3,100,3,0.1356387481093406,0.981,0.2292
bio,random,standard,3,100,4,0.1409776994958519,0.9871,0.2763
bio,random,standard,3,100,5,0.1335864435881376,0.9866,0.27
bio,random,standard,3,100,6,0.126112194545567,0.9837,0.1999
bio,random,standard,3,100,7,0.13124366030097,0.9858,0.238
bio,random,standard,3,100,8,0.1178327195346355,0.9863,0.2287
bio,random,standard,3,100,9,0.1219442712143063,0.9871,0.2919
bio,random,standard,3,100,10,0.1209320303052663,0.987,0.2393
bio,random,standard,3,100,11,0.1202216919511556,0.9889,0.2031
bio,random,standard,3,100,12,0.1115634474903345,0.9856,0.1931
bio,random,standard,3,100,13,0.1084453633055091,0.9859,0.1936
bio,random,standard,3,100,14,0.1081003285944461,0.9864,0.2651
bio,random,standard,3,100,15,0.109348739311099,0.9854,0.2185
bio,random,standard,3,100,16,0.1029296609573066,0.9857,0.2339
bio,random,standard,3,100,17,0.1079720424488186,0.9829,0.2142
bio,random,standard,3,100,18,0.1069956459105014,0.983,0.2413
bio,spectrum,standard,1,100,1,0.7016163557767868,0.8343,0.7135
bio,spectrum,standard,1,100,2,0.4305907897651195,0.7484,0.9104
bio,spectrum,standard,1,100,3,0.3978201530873775,0.8317,0.9916
bio,spectrum,standard,1,100,4,0.3699548572301864,0.8292,0.7736
bio,spectrum,standard,1,100,5,0.328922726213932,0.8386,0.724
bio,spectrum,standard,1,100,6,0.3284173645079136,0.8408,0.827
bio,spectrum,standard,1,100,7,0.3320626281201839,0.8454,0.6823
bio,spectrum,standard,1,100,8,0.338862719386816,0.8335,0.8322
bio,spectrum,standard,1,100,9,0.3311340220272541,0.84,0.7069
bio,spectrum,standard,1,100,10,0.3304107517004013,0.8385,0.6987
bio,spectrum,standard,1,100,11,0.3271060302853584,0.8413,0.759
bio,spectrum,standard,1,100,12,0.3268933907151222,0.838,0.6622
bio,spectrum,standard,1,100,13,0.3314499124884605,0.8427,0.7622
bio,spectrum,standard,1,100,14,0.329976088553667,0.8337,0.6817
bio,spectrum,standard,1,100,15,0.359070923179388,0.8361,0.6244
bio,spectrum,standard,1,100,16,0.3864520169794559,0.7477,0.6929
bio,spectrum,standard,1,100,17,0.3904242619872093,0.7633,0.7268
bio,spectrum,standard,1,100,18,0.4060528367757797,0.8432,0.6716
bio,spectrum,standard,1,100,19,0.3782311104238033,0.7262,0.6797
bio,spectrum,standard,1,100,20,0.3855768114328384,0.6943,0.7043
bio,spectrum,standard,1,100,21,0.3867074958980083,0.8479,0.6885
bio,spectrum,standard,5,100,1,0.5625971235334873,0.7845,0.6826
bio,spectrum,standard,5,100,2,0.3487697534263134,0.7837,0.7885
bio,spectrum,standard,5,100,3,0.3543405413627624,0.7896,0.7977
bio,spectrum,standard,5,100,4,0.3527335673570633,0.7911,0.797
bio,spectrum,standard,5,100,5,0.337484996765852,0.7832,0.6512
bio,spectrum,standard,5,100,6,0.337851121276617,0.7976,0.7157
bio,spectrum,standard,5,100,7,0.3537448652088642,0.8013,0.9529
bio,spectrum,standard,5,100,8,0.3362303271889686,0.7826,0.6963
bio,spectrum,standard,5,100,9,0.3338689416646957,0.7831,0.7823
bio,spectrum,standard,5,100,10,0.3346615560352802,0.7886,0.6403
bio,spectrum,standard,5,100,11,0.3425446927547455,0.7991,0.8464
bio,spectrum,standard,5,100,12,0.3587658889591694,0.7703,0.9691
bio,spectrum,standard,5,100,13,0.3481816805899143,0.8104,0.7955
bio,spectrum,standard,5,100,14,0.3419020310044288,0.8065,0.6077
bio,spectrum,standard,5,100,15,0.3332205258309841,0.8078,0.7317
bio,spectrum,standard,5,100,16,0.3331055648624897,0.8084,0.6759
bio,spectrum,standard,5,100,17,0.3368482090532779,0.809,0.8154
bio,spectrum,standard,5,100,18,0.3340739116072654,0.8087,0.7422
bio,spectrum,standard,5,100,19,0.3286355957388878,0.8056,0.9032
bio,spectrum,standard,5,100,20,0.3288627855479717,0.8103,0.7202
bio,dense,standard,3,100,1,0.7391050614416599,0.7316,0.7557
bio,dense,standard,3,100,2,0.4002956226468086,0.8356,0.7956
bio,dense,standard,3,100,3,0.385637566447258,0.8,1.0279
bio,dense,standard,3,100,4,0.3659403562545776,0.8399,0.7579
bio,dense,standard,3,100,5,0.3313616506755352,0.858,0.7131
bio,dense,standard,3,100,6,0.3158146321773529,0.8661,0.8155
bio,dense,standard,3,100,7,0.3321442306041717,0.7371,0.6278
bio,dense,standard,3,100,8,0.3365074411034584,0.8438,0.6915
bio,dense,standard,3,100,9,0.4087174609303474,0.8491,1.4286
bio,dense,standard,3,100,10,0.3331790171563625,0.8739,0.8616
bio,dense,standard,3,100,11,0.3042018003761768,0.8817,0.8169
bio,dense,standard,3,100,12,0.4449290551245212,0.8802,1.1493
bio,dense,standard,3,100,13,0.3448109090328216,0.9204,0.5102
bio,dense,standard,3,100,14,0.3479167237877846,0.9125,0.502
bio,dense,standard,3,100,15,0.3237422343343496,0.8598,0.5446
bio,dense,standard,3,100,16,0.3368033513426781,0.8445,0.5375
bio,dense,standard,3,100,17,0.3948875501751899,0.9602,0.4857
bio,dense,standard,3,100,18,0.3199495103210211,0.9224,0.8384
bio,dense,standard,3,100,19,0.2694497235119343,0.9293,0.4639
bio,dense,standard,3,100,20,0.4894917726516724,0.9498,0.4732
bio,dense,standard,3,100,21,0.3416310671716928,0.9259,0.5822
bio,dense,standard,3,100,22,0.2833763029426336,0.9459,0.5785
bio,dense,standard,3,100,23,0.3583810698240995,0.8541,0.7579
bio,dense,standard,3,100,24,0.2843953065574169,0.9558,0.4247
bio,dense,standard,3,100,25,0.2929540783166885,0.8576,0.7747
bio,dense,standard,3,100,26,0.3892319265753031,0.8403,1.5163
bio,dense,standard,3,100,27,0.3668490514159203,0.9717,0.4016
bio,dense,standard,3,100,28,0.3730709906667471,0.971,0.3475
bio,dense,standard,3,100,29,0.335486451536417,0.9261,0.9841
bio,dense,standard,3,100,30,0.2514639232307673,0.959,0.4165
generic,connectome,standard,1,100,1,0.2068996664136648,0.9809,0.2244
generic,connectome,standard,1,100,2,0.138756738603115,0.9781,0.3406
generic,connectome,standard,1,100,3,0.1285640759393573,0.9807,0.5026
generic,connectome,standard,1,100,4,0.1296056948602199,0.9813,0.2966
generic,connectome,standard,1,100,5,0.1231034396216273,0.9821,0.2645
generic,connectome,standard,1,100,6,0.1274641456082463,0.9852,0.5471
generic,connectome,standard,1,100,7,0.1214551374316215,0.9832,0.251
generic,connectome,standard,5,100,1,0.266840791143477,0.9836,0.2184
generic,connectome,standard,5,100,2,0.1701331827789545,0.9824,0.2257
generic,connectome,standard,5,100,3,0.1354004543274641,0.9852,0.1925
generic,connectome,standard,5,100,4,0.1338458910584449,0.9811,0.3253
generic,connectome,standard,5,100,5,0.1207797007635235,0.9853,0.3535
generic,connectome,standard,5,100,6,0.113322320766747,0.9857,0.2175
generic,connectome,standard,5,100,7,0.1259268995374441,0.9841,0.2128
generic,connectome,standard,5,100,8,0.1084629524499178,0.9838,0.1898
generic,connectome,standard,5,100,9,0.1099396515637636,0.9849,0.1922
generic,connectome,standard,5,100,10,0.1142412800341844,0.9835,0.2531
generic,connectome,standard,5,100,11,0.1105235782451927,0.9851,0.3369
generic,connectome,standard,5,100,12,0.1218964787200093,0.9836,0.2345
generic,connectome,standard,5,100,13,0.1089187074452638,0.983,0.272
generic,connectome,standard,5,100,14,0.1183464275673031,0.9876,0.1901
generic,degree,standard,3,100,1,0.3949138130992651,0.9679,0.3516
generic,degree,standard,3,100,2,0.1525477536022663,0.9811,0.2768
generic,degree,standard,3,100,3,0.136115400493145,0.9781,0.5478
generic,degree,standard,3,100,4,0.1265938496217131,0.9846,0.1893
generic,degree,standard,3,100,5,0.114325913414359,0.978,0.5529
generic,degree,standard,3,100,6,0.1305367805063724,0.9839,0.2195
generic,degree,standard,3,100,7,0.1241614209488034,0.983,0.2003
generic,degree,standard,3,100,8,0.1086821002885699,0.9797,0.3074
generic,degree,standard,3,100,9,0.1279431766830384,0.9834,0.2089
generic,degree,standard,3,100,10,0.1116225912235677,0.9824,0.1957
generic,random,standard,1,100,1,0.217221925035119,0.9855,0.5213
generic,random,standard,1,100,2,0.1502291860058903,0.9733,0.3318
generic,random,standard,1,100,3,0.155166714079678,0.9742,0.5146
generic,random,standard,1,100,4,0.1303630709648132,0.9832,0.2383
generic,random,standard,1,100,5,0.1164060480892658,0.9796,0.2466
generic,random,standard,1,100,6,0.1198367340490222,0.9824,0.366
generic,random,standard,1,100,7,0.1367102030664682,0.9803,0.2905
generic,random,standard,1,100,8,0.1120369704440236,0.9844,0.2721
generic,random,standard,1,100,9,0.1140123732388019,0.9808,0.2244
generic,random,standard,1,100,10,0.120606124587357,0.9838,0.1949
generic,random,standard,1,100,11,0.104546620324254,0.9842,0.2278
generic,random,standard,1,100,12,0.1046831747516989,0.9827,0.1946
generic,random,standard,1,100,13,0.1095122727565467,0.9833,0.2817
generic,random,standard,1,100,14,0.1016485075466334,0.9823,0.2013
generic,random,standard,1,100,15,0.1088459111750125,0.985,0.2674
generic,random,standard,1,100,16,0.1028809275478124,0.9843,0.2383
generic,random,standard,1,100,17,0.1020710015669465,0.9824,0.2587
generic,random,standard,1,100,18,0.1027093481272459,0.9818,0.2602
generic,random,standard,5,100,1,0.2754995724186301,0.9778,0.3544
generic,random,standard,5,100,2,0.1708850003778934,0.9826,0.2484
generic,random,standard,5,100,3,0.1538456199690699,0.982,0.2024
generic,random,standard,5,100,4,0.1285172659903764,0.9819,0.2627
generic,random,standard,5,100,5,0.1201996486634016,0.9845,0.3205
generic,random,standard,5,100,6,0.1215893298387527,0.9804,0.2583
generic,random,standard,5,100,7,0.1370360717177391,0.9818,0.2332
generic,random,standard,5,100,8,0.1334328558295965,0.9798,0.2072
generic,random,standard,5,100,9,0.1087048724293708,0.9837,0.2152
generic,spectrum,standard,3,100,1,1.3870742335915565,0.9426,0.9984
generic,spectrum,standard,3,100,2,1.0960107430815698,0.6431,1.8027
generic,spectrum,standard,3,100,3,0.8926775366067886,0.8819,0.9606
generic,spectrum,standard,3,100,4,0.7775911018252373,0.8954,1.6417
generic,spectrum,standard,3,100,5,0.3600109305232763,0.9238,0.9515
generic,spectrum,standard,3,100,6,0.3225175116211176,0.9275,0.6451
generic,spectrum,standard,3,100,7,0.3212995357811451,0.9246,0.5808
generic,spectrum,standard,3,100,8,0.3399225085973739,0.9002,0.7201
generic,spectrum,standard,3,100,9,0.3146472133696079,0.9234,0.6509
generic,spectrum,standard,3,100,10,0.3416909649968147,0.9115,0.723
generic,spectrum,standard,3,100,11,0.3278093174099922,0.9306,0.5524
generic,spectrum,standard,3,100,12,0.3213739585131406,0.9184,0.6532
generic,spectrum,standard,3,100,13,0.3075588934123516,0.9007,0.5802
generic,spectrum,standard,3,100,14,0.3469961617141962,0.9117,1.1739
generic,spectrum,standard,3,100,15,0.3069331508129835,0.915,0.6376
generic,spectrum,standard,3,100,16,0.3164423611015081,0.9126,0.5884
generic,spectrum,standard,3,100,17,0.3973283059895038,0.9107,1.1856
generic,dense,standard,1,100,1,0.7594736889004707,0.9383,1.6977
generic,dense,standard,1,100,2,0.4136039867997169,0.9711,0.8154
generic,dense,standard,1,100,3,0.6812903948128224,0.965,1.4061
generic,dense,standard,1,100,4,0.525106367841363,0.9692,0.3641
generic,dense,standard,1,100,5,1.197871258482337,0.8248,0.896
generic,dense,standard,1,100,6,0.4486194215714931,0.9367,0.559
generic,dense,standard,1,100,7,0.3598791189491749,0.9184,0.5526
generic,dense,standard,1,100,8,0.3912165947258472,0.5823,0.8612
generic,dense,standard,1,100,9,0.4400313325226307,0.9145,0.6393
generic,dense,standard,1,100,10,0.4280656434595585,0.5572,0.9917
generic,dense,standard,5,100,1,1.0091758597642184,0.9735,0.6263
generic,dense,standard,5,100,2,0.2727984771132469,0.8942,1.031
generic,dense,standard,5,100,3,0.2925011832267046,0.9705,0.5359
generic,dense,standard,5,100,4,0.2284679278731346,0.9092,0.493
generic,dense,standard,5,100,5,0.2270424388349056,0.9791,0.4846
generic,dense,standard,5,100,6,0.2354227818548679,0.9765,0.5869
generic,dense,standard,5,100,7,0.3117477778345346,0.9679,0.4974
generic,dense,standard,5,100,8,0.2279985550791025,0.9662,0.4496
generic,dense,standard,5,100,9,0.2572274256497621,0.954,0.684
generic,dense,standard,5,100,10,0.2713297549635172,0.9459,0.4669
generic,dense,standard,5,100,11,0.2465080309659242,0.9572,0.4773
generic,dense,standard,5,100,12,0.2387216202914714,0.9624,0.4662
generic,dense,standard,5,100,13,0.2380847707390785,0.9629,0.3934
generic,dense,standard,5,100,14,0.2264090027660131,0.958,0.4344
generic,dense,standard,5,100,15,0.2325524017214775,0.9507,0.4419
generic,dense,standard,5,100,16,0.2311741359531879,0.9646,0.6725
generic,dense,standard,5,100,17,0.5314003005623817,0.8385,0.5409
generic,dense,standard,5,100,18,0.4799540363252162,0.8769,0.6237
generic,dense,standard,5,100,19,0.5195022739470005,0.8917,0.599
bio,adapter_only,standard,3,100,1,0.319562367349863,0.9063,0.5892
bio,adapter_only,standard,3,100,2,0.2763865292072296,0.9344,0.6187
bio,adapter_only,standard,3,100,3,0.2571554847061634,0.9405,0.5563
bio,adapter_only,standard,3,100,4,0.2407633580267429,0.9626,0.5201
bio,adapter_only,standard,3,100,5,0.2255858778953552,0.9831,0.4737
bio,adapter_only,standard,3,100,6,0.2124894481152296,0.9865,0.4508
bio,adapter_only,standard,3,100,7,0.2012795779854059,0.9871,0.4242
bio,adapter_only,standard,3,100,8,0.191892809048295,0.9874,0.3994
bio,adapter_only,standard,3,100,9,0.1846252184361219,0.988,0.3737
bio,adapter_only,standard,3,100,10,0.1782637257128954,0.9883,0.3667
bio,adapter_only,standard,3,100,11,0.1731379710137844,0.9891,0.3352
bio,adapter_only,standard,3,100,12,0.1681840352714061,0.9892,0.3285
bio,adapter_only,standard,3,100,13,0.1643577717244625,0.9892,0.307
bio,adapter_only,standard,3,100,14,0.1614195089787244,0.9895,0.2909
bio,adapter_only,standard,3,100,15,0.1578584527596831,0.9898,0.2939
bio,adapter_only,standard,3,100,16,0.1551822885870933,0.9898,0.2831
bio,adapter_only,standard,3,100,17,0.1530105421319604,0.9898,0.2757
bio,adapter_only,standard,3,100,18,0.1504780575633049,0.9898,0.2659
bio,adapter_only,standard,3,100,19,0.1483284747228026,0.9898,0.2661
bio,adapter_only,standard,3,100,20,0.1465473506599664,0.9897,0.2623
bio,adapter_only,standard,3,100,21,0.1448545088991522,0.9897,0.2611
bio,adapter_only,standard,3,100,22,0.1434566834941506,0.9896,0.2581
bio,adapter_only,standard,3,100,23,0.1420690251514315,0.9895,0.2483
bio,adapter_only,standard,3,100,24,0.1412239663302898,0.9894,0.2465
bio,adapter_only,standard,3,100,25,0.1399176152423024,0.9895,0.2445
bio,adapter_only,standard,3,100,26,0.1391825405880808,0.9894,0.2473
bio,adapter_only,standard,3,100,27,0.1378710633143782,0.9895,0.2375
bio,adapter_only,standard,3,100,28,0.137210376560688,0.9894,0.2397
bio,adapter_only,standard,3,100,29,0.1361808057874441,0.9893,0.2318
bio,adapter_only,standard,3,100,30,0.1358097340911626,0.9892,0.229
bio,connectome,standard,0,25,1,0.5379730224609375,0.9584,0.5102
bio,connectome,standard,0,25,2,0.286925408244133,0.9431,0.8157
bio,connectome,standard,0,25,3,0.2192453518509864,0.9759,0.3604
bio,connectome,standard,0,25,4,0.1717093378305435,0.9661,0.338
bio,connectome,standard,0,25,5,0.1665584295988083,0.975,0.3056
bio,connectome,standard,0,25,6,0.1464023314416408,0.9829,0.2312
bio,connectome,standard,0,25,7,0.1770749568939209,0.9849,0.3348
bio,connectome,standard,0,25,8,0.1413935095071792,0.9817,0.3615
bio,connectome,standard,0,25,9,0.1668904639780521,0.9755,0.2928
bio,connectome,standard,0,25,10,0.1545705109834671,0.9831,0.2753
bio,connectome,standard,0,25,11,0.1403893038630485,0.9865,0.2808
bio,connectome,standard,0,25,12,0.1286288999021053,0.9876,0.2225
bio,connectome,standard,0,25,13,0.1358449608087539,0.9823,0.2529
bio,connectome,standard,0,25,14,0.1278595380485057,0.982,0.3319
bio,connectome,standard,0,25,15,0.1331713415682315,0.9836,0.2314
bio,connectome,standard,0,25,16,0.1244010634720325,0.9866,0.2256
bio,connectome,standard,0,25,17,0.1151776805520057,0.9876,0.2675
bio,connectome,standard,0,25,18,0.1190361201763153,0.9853,0.2374
bio,connectome,standard,4,25,1,0.7984323173761367,0.9682,0.4824
bio,connectome,standard,4,25,2,0.2522589683532715,0.9687,0.4227
bio,connectome,standard,4,25,3,0.2271082058548927,0.9789,0.3264
bio,connectome,standard,4,25,4,0.1939452990889549,0.9801,0.5092
bio,connectome,standard,4,25,5,0.2157775834202766,0.9777,0.3523
bio,connectome,standard,4,25,6,0.1801810353994369,0.9869,0.3188
bio,connectome,standard,4,25,7,0.1630013048648834,0.975,0.2978
bio,connectome,standard,4,25,8,0.1725926592946052,0.9878,0.2812
bio,connectome,standard,4,25,9,0.150545659661293,0.9848,0.247
bio,connectome,standard,4,25,10,0.1493164248764515,0.9807,0.2355
bio,connectome,standard,4,25,11,0.1465784430503845,0.9847,0.2652
bio,connectome,standard,4,25,12,0.1479418836534023,0.987,0.347
bio,connectome,standard,4,25,13,0.1442622482776641,0.9875,0.2508
bio,connectome,standard,4,25,14,0.130865004658699,0.979,0.2448
bio,connectome,standard,4,25,15,0.1674485608935356,0.9873,0.3216
bio,connectome,standard,4,25,16,0.1432227008044719,0.9885,0.2034
bio,connectome,standard,4,25,17,0.1357996232807636,0.9845,0.3935
bio,connectome,standard,4,25,18,0.1378763407468795,0.986,0.2081
bio,connectome,standard,4,25,19,0.1379741467535495,0.9874,0.2099
bio,connectome,standard,4,25,20,0.1351202309131622,0.9875,0.202
bio,connectome,standard,4,25,21,0.1401855796575546,0.9878,0.3041
bio,connectome,standard,4,25,22,0.1188449405133724,0.9878,0.181
bio,connectome,standard,4,25,23,0.1362228460609912,0.9877,0.2337
bio,connectome,standard,4,25,24,0.1276212610304355,0.983,0.2103
bio,connectome,standard,4,25,25,0.1228488586843013,0.9862,0.266
bio,connectome,standard,4,25,26,0.1210797928273677,0.9759,0.3071
bio,connectome,standard,4,25,27,0.1321239158511161,0.9733,0.2961
bio,connectome,standard,4,25,28,0.1536291144788265,0.9871,0.3067
bio,connectome,graded_ln,2,25,1,0.5170441329479217,0.9519,0.5081
bio,connectome,graded_ln,2,25,2,0.3032856568694114,0.9331,0.4755
bio,connectome,graded_ln,2,25,3,0.2126139968633651,0.9758,0.4937
bio,connectome,graded_ln,2,25,4,0.1977631703019142,0.9661,0.3026
bio,connectome,graded_ln,2,25,5,0.1737680792808532,0.9813,0.2866
bio,connectome,graded_ln,2,25,6,0.1562165863811969,0.9846,0.26
bio,connectome,graded_ln,2,25,7,0.1535379812121391,0.9741,0.2626
bio,connectome,graded_ln,2,25,8,0.1488595128059387,0.9866,0.3083
bio,connectome,graded_ln,2,25,9,0.1394219107925892,0.9854,0.22
bio,connectome,graded_ln,2,25,10,0.13731544688344,0.9847,0.3905
bio,connectome,graded_ln,2,25,11,0.179030654579401,0.9701,0.28
bio,connectome,graded_ln,2,25,12,0.1775717049837112,0.9858,0.4624
bio,connectome,graded_ln,2,25,13,0.1648613601922988,0.9796,0.2411
bio,connectome,graded_ln,2,25,14,0.1448091343045234,0.9867,0.3146
bio,connectome,graded_ln,2,25,15,0.1341442324221134,0.9876,0.2159
bio,connectome,graded_ln,2,25,16,0.1267444543540477,0.9815,0.2378
bio,connectome,graded_ln,2,25,17,0.1243987500667572,0.987,0.2211
bio,connectome,graded_ln,2,25,18,0.1395288854837417,0.9734,0.2771
bio,connectome,graded_ln,2,25,19,0.1300654351711273,0.9855,0.2006
bio,connectome,graded_ln,2,25,20,0.125188510119915,0.986,0.1951
bio,connectome,graded_ln,2,25,21,0.1246601305902004,0.9836,0.4061
bio,connectome,graded_ln,2,25,22,0.1313827529549598,0.9821,0.2191
bio,connectome,graded_ln,2,25,23,0.1341359287500381,0.9831,0.2486
bio,connectome,graded_ln,2,25,24,0.1245114661753177,0.9867,0.2563
bio,connectome,graded_ln,2,25,25,0.1290347479283809,0.9826,0.2189
bio,connectome,graded_ln,2,25,26,0.134754492342472,0.9877,0.1898
bio,connectome,graded_ln,2,25,27,0.1437949486076832,0.9848,0.3346
bio,connectome,graded_ln,2,25,28,0.1222089745104312,0.9877,0.2111
bio,connectome,graded_ln,2,25,29,0.1110156632959842,0.9825,0.2326
bio,connectome,graded_ln,2,25,30,0.1246831305325031,0.9873,0.1845
bio,degree,standard,0,25,1,0.9918459504842758,0.7779,1.0555
bio,degree,standard,0,25,2,0.4231867641210556,0.914,0.6531
bio,degree,standard,0,25,3,0.241064529120922,0.9203,0.4755
bio,degree,standard,0,25,4,0.2482419416308403,0.957,0.5284
bio,degree,standard,0,25,5,0.217029620707035,0.9642,0.3401
bio,degree,standard,0,25,6,0.1713419184088707,0.9824,0.2838
bio,degree,standard,0,25,7,0.1595190480351448,0.9807,0.2327
bio,degree,standard,0,25,8,0.1931023746728897,0.9804,0.4079
bio,degree,standard,0,25,9,0.164214788377285,0.9843,0.3343
bio,degree,standard,0,25,10,0.151113361120224,0.9859,0.3948
bio,degree,standard,0,25,11,0.1497173018753528,0.9779,0.2631
bio,degree,standard,0,25,12,0.1311517231166362,0.985,0.3309
bio,degree,standard,0,25,13,0.1612115561962127,0.97,0.3176
bio,degree,standard,4,25,1,1.0273262143135071,0.9111,0.5657
bio,degree,standard,4,25,2,0.2849447786808013,0.9537,0.4344
bio,degree,standard,4,25,3,0.2316363275051117,0.9776,0.3206
bio,degree,standard,4,25,4,0.2132216766476631,0.9771,0.2937
bio,degree,standard,4,25,5,0.2138776808977127,0.9761,0.291
bio,degree,standard,4,25,6,0.1878457695245742,0.9823,0.2612
bio,degree,standard,4,25,7,0.1758090108633041,0.9815,0.2583
bio,degree,standard,4,25,8,0.1682725071907043,0.9864,0.2569
bio,degree,standard,4,25,9,0.1604780539870262,0.9778,0.2738
bio,degree,standard,4,25,10,0.1689532928168773,0.9768,0.273
bio,degree,standard,4,25,11,0.1708036825060844,0.9875,0.2913
bio,degree,standard,4,25,12,0.155438594520092,0.9889,0.4178
bio,degree,standard,4,25,13,0.1654433906078338,0.9882,0.2189
bio,degree,standard,4,25,14,0.150178987532854,0.982,0.2626
bio,degree,standard,4,25,15,0.1561089642345905,0.986,0.267
bio,degree,standard,4,25,16,0.1389079086482524,0.9867,0.1923
bio,degree,standard,4,25,17,0.1330011136829853,0.9866,0.2741
bio,degree,standard,4,25,18,0.1295583009719848,0.9875,0.2284
bio,degree,standard,4,25,19,0.1399158120155334,0.9877,0.2035
bio,degree,standard,4,25,20,0.13937818557024,0.9854,0.2659
bio,degree,standard,4,25,21,0.147192370891571,0.9809,0.2623
bio,degree,standard,4,25,22,0.1389939814805984,0.9865,0.25
bio,degree,graded_ln,2,25,1,0.7502766698598862,0.8219,0.815
bio,degree,graded_ln,2,25,2,0.2819385394454002,0.9711,0.4592
bio,degree,graded_ln,2,25,3,0.1986521169543266,0.9315,0.4519
bio,degree,graded_ln,2,25,4,0.2171956956386566,0.9785,0.3118
bio,degree,graded_ln,2,25,5,0.1739191874861717,0.9713,0.3105
bio,degree,graded_ln,2,25,6,0.1657206162810325,0.9691,0.3097
bio,degree,graded_ln,2,25,7,0.1638287745416164,0.9668,0.3044
bio,degree,graded_ln,2,25,8,0.1601717963814735,0.9823,0.2731
bio,degree,graded_ln,2,25,9,0.1510962396860122,0.9721,0.2763
bio,degree,graded_ln,2,25,10,0.1657567627727985,0.9854,0.4854
bio,degree,graded_ln,2,25,11,0.1837336525321006,0.9707,0.2962
bio,degree,graded_ln,2,25,12,0.1823709025979042,0.9873,0.2857
bio,degree,graded_ln,2,25,13,0.1419964395463466,0.9872,0.3491
bio,degree,graded_ln,2,25,14,0.1484623298048973,0.9846,0.4785
bio,random,standard,0,25,1,0.7667433381080627,0.89,1.0751
bio,random,standard,0,25,2,0.2455890581011772,0.9645,0.5377
bio,random,standard,0,25,3,0.1949714139103889,0.9814,0.3628
bio,random,standard,0,25,4,0.1727996475994587,0.9715,0.2967
bio,random,standard,0,25,5,0.1955148838460445,0.9833,0.4714
bio,random,standard,0,25,6,0.1862612947821617,0.988,0.298
bio,random,standard,0,25,7,0.1456588737666607,0.9855,0.2783
bio,random,standard,0,25,8,0.1446007043123245,0.988,0.2014
bio,random,standard,0,25,9,0.1329892672598362,0.9867,0.2366
bio,random,standard,0,25,10,0.1342201478779316,0.9879,0.3561
bio,random,standard,0,25,11,0.1418958730995655,0.9843,0.211
bio,random,standard,0,25,12,0.125948791950941,0.9883,0.2735
bio,random,standard,0,25,13,0.1603938117623329,0.985,0.2177
bio,random,standard,0,25,14,0.1301993303000927,0.9876,0.3021
bio,random,standard,4,25,1,0.5676378458738327,0.9411,0.5568
bio,random,standard,4,25,2,0.2387328401207923,0.9683,0.3365
bio,random,standard,4,25,3,0.2061957746744155,0.988,0.2176
bio,random,standard,4,25,4,0.2484335660934448,0.9777,0.5985
bio,random,standard,4,25,5,0.2546935960650444,0.9872,0.3329
bio,random,standard,4,25,6,0.1721900135278701,0.9864,0.33
bio,random,standard,4,25,7,0.1615734174847602,0.9873,0.2093
bio,random,standard,4,25,8,0.1664349019527435,0.9789,0.2621
bio,random,standard,4,25,9,0.1657021149992942,0.9809,0.2336
bio,random,standard,4,25,10,0.161698693037033,0.9889,0.2097
bio,random,standard,4,25,11,0.1937690898776054,0.9836,0.2338
bio,random,standard,4,25,12,0.1465692602097988,0.9889,0.213
bio,random,standard,4,25,13,0.1465222708880901,0.9874,0.1974
bio,random,standard,4,25,14,0.1426079228520393,0.9844,0.2058
bio,random,standard,4,25,15,0.1619502931833267,0.9793,0.3115
bio,random,standard,4,25,16,0.1359906934201717,0.9878,0.2236
bio,random,standard,4,25,17,0.137044720351696,0.9855,0.369
bio,random,standard,4,25,18,0.1435685753822326,0.9882,0.1967
bio,random,standard,4,25,19,0.1454135790467262,0.988,0.2067
bio,random,standard,4,25,20,0.1520184069871902,0.9849,0.2139
bio,random,standard,4,25,21,0.1468344911932945,0.9891,0.3112
bio,random,standard,4,25,22,0.1304960556328296,0.9879,0.1892
bio,random,standard,4,25,23,0.1417305991053581,0.989,0.2368
bio,random,standard,4,25,24,0.1309703387320041,0.9877,0.195
bio,random,standard,4,25,25,0.1376825109124183,0.9885,0.2008
bio,random,standard,4,25,26,0.1292961105704307,0.9877,0.2493
bio,random,standard,4,25,27,0.1272264681756496,0.9868,0.1971
bio,random,standard,4,25,28,0.1394522354006767,0.9885,0.2384
bio,spectrum,standard,2,25,1,1.3339060187339782,0.7644,1.0541
bio,spectrum,standard,2,25,2,0.3374033272266388,0.8433,0.9851
bio,spectrum,standard,2,25,3,0.3244847655296325,0.8434,0.7775
bio,spectrum,standard,2,25,4,0.3137306660413742,0.8455,0.7652
bio,spectrum,standard,2,25,5,0.3185164898633957,0.8527,0.7019
bio,spectrum,standard,2,25,6,0.3321147561073303,0.847,0.6738
bio,spectrum,standard,2,25,7,0.309011298418045,0.8524,0.7127
bio,spectrum,standard,2,25,8,0.3120481520891189,0.8562,0.8114
bio,spectrum,standard,2,25,9,0.3060463070869446,0.8596,0.9317
bio,spectrum,standard,2,25,10,0.4433062255382538,0.8562,1.2315
bio,spectrum,standard,2,25,11,0.3483502238988876,0.8617,0.8968
bio,spectrum,standard,2,25,12,0.3107387036085128,0.8572,0.7151
bio,dense,standard,0,25,1,0.7262943476438523,0.7618,0.9048
bio,dense,standard,0,25,2,0.3990513265132904,0.6621,0.7061
bio,dense,standard,0,25,3,0.3431081473827362,0.8338,0.6844
bio,dense,standard,0,25,4,0.3253105133771896,0.8459,0.686
bio,dense,standard,0,25,5,0.331691300868988,0.7826,0.6717
bio,dense,standard,0,25,6,0.3198616117238998,0.7759,0.6777
bio,dense,standard,0,25,7,0.3238490879535675,0.7765,0.6988
bio,dense,standard,0,25,8,0.315738570690155,0.7752,0.7644
bio,dense,standard,0,25,9,0.3130231589078903,0.7743,0.7623
bio,dense,standard,0,25,10,0.3184348344802856,0.7774,0.7222
bio,dense,standard,0,25,11,0.3293949842453003,0.7727,0.8306
bio,dense,standard,4,25,1,1.0020460844039918,0.7695,0.9519
bio,dense,standard,4,25,2,0.3460443049669265,0.8305,0.6956
bio,dense,standard,4,25,3,0.3381393522024155,0.8323,0.7009
bio,dense,standard,4,25,4,0.3505849570035934,0.8328,0.7715
bio,dense,standard,4,25,5,0.3516049027442932,0.8307,0.7246
bio,dense,standard,4,25,6,0.3454386711120605,0.8333,0.8154
bio,dense,standard,4,25,7,0.3433894515037536,0.8335,0.84
bio,dense,standard,4,25,8,0.336601060628891,0.8333,0.7417
generic,connectome,standard,2,25,1,0.3803910136222839,0.9703,0.4252
generic,connectome,standard,2,25,2,0.1729133978486061,0.9813,0.3947
generic,connectome,standard,2,25,3,0.1615728937089443,0.975,0.297
generic,connectome,standard,2,25,4,0.1503956213593483,0.985,0.1926
generic,connectome,standard,2,25,5,0.1291752569377422,0.9788,0.2293
generic,connectome,standard,2,25,6,0.1582190915942192,0.9775,0.513
generic,connectome,standard,2,25,7,0.2243543490767479,0.9844,0.2293
generic,connectome,standard,2,25,8,0.1521310023963451,0.9835,0.2346
generic,connectome,standard,2,25,9,0.1370829477906227,0.9821,0.1951
generic,connectome,standard,2,25,10,0.1462906278669834,0.981,0.303
generic,degree,standard,0,25,1,0.4048223361372948,0.9675,0.3782
generic,degree,standard,0,25,2,0.1490652203559875,0.9762,0.2906
generic,degree,standard,0,25,3,0.1841694727540016,0.9843,0.4002
generic,degree,standard,0,25,4,0.2026952907443046,0.9791,0.5964
generic,degree,standard,0,25,5,0.1728562638163566,0.9757,0.2719
generic,degree,standard,0,25,6,0.158299745619297,0.9833,0.2493
generic,degree,standard,0,25,7,0.1359697744250297,0.9874,0.2189
generic,degree,standard,0,25,8,0.1140539169311523,0.9819,0.2815
generic,degree,standard,0,25,9,0.1140331082046031,0.9808,0.2232
generic,degree,standard,0,25,10,0.1040370680391788,0.9837,0.3443
generic,degree,standard,0,25,11,0.1264061346650123,0.9838,0.2022
generic,degree,standard,0,25,12,0.1068039506673812,0.9781,0.3402
generic,degree,standard,0,25,13,0.1399587243795395,0.9848,0.1943
generic,degree,standard,0,25,14,0.0977755211293697,0.9823,0.2519
generic,degree,standard,0,25,15,0.1013027895241975,0.9818,0.2211
generic,degree,standard,0,25,16,0.1049585662782192,0.9781,0.2742
generic,degree,standard,0,25,17,0.1048583686351776,0.9859,0.259
generic,degree,standard,0,25,18,0.146646274626255,0.9817,0.3466
generic,degree,standard,0,25,19,0.1015073537826538,0.9799,0.2275
generic,degree,standard,4,25,1,0.5204111129045487,0.8624,0.9237
generic,degree,standard,4,25,2,0.3362684145569801,0.982,0.2558
generic,degree,standard,4,25,3,0.1644128575921058,0.9842,0.2505
generic,degree,standard,4,25,4,0.1513158194720745,0.9791,0.6961
generic,degree,standard,4,25,5,0.2179797261953354,0.9826,0.2669
generic,degree,standard,4,25,6,0.1429517433047294,0.9869,0.1905
generic,degree,standard,4,25,7,0.1416465759277343,0.9865,0.2106
generic,degree,standard,4,25,8,0.1341787531971931,0.9857,0.2029
generic,degree,standard,4,25,9,0.1283050522208214,0.9863,0.2005
generic,degree,standard,4,25,10,0.144680193811655,0.9834,0.2352
generic,degree,standard,4,25,11,0.1202840335667133,0.9814,0.2148
generic,degree,standard,4,25,12,0.1206589102745056,0.9852,0.1936
generic,random,standard,2,25,1,0.4637090861797333,0.9703,0.308
generic,random,standard,2,25,2,0.1907518669962883,0.9744,0.36
generic,random,standard,2,25,3,0.1479232303798198,0.9709,0.2724
generic,random,standard,2,25,4,0.1476310119032859,0.9808,0.2422
generic,random,standard,2,25,5,0.1581903085112571,0.9645,0.6315
generic,random,standard,2,25,6,0.1563312798738479,0.9862,0.2322
generic,random,standard,2,25,7,0.1502057775855064,0.9691,0.368
generic,random,standard,2,25,8,0.1537599734961986,0.9833,0.2392
generic,random,standard,2,25,9,0.1326646015048027,0.9816,0.2146
generic,random,standard,2,25,10,0.1219667896628379,0.9758,0.6201
generic,random,standard,2,25,11,0.1996533714234828,0.9829,0.2731
generic,random,standard,2,25,12,0.1498172327876091,0.9791,0.2428
generic,random,standard,2,25,13,0.1206631042063236,0.9835,0.2238
generic,random,standard,2,25,14,0.1500925540924072,0.9818,0.2241
generic,random,standard,2,25,15,0.1349718138575553,0.9822,0.4181
generic,spectrum,standard,0,25,1,2.186716741323471,0.7957,2.1869
generic,spectrum,standard,0,25,2,1.0147570013999938,0.935,2.218
generic,spectrum,standard,0,25,3,0.6557510823011399,0.9177,2.0662
generic,spectrum,standard,0,25,4,0.6229547739028931,0.9048,1.9976
generic,spectrum,standard,0,25,5,0.5615407466888428,0.9011,1.925
generic,spectrum,standard,0,25,6,0.6175818979740143,0.9054,1.8274
generic,spectrum,standard,4,25,1,1.8054820597171783,0.8879,0.9871
generic,spectrum,standard,4,25,2,0.4201609849929809,0.7465,0.7888
generic,spectrum,standard,4,25,3,0.3657266736030579,0.9425,1.0785
generic,spectrum,standard,4,25,4,0.328520718216896,0.9264,0.7499
generic,spectrum,standard,4,25,5,0.3485425055027008,0.9349,0.6617
generic,spectrum,standard,4,25,6,0.3355851680040359,0.9698,0.5156
generic,spectrum,standard,4,25,7,0.2784821569919586,0.9402,0.6556
generic,spectrum,standard,4,25,8,0.2641789823770523,0.9784,0.467
generic,spectrum,standard,4,25,9,0.2786864817142486,0.9618,0.386
generic,spectrum,standard,4,25,10,0.2359027400612831,0.9585,0.4373
generic,spectrum,standard,4,25,11,0.2689102366566658,0.9367,0.7265
generic,spectrum,standard,4,25,12,0.2364997893571853,0.9801,0.3244
generic,spectrum,standard,4,25,13,0.2417860031127929,0.9494,0.421
generic,spectrum,standard,4,25,14,0.2776757001876831,0.9529,0.6654
generic,spectrum,standard,4,25,15,0.4786118924617767,0.8964,1.604
generic,spectrum,standard,4,25,16,0.3474196493625641,0.9025,0.7468
generic,spectrum,standard,4,25,17,0.3378780335187912,0.9053,0.989
generic,spectrum,standard,4,25,18,0.4838099181652069,0.9059,0.6922
generic,dense,standard,2,25,1,1.0096204996109008,0.8796,1.5713
generic,dense,standard,2,25,2,0.5979229599237442,0.7588,0.9667
generic,dense,standard,2,25,3,0.3646114021539688,0.7965,0.8433
generic,dense,standard,2,25,4,0.3358865529298782,0.945,0.6244
generic,dense,standard,2,25,5,0.4496247202157974,0.5942,0.8959
generic,dense,standard,2,25,6,0.4602218389511108,0.9453,0.8802
generic,dense,standard,2,25,7,0.4684313923120499,0.9515,0.9669
generic,dense,standard,2,25,8,0.4348923742771148,0.971,0.5993
generic,dense,standard,2,25,9,0.3091161668300629,0.9443,0.5956
generic,dense,standard,2,25,10,0.2931676536798477,0.9616,1.0697
generic,dense,standard,2,25,11,0.4884792536497116,0.9574,0.7866
generic,dense,standard,2,25,12,0.3267706573009491,0.9403,1.4087
generic,dense,standard,2,25,13,0.4206091552972794,0.8914,0.9384
generic,dense,standard,2,25,14,0.4814926326274872,0.8148,0.8541
generic,dense,standard,2,25,15,0.3983647108078003,0.8275,0.7355
bio,adapter_only,standard,0,25,1,0.3397380948066711,0.8646,0.5562
bio,adapter_only,standard,0,25,2,0.3139470279216766,0.8812,0.5533
bio,adapter_only,standard,0,25,3,0.2938096910715103,0.9123,0.5866
bio,adapter_only,standard,0,25,4,0.2817288860678673,0.9162,0.5833
bio,adapter_only,standard,0,25,5,0.2720576882362365,0.9137,0.5671
bio,adapter_only,standard,0,25,6,0.264886175096035,0.9206,0.5769
bio,adapter_only,standard,0,25,7,0.2593622684478759,0.9277,0.59
bio,adapter_only,standard,0,25,8,0.2542270913720131,0.9267,0.5743
bio,adapter_only,standard,4,25,1,0.3409324198961257,0.8721,0.5546
bio,adapter_only,standard,4,25,2,0.3230487495660782,0.8931,0.5654
bio,adapter_only,standard,4,25,3,0.3047886401414871,0.9162,0.5859
bio,adapter_only,standard,4,25,4,0.2959410607814788,0.9216,0.5866
bio,adapter_only,standard,4,25,5,0.2887855336070061,0.9206,0.5757
bio,adapter_only,standard,4,25,6,0.2824045568704605,0.9291,0.5897
bio,adapter_only,standard,4,25,7,0.2774723142385483,0.9285,0.5775
bio,connectome,standard,0,50,1,0.463528298586607,0.9578,0.5164
bio,connectome,standard,0,50,2,0.2010143265128135,0.9824,0.457
bio,connectome,standard,0,50,3,0.1745759643614292,0.9816,0.2825
bio,connectome,standard,0,50,4,0.1504252422600984,0.9869,0.2473
bio,connectome,standard,0,50,5,0.1494726553559303,0.9836,0.2748
bio,connectome,standard,0,50,6,0.1393102705478668,0.9835,0.2353
bio,connectome,standard,0,50,7,0.1410993244498968,0.9794,0.2434
bio,connectome,standard,0,50,8,0.1320751596242189,0.9831,0.4215
bio,connectome,standard,0,50,9,0.1298071388155222,0.9845,0.2993
bio,connectome,standard,0,50,10,0.128439374640584,0.9836,0.2212
bio,connectome,standard,0,50,11,0.1159490302205085,0.9801,0.221
bio,connectome,standard,0,50,12,0.1208742063492536,0.9843,0.2443
bio,connectome,standard,0,50,13,0.1293308068066835,0.9808,0.2514
bio,connectome,standard,0,50,14,0.1268600422888994,0.9846,0.2825
bio,connectome,standard,0,50,15,0.1211022287607193,0.9853,0.2049
bio,connectome,standard,0,50,16,0.1118381630629301,0.9837,0.2339
bio,connectome,standard,0,50,17,0.123090574145317,0.9849,0.2309
bio,connectome,standard,0,50,18,0.1118756219744682,0.9851,0.2012
bio,connectome,standard,0,50,19,0.1030876528471708,0.9844,0.1838
bio,connectome,standard,0,50,20,0.12230413146317,0.9805,0.2142
bio,connectome,standard,0,50,21,0.1079100150614977,0.9849,0.1983
bio,connectome,standard,0,50,22,0.1064772918820381,0.9859,0.2055
bio,connectome,standard,0,50,23,0.1076621327549219,0.986,0.2268
bio,connectome,standard,0,50,24,0.1045554179698228,0.9851,0.1802
bio,connectome,standard,0,50,25,0.1019597835838794,0.9854,0.2218
bio,connectome,standard,0,50,26,0.100122420489788,0.9849,0.1832
bio,connectome,standard,0,50,27,0.1136337548494339,0.9885,0.1734
bio,connectome,standard,0,50,28,0.1099463880062103,0.9846,0.2002
bio,connectome,standard,0,50,29,0.1005709078162908,0.9836,0.2057
bio,connectome,standard,0,50,30,0.103781422227621,0.9848,0.1804
bio,connectome,standard,4,50,1,0.5246356271207333,0.9619,0.4176
bio,connectome,standard,4,50,2,0.1925489604473114,0.9838,0.3433
bio,connectome,standard,4,50,3,0.1620017908513546,0.9747,0.2697
bio,connectome,standard,4,50,4,0.1462512355297804,0.9834,0.2191
bio,connectome,standard,4,50,5,0.1574390526860952,0.9842,0.2408
bio,connectome,standard,4,50,6,0.1438309788703918,0.9842,0.2186
bio,connectome,standard,4,50,7,0.1316225104033947,0.9855,0.2295
bio,connectome,standard,4,50,8,0.1358070507645607,0.9829,0.2154
bio,connectome,standard,4,50,9,0.1296938203275203,0.984,0.2385
bio,connectome,standard,4,50,10,0.1304459415376186,0.9874,0.2548
bio,connectome,standard,4,50,11,0.1390715129673481,0.9844,0.2506
bio,connectome,standard,4,50,12,0.1449432749301195,0.988,0.2644
bio,connectome,standard,4,50,13,0.1277618773281574,0.9882,0.2039
bio,connectome,standard,4,50,14,0.1206319633871317,0.9868,0.1812
bio,connectome,standard,4,50,15,0.1230369362980127,0.9851,0.234
bio,connectome,standard,4,50,16,0.1149042431265115,0.9835,0.2093
bio,connectome,standard,4,50,17,0.1158509418368339,0.9862,0.1844
bio,connectome,standard,4,50,18,0.1094136286526918,0.9838,0.2455
bio,connectome,standard,4,50,19,0.1059846442192792,0.9834,0.215
bio,connectome,standard,4,50,20,0.1055204376578331,0.9878,0.1925
bio,connectome,graded_ln,2,50,1,0.3995120510458946,0.9709,0.5143
bio,connectome,graded_ln,2,50,2,0.1881713055074215,0.972,0.2598
bio,connectome,graded_ln,2,50,3,0.2039012845605611,0.9838,0.294
bio,connectome,graded_ln,2,50,4,0.1915364980697632,0.9803,0.3154
bio,connectome,graded_ln,2,50,5,0.1514543868601322,0.9799,0.2497
bio,connectome,graded_ln,2,50,6,0.1553506080061197,0.9706,0.2731
bio,connectome,graded_ln,2,50,7,0.1533138394355774,0.9846,0.2858
bio,connectome,graded_ln,2,50,8,0.1379157558083534,0.9823,0.232
bio,connectome,graded_ln,2,50,9,0.1386505048722028,0.9832,0.2795
bio,connectome,graded_ln,2,50,10,0.1387834299355745,0.9827,0.2119
bio,connectome,graded_ln,2,50,11,0.1264662224799394,0.9833,0.2075
bio,connectome,graded_ln,2,50,12,0.1360786329954862,0.9862,0.2541
bio,connectome,graded_ln,2,50,13,0.1272599473595619,0.9865,0.2093
bio,connectome,graded_ln,2,50,14,0.1329449690878391,0.9786,0.2179
bio,connectome,graded_ln,2,50,15,0.1222791727632284,0.98,0.2175
bio,connectome,graded_ln,2,50,16,0.1249120481312275,0.9844,0.2148
bio,connectome,graded_ln,2,50,17,0.1314985673874616,0.9838,0.2977
bio,degree,standard,0,50,1,0.919222903251648,0.924,0.6779
bio,degree,standard,0,50,2,0.2361656725406646,0.9747,0.502
bio,degree,standard,0,50,3,0.1925778023898601,0.9844,0.2824
bio,degree,standard,0,50,4,0.1550088666379451,0.9807,0.2605
bio,degree,standard,0,50,5,0.1548185411840677,0.9869,0.2719
bio,degree,standard,0,50,6,0.1464868076145649,0.9837,0.2719
bio,degree,standard,0,50,7,0.1407261360436678,0.9873,0.2555
bio,degree,standard,0,50,8,0.1326277699321508,0.9859,0.3217
bio,degree,standard,0,50,9,0.1319961156696081,0.9904,0.2739
bio,degree,standard,0,50,10,0.126567617431283,0.9827,0.2599
bio,degree,standard,0,50,11,0.1277700651437044,0.9865,0.2122
bio,degree,standard,0,50,12,0.1282826766371727,0.9853,0.2547
bio,degree,standard,0,50,13,0.1266828685998916,0.9791,0.2272
bio,degree,standard,0,50,14,0.1144605867564678,0.983,0.2075
bio,degree,standard,0,50,15,0.123856758326292,0.982,0.3048
bio,degree,standard,0,50,16,0.1294736981391906,0.9862,0.2326
bio,degree,standard,0,50,17,0.1160756967961788,0.9841,0.2713
bio,degree,standard,0,50,18,0.1230497866868972,0.9846,0.2353
bio,degree,standard,0,50,19,0.1214840434491634,0.9847,0.1965
bio,degree,standard,0,50,20,0.1155290953814983,0.9861,0.1844
bio,degree,standard,0,50,21,0.1148752499371767,0.9867,0.1897
bio,degree,standard,0,50,22,0.1154061120003461,0.9851,0.1895
bio,degree,standard,0,50,23,0.1191011566668748,0.9834,0.2921
bio,degree,standard,0,50,24,0.1337807584553957,0.9841,0.2526
bio,degree,standard,0,50,25,0.1185896568000316,0.9852,0.2411
bio,degree,standard,0,50,26,0.1097610369324684,0.9854,0.1986
bio,degree,standard,4,50,1,0.688542839884758,0.8951,0.5548
bio,degree,standard,4,50,2,0.2140141874551773,0.9805,0.3343
bio,degree,standard,4,50,3,0.1774922110140323,0.9724,0.3021
bio,degree,standard,4,50,4,0.1689038783311844,0.9805,0.2485
bio,degree,standard,4,50,5,0.1738690856844186,0.9838,0.254
bio,degree,standard,4,50,6,0.1506957076489925,0.9804,0.2923
bio,degree,standard,4,50,7,0.1451703667640686,0.9851,0.3973
bio,degree,standard,4,50,8,0.1437842026352882,0.9838,0.2311
bio,degree,standard,4,50,9,0.1301901523023843,0.9865,0.2356
bio,degree,standard,4,50,10,0.1291575971990823,0.9873,0.2524
bio,degree,standard,4,50,11,0.1255458049476146,0.986,0.2279
bio,degree,standard,4,50,12,0.1369036879390478,0.9861,0.3502
bio,degree,standard,4,50,13,0.1339803896844387,0.9878,0.1965
bio,degree,standard,4,50,14,0.1323093716055154,0.9846,0.2471
bio,degree,standard,4,50,15,0.1266847986727953,0.9855,0.2122
bio,degree,standard,4,50,16,0.1316930942237377,0.9781,0.3067
bio,degree,standard,4,50,17,0.1335743952542543,0.9819,0.3225
bio,degree,standard,4,50,18,0.1387769140303135,0.9845,0.2182
bio,degree,standard,4,50,19,0.1213066026568412,0.9862,0.241
bio,degree,graded_ln,2,50,1,0.544038113206625,0.9669,0.4194
bio,degree,graded_ln,2,50,2,0.208512695133686,0.9814,0.3095
bio,degree,graded_ln,2,50,3,0.1957428373396396,0.9856,0.4181
bio,degree,graded_ln,2,50,4,0.1929889596998691,0.984,0.298
bio,degree,graded_ln,2,50,5,0.1833641409873962,0.9845,0.3049
bio,degree,graded_ln,2,50,6,0.1604350250214338,0.9743,0.26
bio,degree,graded_ln,2,50,7,0.1474196042865515,0.9859,0.2857
bio,degree,graded_ln,2,50,8,0.1441465824842453,0.9868,0.2433
bio,degree,graded_ln,2,50,9,0.1432879582047462,0.9888,0.3346
bio,degree,graded_ln,2,50,10,0.1502898097038269,0.9872,0.2859
bio,degree,graded_ln,2,50,11,0.1297919288277626,0.9837,0.219
bio,degree,graded_ln,2,50,12,0.1372667398303747,0.9875,0.1959
bio,degree,graded_ln,2,50,13,0.1315710548311472,0.9874,0.1967
bio,degree,graded_ln,2,50,14,0.1307599063962698,0.9863,0.2359
bio,degree,graded_ln,2,50,15,0.1268822949379682,0.988,0.1889
bio,degree,graded_ln,2,50,16,0.1181862652301788,0.9858,0.2857
bio,degree,graded_ln,2,50,17,0.1284615948796272,0.9862,0.2986
bio,degree,graded_ln,2,50,18,0.1303471632301807,0.9858,0.2807
bio,degree,graded_ln,2,50,19,0.1283949062228203,0.9865,0.2559
bio,degree,graded_ln,2,50,20,0.1195705197751522,0.9842,0.2416
bio,degree,graded_ln,2,50,21,0.1268651768565178,0.9857,0.2106
bio,random,standard,0,50,1,0.5440054073929786,0.9504,0.4157
bio,random,standard,0,50,2,0.22087242603302,0.9889,0.2936
bio,random,standard,0,50,3,0.1586965277791023,0.9858,0.2866
bio,random,standard,0,50,4,0.1502668306231498,0.9846,0.2822
bio,random,standard,0,50,5,0.1464166771620512,0.9889,0.2342
bio,random,standard,0,50,6,0.1455903589725494,0.9827,0.2186
bio,random,standard,0,50,7,0.1462241895496845,0.9868,0.2622
bio,random,standard,0,50,8,0.1419974114745855,0.9876,0.2931
bio,random,standard,0,50,9,0.1365498181432485,0.9836,0.3476
bio,random,standard,0,50,10,0.1414074659347534,0.9875,0.1951
bio,random,standard,0,50,11,0.1220743671059608,0.9831,0.2449
bio,random,standard,0,50,12,0.1241477470844984,0.9861,0.2652
bio,random,standard,0,50,13,0.1232514511793851,0.9862,0.201
bio,random,standard,0,50,14,0.1128039605915546,0.9855,0.1965
bio,random,standard,0,50,15,0.1129211746156215,0.9861,0.2042
bio,random,standard,0,50,16,0.1086732797324657,0.9862,0.1944
bio,random,standard,0,50,17,0.1145114455372095,0.9842,0.2554
bio,random,standard,0,50,18,0.1153710231184959,0.9816,0.219
bio,random,standard,0,50,19,0.1203037615865469,0.9859,0.2005
bio,random,standard,0,50,20,0.1071654569357633,0.9852,0.2453
bio,random,standard,0,50,21,0.1104601006954908,0.9857,0.1911
bio,random,standard,0,50,22,0.1064665470272302,0.9855,0.1976
bio,random,standard,0,50,23,0.1091792806982994,0.9827,0.2768
bio,random,standard,0,50,24,0.1085137587040662,0.9865,0.1724
bio,random,standard,0,50,25,0.1017152722924947,0.9862,0.284
bio,random,standard,0,50,26,0.1042155761271715,0.9861,0.1761
bio,random,standard,0,50,27,0.1061161193996667,0.9861,0.1912
bio,random,standard,0,50,28,0.1004261504858732,0.9854,0.1937
bio,random,standard,0,50,29,0.1122609391808509,0.9855,0.2397
bio,random,standard,0,50,30,0.1116488073021173,0.9861,0.184
bio,random,standard,4,50,1,0.450434460490942,0.9403,0.6904
bio,random,standard,4,50,2,0.1996590599417686,0.9812,0.2604
bio,random,standard,4,50,3,0.1586660210043192,0.9779,0.2558
bio,random,standard,4,50,4,0.1555665828287601,0.9882,0.2125
bio,random,standard,4,50,5,0.1463198136538267,0.9873,0.2521
bio,random,standard,4,50,6,0.1515160787850618,0.9877,0.2246
bio,random,standard,4,50,7,0.1413302823901176,0.9849,0.3272
bio,random,standard,4,50,8,0.1400855720043182,0.9878,0.2212
bio,random,standard,4,50,9,0.1287658713757991,0.984,0.2188
bio,random,standard,4,50,10,0.1236878909170627,0.9871,0.2498
bio,spectrum,standard,2,50,1,0.8826065242290497,0.8113,0.8259
bio,spectrum,standard,2,50,2,0.306071762740612,0.9418,0.6327
bio,spectrum,standard,2,50,3,0.2527172267436981,0.9657,0.4719
bio,spectrum,standard,2,50,4,0.2338586419820785,0.9288,0.5046
bio,spectrum,standard,2,50,5,0.2334934145212173,0.9642,0.488
bio,spectrum,standard,2,50,6,0.2204363152384758,0.9683,0.4196
bio,spectrum,standard,2,50,7,0.2212844245135784,0.9658,0.4416
bio,spectrum,standard,2,50,8,0.2421926043927669,0.9599,0.4771
bio,spectrum,standard,2,50,9,0.2282125577330589,0.9601,0.4616
bio,spectrum,standard,2,50,10,0.2171587854623794,0.9602,0.4366
bio,spectrum,standard,2,50,11,0.2227493800222873,0.9656,0.3937
bio,spectrum,standard,2,50,12,0.2679643675684929,0.9083,0.677
bio,spectrum,standard,2,50,13,0.2852245479822158,0.9468,0.5528
bio,spectrum,standard,2,50,14,0.2633615151047707,0.9682,0.4848
bio,spectrum,standard,2,50,15,0.2499299764633178,0.9482,0.5162
bio,spectrum,standard,2,50,16,0.2344259679317474,0.9661,0.4809
bio,spectrum,standard,2,50,17,0.2366199128329754,0.9127,0.664
bio,dense,standard,0,50,1,0.6292981043457985,0.8396,0.7195
bio,dense,standard,0,50,2,0.3367488130927086,0.8479,0.8208
bio,dense,standard,0,50,3,0.3359751865267754,0.8432,0.6727
bio,dense,standard,0,50,4,0.3398729309439659,0.838,0.8115
bio,dense,standard,0,50,5,0.3382770448923111,0.8407,0.7312
bio,dense,standard,0,50,6,0.3339400857686996,0.8405,0.6945
bio,dense,standard,0,50,7,0.3345449954271317,0.8042,0.7828
bio,dense,standard,0,50,8,0.3384702533483505,0.8046,0.7441
bio,dense,standard,0,50,9,0.3445306986570358,0.837,0.8435
bio,dense,standard,4,50,1,0.62071722894907,0.8328,0.7759
bio,dense,standard,4,50,2,0.3146953254938125,0.834,0.6998
bio,dense,standard,4,50,3,0.3219642862677574,0.7981,0.8152
bio,dense,standard,4,50,4,0.3302813723683357,0.8333,0.6921
bio,dense,standard,4,50,5,0.3096396207809448,0.8324,0.8198
bio,dense,standard,4,50,6,0.3210257515311241,0.8343,0.6482
bio,dense,standard,4,50,7,0.3181781321763992,0.8347,0.7674
bio,dense,standard,4,50,8,0.3107836112380028,0.8355,0.7104
bio,dense,standard,4,50,9,0.3098514527082443,0.8261,0.747
bio,dense,standard,4,50,10,0.3083467468619346,0.8313,0.675
bio,dense,standard,4,50,11,0.3323388084769249,0.8213,0.6749
bio,dense,standard,4,50,12,0.3261994510889053,0.8232,0.7011
generic,connectome,standard,2,50,1,0.3007418565452099,0.967,0.3511
generic,connectome,standard,2,50,2,0.1879186585545539,0.9761,0.2476
generic,connectome,standard,2,50,3,0.1476546611636877,0.9777,0.4518
generic,connectome,standard,2,50,4,0.1566397853195667,0.985,0.2066
generic,connectome,standard,2,50,5,0.1232679426670074,0.9822,0.2286
generic,connectome,standard,2,50,6,0.1215885415673256,0.9842,0.1945
generic,connectome,standard,2,50,7,0.1326058313250541,0.9835,0.2295
generic,connectome,standard,2,50,8,0.1392583256587386,0.9841,0.3304
generic,connectome,standard,2,50,9,0.1087559103965759,0.9793,0.2976
generic,connectome,standard,2,50,10,0.1217657826840877,0.9739,0.3947
generic,connectome,standard,2,50,11,0.1280553545802831,0.9826,0.2179
generic,connectome,standard,2,50,12,0.1054724302142858,0.9802,0.2732
generic,degree,standard,0,50,1,0.3369403630495071,0.9602,0.805
generic,degree,standard,0,50,2,0.1682916559278965,0.9671,0.4179
generic,degree,standard,0,50,3,0.1561161808669567,0.9794,0.3282
generic,degree,standard,0,50,4,0.1266333248466253,0.9861,0.1974
generic,degree,standard,0,50,5,0.1238210339099168,0.9777,0.2572
generic,degree,standard,0,50,6,0.1158080864697694,0.9855,0.1824
generic,degree,standard,0,50,7,0.1150441642850637,0.9818,0.3044
generic,degree,standard,0,50,8,0.1433375775814056,0.9794,0.6027
generic,degree,standard,0,50,9,0.136980228126049,0.9864,0.408
generic,degree,standard,0,50,10,0.1317958686500787,0.9782,0.3107
generic,degree,standard,0,50,11,0.1256962209939956,0.981,0.2
generic,degree,standard,0,50,12,0.1195991665124893,0.9788,0.3448
generic,degree,standard,4,50,1,0.3194794345647097,0.9711,0.5232
generic,degree,standard,4,50,2,0.1970502439886331,0.9882,0.2933
generic,degree,standard,4,50,3,0.1598667290061712,0.9838,0.5207
generic,degree,standard,4,50,4,0.1536586336791515,0.9836,0.2343
generic,degree,standard,4,50,5,0.1238738778978586,0.9801,0.3555
generic,degree,standard,4,50,6,0.1271584209054708,0.9793,0.2813
generic,degree,standard,4,50,7,0.1120116118341684,0.9862,0.3015
generic,degree,standard,4,50,8,0.1030410882085561,0.9829,0.2586
generic,degree,standard,4,50,9,0.1107663162052631,0.9874,0.2318
generic,degree,standard,4,50,10,0.1112621530890464,0.9805,0.2979
generic,degree,standard,4,50,11,0.1006622740998864,0.9841,0.1962
generic,degree,standard,4,50,12,0.1217763487249612,0.9837,0.3526
generic,degree,standard,4,50,13,0.1171084523200988,0.9834,0.2103
generic,degree,standard,4,50,14,0.1073276419192552,0.9816,0.2026
generic,degree,standard,4,50,15,0.1103055153042078,0.9809,0.306
generic,degree,standard,4,50,16,0.1027124473825097,0.9825,0.2355
generic,degree,standard,4,50,17,0.1048514492809772,0.9849,0.2713
generic,random,standard,2,50,1,0.3160569407045841,0.9742,0.2633
generic,random,standard,2,50,2,0.196555145829916,0.9802,0.5156
generic,random,standard,2,50,3,0.1648323431611061,0.9676,0.4065
generic,random,standard,2,50,4,0.143386298418045,0.986,0.2426
generic,random,standard,2,50,5,0.1317030686885118,0.9791,0.2936
generic,random,standard,2,50,6,0.1316216949373483,0.9857,0.1947
generic,random,standard,2,50,7,0.1181368324905633,0.9855,0.2195
generic,random,standard,2,50,8,0.1403132144361734,0.9804,0.3611
generic,random,standard,2,50,9,0.1108078509569168,0.9802,0.2906
generic,random,standard,2,50,10,0.1266105867922306,0.9776,0.3783
generic,random,standard,2,50,11,0.1318912226706743,0.9851,0.1983
generic,random,standard,2,50,12,0.1071613410487771,0.984,0.2084
generic,spectrum,standard,0,50,1,2.01481886357069,0.8984,0.8329
generic,spectrum,standard,0,50,2,0.3995864897966384,0.9721,0.4582
generic,spectrum,standard,0,50,3,0.2138999246060848,0.9343,0.464
generic,spectrum,standard,0,50,4,1.0012818425893784,0.9803,0.4378
generic,spectrum,standard,0,50,5,0.4512706741690636,0.9596,0.5194
generic,spectrum,standard,0,50,6,0.4249682858586311,0.974,0.4844
generic,spectrum,standard,0,50,7,0.2503741398453712,0.9751,0.7335
generic,spectrum,standard,0,50,8,0.236662969738245,0.9684,0.4492
generic,spectrum,standard,0,50,9,0.2172281451523304,0.9779,0.4905
generic,spectrum,standard,0,50,10,0.1961585663259029,0.955,0.3759
generic,spectrum,standard,0,50,11,0.2090854488313198,0.9702,0.4449
generic,spectrum,standard,0,50,12,0.3376728951930999,0.9323,0.7456
generic,spectrum,standard,0,50,13,0.3714919947087765,0.9233,0.6261
generic,spectrum,standard,0,50,14,0.3065221406519413,0.9796,0.4085
generic,spectrum,standard,0,50,15,0.3400257095694542,0.8921,1.0761
generic,spectrum,standard,0,50,16,0.360057158768177,0.9184,0.5851
generic,spectrum,standard,4,50,1,1.953549374639988,0.926,1.9356
generic,spectrum,standard,4,50,2,0.9545323342084884,0.959,1.5596
generic,spectrum,standard,4,50,3,0.4217498697340488,0.9852,0.5068
generic,spectrum,standard,4,50,4,0.2090509556233883,0.9833,0.463
generic,spectrum,standard,4,50,5,0.237265208363533,0.9855,0.4904
generic,spectrum,standard,4,50,6,0.2790515065193176,0.9568,0.5002
generic,spectrum,standard,4,50,7,0.2726535312831402,0.9817,0.6155
generic,spectrum,standard,4,50,8,0.2843478955328464,0.9628,1.0229
generic,spectrum,standard,4,50,9,0.3533524714410305,0.9467,0.5045
generic,spectrum,standard,4,50,10,0.2700832776725292,0.9879,0.4314
generic,spectrum,standard,4,50,11,0.3068706251680851,0.9517,0.5711
generic,spectrum,standard,4,50,12,0.3236945316195488,0.9687,0.9459
generic,spectrum,standard,4,50,13,0.2969016544520855,0.9704,0.4828
generic,spectrum,standard,4,50,14,0.2327335439622402,0.9754,0.4102
generic,spectrum,standard,4,50,15,0.3164005517959595,0.8526,0.6767
generic,spectrum,standard,4,50,16,0.2233829528093338,0.983,0.3078
generic,spectrum,standard,4,50,17,0.2665985498577356,0.9758,0.3127
generic,spectrum,standard,4,50,18,0.224048513174057,0.9801,0.6175
generic,spectrum,standard,4,50,19,0.1970222562551498,0.9806,0.2574
generic,spectrum,standard,4,50,20,0.172334972769022,0.9807,0.2456
generic,spectrum,standard,4,50,21,0.1800065968185663,0.9812,0.3691
generic,spectrum,standard,4,50,22,0.2754791364073753,0.9825,0.2424
generic,spectrum,standard,4,50,23,0.2872168608009815,0.9737,0.2824
generic,spectrum,standard,4,50,24,0.2634171485900879,0.9679,0.9602
generic,spectrum,standard,4,50,25,0.3212215505540371,0.9689,0.6643
generic,spectrum,standard,4,50,26,0.3129726894199848,0.9684,0.5229
generic,spectrum,standard,4,50,27,0.2799830175936222,0.9201,0.6448
generic,spectrum,standard,4,50,28,0.3219981119036674,0.9443,1.1445
generic,dense,standard,2,50,1,1.7377951249480248,0.9112,1.2926
generic,dense,standard,2,50,2,0.5490015462040901,0.9575,0.7841
generic,dense,standard,2,50,3,0.2931397706270218,0.9687,0.6804
generic,dense,standard,2,50,4,0.2641407318413257,0.9539,0.5035
generic,dense,standard,2,50,5,0.2343720346689224,0.9688,0.6063
generic,dense,standard,2,50,6,0.2001594923436641,0.9644,0.3883
generic,dense,standard,2,50,7,0.2206336513161659,0.9685,0.5023
generic,dense,standard,2,50,8,0.2189705267548561,0.9722,0.454
generic,dense,standard,2,50,9,0.1954700253903865,0.9656,0.3496
generic,dense,standard,2,50,10,0.205655488371849,0.9691,0.3375
generic,dense,standard,2,50,11,0.2032572582364082,0.9764,0.3301
generic,dense,standard,2,50,12,0.2041466481983661,0.9811,0.3588
generic,dense,standard,2,50,13,0.2023580908775329,0.9801,0.731
generic,dense,standard,2,50,14,0.1987526163458824,0.9809,0.3584
generic,dense,standard,2,50,15,0.1926939912140369,0.9611,0.4561
generic,dense,standard,2,50,16,0.2094837978482246,0.9754,0.287
generic,dense,standard,2,50,17,0.1860432639718055,0.9819,0.2577
generic,dense,standard,2,50,18,0.2026169285178184,0.9705,0.5494
generic,dense,standard,2,50,19,0.2169689774513244,0.9758,0.4104
generic,dense,standard,2,50,20,0.196713638305664,0.9678,0.5747
generic,dense,standard,2,50,21,0.3202025949954986,0.9773,0.3773
generic,dense,standard,2,50,22,0.2567067936062813,0.9679,0.7339
generic,dense,standard,2,50,23,0.2416210979223251,0.9698,0.3785
bio,adapter_only,standard,0,50,1,0.3374326020479202,0.8907,0.563
bio,adapter_only,standard,0,50,2,0.3017302915453911,0.9154,0.5788
bio,adapter_only,standard,0,50,3,0.2817398399114609,0.9258,0.5884
bio,adapter_only,standard,0,50,4,0.2698742553591728,0.9268,0.5683
bio,adapter_only,standard,0,50,5,0.2620171450078487,0.9362,0.5748
bio,adapter_only,standard,0,50,6,0.253309603780508,0.9441,0.5655
bio,adapter_only,standard,0,50,7,0.2458025947213173,0.9453,0.5358
bio,adapter_only,standard,0,50,8,0.2395335733890533,0.9701,0.5397
bio,adapter_only,standard,0,50,9,0.2319259107112884,0.9799,0.5147
bio,adapter_only,standard,0,50,10,0.2244766905903816,0.9841,0.4982
bio,adapter_only,standard,0,50,11,0.2178053714334965,0.9835,0.4673
bio,adapter_only,standard,0,50,12,0.2114173717796802,0.9853,0.4525
bio,adapter_only,standard,0,50,13,0.2056155063211918,0.9861,0.4394
bio,adapter_only,standard,0,50,14,0.2002262189984321,0.9865,0.4245
bio,adapter_only,standard,0,50,15,0.1957406394183635,0.9865,0.4058
bio,adapter_only,standard,0,50,16,0.1913414277136325,0.9867,0.4055
bio,adapter_only,standard,0,50,17,0.1879250951111316,0.9867,0.3825
bio,adapter_only,standard,0,50,18,0.1842314772307872,0.9869,0.3831
bio,adapter_only,standard,0,50,19,0.181170504540205,0.987,0.3725
bio,adapter_only,standard,0,50,20,0.1784330118447542,0.9871,0.3589
bio,adapter_only,standard,0,50,21,0.1756339468061924,0.9872,0.3592
bio,adapter_only,standard,0,50,22,0.1730262726545333,0.9873,0.347
bio,adapter_only,standard,0,50,23,0.170883572846651,0.9875,0.3439
bio,adapter_only,standard,0,50,24,0.1686052270233631,0.988,0.3384
bio,adapter_only,standard,0,50,25,0.1665292665362358,0.9881,0.3303
bio,adapter_only,standard,0,50,26,0.164974059164524,0.9884,0.3296
bio,adapter_only,standard,0,50,27,0.1631660766899585,0.9888,0.319
bio,adapter_only,standard,0,50,28,0.1615608975291252,0.989,0.3153
bio,adapter_only,standard,0,50,29,0.1598880305886268,0.9892,0.3114
bio,adapter_only,standard,0,50,30,0.1584586605429649,0.9892,0.3083
bio,adapter_only,standard,4,50,1,0.3087513603270054,0.8928,0.5658
bio,adapter_only,standard,4,50,2,0.2808613419532776,0.9223,0.5843
bio,adapter_only,standard,4,50,3,0.2646179020404816,0.9273,0.5752
bio,adapter_only,standard,4,50,4,0.2551675654947757,0.9341,0.5749
bio,adapter_only,standard,4,50,5,0.2473427064716816,0.9374,0.5556
bio,adapter_only,standard,4,50,6,0.2400860525667667,0.944,0.5507
bio,adapter_only,standard,4,50,7,0.2325892522931099,0.9616,0.5442
bio,adapter_only,standard,4,50,8,0.2257129430770874,0.9555,0.5045
bio,adapter_only,standard,4,50,9,0.2187852017581462,0.9658,0.4811
bio,adapter_only,standard,4,50,10,0.2114913620054722,0.9831,0.4759
bio,adapter_only,standard,4,50,11,0.2050666436553001,0.9826,0.4477
bio,adapter_only,standard,4,50,12,0.1999407514929771,0.9853,0.4399
bio,adapter_only,standard,4,50,13,0.1942546352744102,0.9855,0.4217
bio,adapter_only,standard,4,50,14,0.1899423122406006,0.9868,0.4129
bio,adapter_only,standard,4,50,15,0.1853947423398494,0.9867,0.3942
bio,adapter_only,standard,4,50,16,0.1816029600799083,0.9874,0.3818
bio,adapter_only,standard,4,50,17,0.1782644972205162,0.9879,0.3781
bio,adapter_only,standard,4,50,18,0.1751218400895595,0.9881,0.367
bio,adapter_only,standard,4,50,19,0.172235744446516,0.9881,0.3567
bio,adapter_only,standard,4,50,20,0.1697857849299907,0.9884,0.3508
bio,adapter_only,standard,4,50,21,0.1674017362296581,0.9884,0.3407
bio,adapter_only,standard,4,50,22,0.1652693420648575,0.9886,0.3351
bio,adapter_only,standard,4,50,23,0.163073892891407,0.9888,0.3313
bio,adapter_only,standard,4,50,24,0.1610519178211689,0.9889,0.325
bio,adapter_only,standard,4,50,25,0.1593078956007957,0.989,0.3186
bio,adapter_only,standard,4,50,26,0.1578580804169178,0.9891,0.3132
bio,adapter_only,standard,4,50,27,0.156067955493927,0.9893,0.3094
bio,adapter_only,standard,4,50,28,0.1548432808369398,0.9893,0.2998
bio,adapter_only,standard,4,50,29,0.1532356183975935,0.9894,0.3011
bio,adapter_only,standard,4,50,30,0.1517457731068134,0.9894,0.2955
bio,connectome,standard,0,100,1,0.3359001822769641,0.9708,0.3239
bio,connectome,standard,0,100,2,0.1626905417069792,0.9882,0.2286
bio,connectome,standard,0,100,3,0.1550918255001306,0.9845,0.3005
bio,connectome,standard,0,100,4,0.1383498290553689,0.9833,0.2551
bio,connectome,standard,0,100,5,0.1293021274730563,0.9872,0.207
bio,connectome,standard,0,100,6,0.1264500934630632,0.9831,0.2112
bio,connectome,standard,0,100,7,0.1295071858912706,0.9857,0.2751
bio,connectome,standard,0,100,8,0.1264566168189048,0.9854,0.2188
bio,connectome,standard,0,100,9,0.1184925140812993,0.9816,0.2389
bio,connectome,standard,0,100,10,0.132957249879837,0.9838,0.1982
bio,connectome,standard,0,100,11,0.1276032265275716,0.9813,0.2555
bio,connectome,standard,0,100,12,0.1151314590126276,0.9846,0.2411
bio,connectome,standard,0,100,13,0.1186851369217038,0.9861,0.2222
bio,connectome,standard,0,100,14,0.1138240916654467,0.9827,0.213
bio,connectome,standard,0,100,15,0.1167424468323588,0.9842,0.32
bio,connectome,standard,0,100,16,0.1161592224612832,0.987,0.2167
bio,connectome,standard,4,100,1,0.361660348251462,0.9786,0.4564
bio,connectome,standard,4,100,2,0.1675396962091326,0.9887,0.2626
bio,connectome,standard,4,100,3,0.1519945356994867,0.9821,0.3587
bio,connectome,standard,4,100,4,0.144480861723423,0.9873,0.2299
bio,connectome,standard,4,100,5,0.1312281463295221,0.9792,0.2312
bio,connectome,standard,4,100,6,0.1353012202307582,0.9856,0.2392
bio,connectome,standard,4,100,7,0.1174596715718507,0.9835,0.2048
bio,connectome,standard,4,100,8,0.1182749528437852,0.9851,0.1993
bio,connectome,standard,4,100,9,0.1108627522364258,0.9848,0.1936
bio,connectome,standard,4,100,10,0.1196388062089681,0.9787,0.2167
bio,connectome,standard,4,100,11,0.1246730515733361,0.9805,0.2006
bio,connectome,standard,4,100,12,0.1202937984839081,0.9843,0.2257
bio,connectome,standard,4,100,13,0.1085805331356823,0.9845,0.1979
bio,connectome,standard,4,100,14,0.124308936111629,0.9847,0.2176
bio,connectome,standard,4,100,15,0.118128524441272,0.9844,0.2082
bio,connectome,graded_ln,2,100,1,0.3219296704977751,0.9826,0.3601
bio,connectome,graded_ln,2,100,2,0.1846541959792375,0.9882,0.259
bio,connectome,graded_ln,2,100,3,0.148609023168683,0.9892,0.2603
bio,connectome,graded_ln,2,100,4,0.1465938918292522,0.9857,0.2743
bio,connectome,graded_ln,2,100,5,0.1351590951904654,0.9858,0.2324
bio,connectome,graded_ln,2,100,6,0.1306230364367366,0.9855,0.1857
bio,connectome,graded_ln,2,100,7,0.1337026171386242,0.9863,0.1849
bio,connectome,graded_ln,2,100,8,0.1239136973395943,0.9774,0.2485
bio,connectome,graded_ln,2,100,9,0.1255867928266525,0.985,0.1948
bio,connectome,graded_ln,2,100,10,0.1284397363662719,0.9853,0.1981
bio,connectome,graded_ln,2,100,11,0.1155915290117263,0.9854,0.2231
bio,connectome,graded_ln,2,100,12,0.1203882800415158,0.9777,0.2244
bio,connectome,graded_ln,2,100,13,0.1244626699015498,0.9854,0.1827
bio,connectome,graded_ln,2,100,14,0.1082216322422027,0.9849,0.3526
bio,connectome,graded_ln,2,100,15,0.1077474527060985,0.9849,0.1977
bio,connectome,graded_ln,2,100,16,0.1103999437764287,0.9863,0.179
bio,connectome,graded_ln,2,100,17,0.1171146249398589,0.984,0.2238
bio,connectome,graded_ln,2,100,18,0.1073726357892155,0.984,0.2145
bio,connectome,graded_ln,2,100,19,0.1043078559450805,0.9863,0.2511
bio,connectome,graded_ln,2,100,20,0.1096284141764044,0.9841,0.2325
bio,connectome,graded_ln,2,100,21,0.1070051897317171,0.9847,0.2035
bio,connectome,graded_ln,2,100,22,0.1086421649903059,0.9848,0.1808
bio,degree,standard,0,100,1,0.4061263803392648,0.9696,0.5568
bio,degree,standard,0,100,2,0.1890051331371069,0.9856,0.4423
bio,degree,standard,0,100,3,0.1623379439115524,0.9887,0.23
bio,degree,standard,0,100,4,0.1532993294298648,0.9825,0.2357
bio,degree,standard,0,100,5,0.1408674782142043,0.9794,0.244
bio,degree,standard,0,100,6,0.1452697271481156,0.9846,0.212
bio,degree,standard,0,100,7,0.144057909399271,0.9871,0.2385
bio,degree,standard,0,100,8,0.133283974789083,0.9862,0.2181
bio,degree,standard,0,100,9,0.1326944135129451,0.9872,0.2355
bio,degree,standard,0,100,10,0.1384092940017581,0.9802,0.2436
bio,degree,standard,0,100,11,0.1299381656572222,0.9868,0.2051
bio,degree,standard,0,100,12,0.1169126005843281,0.9857,0.1985
bio,degree,standard,0,100,13,0.1255916560068726,0.9866,0.2354
bio,degree,standard,0,100,14,0.1335955146700143,0.9844,0.2243
bio,degree,standard,0,100,15,0.1338431671261787,0.9877,0.258
bio,degree,standard,0,100,16,0.1278893504291773,0.986,0.3015
bio,degree,standard,0,100,17,0.1227701941505074,0.986,0.2738
bio,degree,standard,0,100,18,0.1229621734470129,0.9853,0.2027
bio,degree,standard,4,100,1,0.4762947462499142,0.985,0.2872
bio,degree,standard,4,100,2,0.1844369038939476,0.9665,0.3331
bio,degree,standard,4,100,3,0.1561743047088384,0.9848,0.2552
bio,degree,standard,4,100,4,0.1674658479169011,0.9861,0.2863
bio,degree,standard,4,100,5,0.1437976941466331,0.9873,0.1943
bio,degree,standard,4,100,6,0.1431165661662817,0.9879,0.2243
bio,degree,standard,4,100,7,0.1391144040971994,0.9863,0.2892
bio,degree,standard,4,100,8,0.1241009678691625,0.9865,0.2174
bio,degree,standard,4,100,9,0.1293943574652075,0.9874,0.2439
bio,degree,standard,4,100,10,0.1211591865867376,0.9794,0.2604
bio,degree,standard,4,100,11,0.144647342339158,0.9795,0.2403
bio,degree,graded_ln,2,100,1,0.4024395309388637,0.9813,0.3875
bio,degree,graded_ln,2,100,2,0.1945479061454534,0.9526,0.3711
bio,degree,graded_ln,2,100,3,0.1688128661364317,0.9877,0.2728
bio,degree,graded_ln,2,100,4,0.1684167066588998,0.9876,0.4067
bio,degree,graded_ln,2,100,5,0.147904522716999,0.9884,0.2757
bio,degree,graded_ln,2,100,6,0.1376334382221102,0.987,0.1883
bio,degree,graded_ln,2,100,7,0.1341148637235164,0.9861,0.195
bio,degree,graded_ln,2,100,8,0.1262865314260125,0.9822,0.2246
bio,degree,graded_ln,2,100,9,0.1298340678215027,0.9864,0.2483
bio,degree,graded_ln,2,100,10,0.1285367978736758,0.985,0.2063
bio,degree,graded_ln,2,100,11,0.1274563547223806,0.987,0.2072
bio,degree,graded_ln,2,100,12,0.1235234400257468,0.9873,0.1892
bio,random,standard,0,100,1,0.3567706439644098,0.9869,0.28
bio,random,standard,0,100,2,0.1519275408238172,0.9878,0.3036
bio,random,standard,0,100,3,0.1673346048220992,0.9886,0.2154
bio,random,standard,0,100,4,0.1373223712667823,0.9867,0.2159
bio,random,standard,0,100,5,0.1342846987769007,0.9871,0.2608
bio,random,standard,0,100,6,0.128368891403079,0.9851,0.2131
bio,random,standard,0,100,7,0.1311658252030611,0.9838,0.2919
bio,random,standard,0,100,8,0.126220217347145,0.9858,0.2335
bio,random,standard,0,100,9,0.1137521671131253,0.9859,0.1978
bio,random,standard,0,100,10,0.1143278576433658,0.9857,0.2089
bio,random,standard,0,100,11,0.117157513834536,0.9841,0.2039
bio,random,standard,0,100,12,0.1147321626543998,0.9854,0.1968
bio,random,standard,0,100,13,0.108136012032628,0.9864,0.2081
bio,random,standard,0,100,14,0.1094474729150533,0.9852,0.1966
bio,random,standard,0,100,15,0.1167835963889956,0.983,0.3131
bio,random,standard,0,100,16,0.1163380835205316,0.9839,0.3191
bio,random,standard,0,100,17,0.1163759626448154,0.9845,0.2093
bio,random,standard,0,100,18,0.1094086959958076,0.9831,0.2264
bio,random,standard,0,100,19,0.1152285743504762,0.9859,0.1983
bio,random,standard,0,100,20,0.1039070197381079,0.9849,0.2511
bio,random,standard,4,100,1,0.2838266305625438,0.9846,0.2998
bio,random,standard,4,100,2,0.2165280204266309,0.9874,0.2598
bio,random,standard,4,100,3,0.1484147576615214,0.9846,0.3291
bio,random,standard,4,100,4,0.1505638804286718,0.9872,0.2691
bio,random,standard,4,100,5,0.1440860299393534,0.9852,0.2119
bio,random,standard,4,100,6,0.1372790763154626,0.9869,0.1869
bio,random,standard,4,100,7,0.1297275619581341,0.9866,0.2666
bio,random,standard,4,100,8,0.1264015400782227,0.9871,0.2004
bio,random,standard,4,100,9,0.1214815396815538,0.9844,0.217
bio,random,standard,4,100,10,0.1218678949400782,0.9846,0.2231
bio,random,standard,4,100,11,0.1220263792201876,0.9864,0.1862
bio,random,standard,4,100,12,0.1148807739838957,0.9841,0.2474
bio,random,standard,4,100,13,0.115762435644865,0.984,0.2062
bio,random,standard,4,100,14,0.1114840045571327,0.9848,0.2561
bio,random,standard,4,100,15,0.1082941837608814,0.9862,0.2162
bio,random,standard,4,100,16,0.1095540491864085,0.9805,0.2673
bio,random,standard,4,100,17,0.1022678513079881,0.9828,0.254
bio,spectrum,standard,2,100,1,0.539223899692297,0.8335,0.768
bio,spectrum,standard,2,100,2,0.3369552090764046,0.8353,0.7274
bio,spectrum,standard,2,100,3,0.331784576177597,0.8378,0.8475
bio,spectrum,standard,2,100,4,0.3312863506376743,0.8374,0.842
bio,spectrum,standard,2,100,5,0.3305545903742313,0.8369,0.7156
bio,spectrum,standard,2,100,6,0.3385023199021816,0.8371,0.9247
bio,spectrum,standard,2,100,7,0.3291670113801956,0.7658,0.8207
bio,spectrum,standard,2,100,8,0.328513453900814,0.7771,0.6317
bio,spectrum,standard,2,100,9,0.3480077572166919,0.8368,0.6344
bio,spectrum,standard,2,100,10,0.3380234822630882,0.8384,0.6692
bio,spectrum,standard,2,100,11,0.3388577654957771,0.8316,0.7124
bio,spectrum,standard,2,100,12,0.3271608263254165,0.8364,0.6361
bio,spectrum,standard,2,100,13,0.3425983369350433,0.8395,0.6399
bio,spectrum,standard,2,100,14,0.3250415980815887,0.7374,0.8525
bio,dense,standard,0,100,1,0.4522518523037434,0.8389,0.8707
bio,dense,standard,0,100,2,0.3364038802683353,0.846,0.7971
bio,dense,standard,0,100,3,0.333974077552557,0.8461,0.8681
bio,dense,standard,0,100,4,0.3388581819832325,0.8172,0.8536
bio,dense,standard,0,100,5,0.3397198565304279,0.8528,0.9075
bio,dense,standard,0,100,6,0.3397893622517586,0.8646,0.6488
bio,dense,standard,0,100,7,0.3364300474524498,0.8282,0.7007
bio,dense,standard,0,100,8,0.3371693827211857,0.7736,0.7296
bio,dense,standard,0,100,9,0.3359451316297054,0.8539,0.6965
bio,dense,standard,0,100,10,0.3399441629648209,0.8524,0.7037
bio,dense,standard,0,100,11,0.3330966606736183,0.845,0.6541
bio,dense,standard,0,100,12,0.3344854205846786,0.7659,0.7113
bio,dense,standard,4,100,1,0.3983782730996609,0.853,0.7145
bio,dense,standard,4,100,2,0.3301222383975982,0.8663,0.8087
bio,dense,standard,4,100,3,0.3297261551022529,0.8711,0.6659
bio,dense,standard,4,100,4,0.3329564839601516,0.89,0.6578
bio,dense,standard,4,100,5,0.3329610727727413,0.8071,0.6437
bio,dense,standard,4,100,6,0.3406533427536488,0.7293,0.8825
bio,dense,standard,4,100,7,0.3344397276639938,0.7033,0.7839
bio,dense,standard,4,100,8,0.3406987369060516,0.7324,0.6866
bio,dense,standard,4,100,9,0.3409935504198074,0.7591,0.6462
bio,dense,standard,4,100,10,0.3330467715859413,0.7835,0.7985
bio,dense,standard,4,100,11,0.3414866372942924,0.7772,0.6658
generic,connectome,standard,2,100,1,0.3700897146016359,0.9832,0.2494
generic,connectome,standard,2,100,2,0.1400604840368032,0.9819,0.2161
generic,connectome,standard,2,100,3,0.130722561571747,0.974,0.5172
generic,connectome,standard,2,100,4,0.1419591886922717,0.9858,0.2584
generic,connectome,standard,2,100,5,0.1203004093840718,0.9835,0.265
generic,connectome,standard,2,100,6,0.1111627183854579,0.984,0.2102
generic,connectome,standard,2,100,7,0.1141577901318669,0.9836,0.1968
generic,connectome,standard,2,100,8,0.1120432361960411,0.9819,0.2084
generic,connectome,standard,2,100,9,0.1065264387056231,0.9794,0.2468
generic,connectome,standard,2,100,10,0.1235629992559552,0.9834,0.2128
generic,connectome,standard,2,100,11,0.1209648735821247,0.9845,0.2041
generic,connectome,standard,2,100,12,0.1200824638828635,0.981,0.2171
generic,connectome,standard,2,100,13,0.1221600448712706,0.9867,0.1969
generic,degree,standard,0,100,1,0.2298368997871875,0.9878,0.3354
generic,degree,standard,0,100,2,0.1542400684207678,0.9863,0.2291
generic,degree,standard,0,100,3,0.1509086592122912,0.981,0.5685
generic,degree,standard,0,100,4,0.1502846613526344,0.9862,0.1789
generic,degree,standard,0,100,5,0.1141829742118716,0.9848,0.1889
generic,degree,standard,0,100,6,0.124515388533473,0.9828,0.2178
generic,degree,standard,0,100,7,0.1229612378403544,0.9849,0.1877
generic,degree,standard,0,100,8,0.1169451998546719,0.9793,0.2308
generic,degree,standard,0,100,9,0.1154421368613839,0.9835,0.1873
generic,degree,standard,0,100,10,0.1111198531463742,0.9836,0.2397
generic,degree,standard,4,100,1,0.2683299737051129,0.968,0.3288
generic,degree,standard,4,100,2,0.1659265076741576,0.987,0.2027
generic,degree,standard,4,100,3,0.1413080060854554,0.9806,0.4327
generic,degree,standard,4,100,4,0.1362632102333009,0.9823,0.2517
generic,degree,standard,4,100,5,0.1191700974479317,0.9877,0.2248
generic,degree,standard,4,100,6,0.1139917570166289,0.9791,0.2566
generic,degree,standard,4,100,7,0.1134515013545751,0.9865,0.2169
generic,degree,standard,4,100,8,0.1214182801544666,0.9852,0.2121
generic,random,standard,2,100,1,0.3220691045746207,0.9781,0.2393
generic,random,standard,2,100,2,0.1430657079443335,0.9785,0.2443
generic,random,standard,2,100,3,0.1413975656032562,0.9758,0.3166
generic,random,standard,2,100,4,0.1244030067697167,0.9839,0.2289
generic,random,standard,2,100,5,0.1221144976094365,0.982,0.3452
generic,random,standard,2,100,6,0.1243747476488351,0.9857,0.2676
generic,random,standard,2,100,7,0.1098536243662238,0.9835,0.1946
generic,random,standard,2,100,8,0.1031681233085692,0.9821,0.2059
generic,random,standard,2,100,9,0.1076661519706249,0.9851,0.1917
generic,random,standard,2,100,10,0.1100304469466209,0.9792,0.3081
generic,random,standard,2,100,11,0.1054041568189859,0.9834,0.2086
generic,random,standard,2,100,12,0.1008912287652492,0.98,0.2058
generic,random,standard,2,100,13,0.1178620027378201,0.9862,0.1837
generic,random,standard,2,100,14,0.110328503139317,0.9814,0.3181
generic,random,standard,2,100,15,0.1047865455038845,0.9836,0.2287
generic,random,standard,2,100,16,0.1056224619038403,0.9863,0.1752
generic,random,standard,2,100,17,0.0974404003471136,0.9839,0.227
generic,random,standard,2,100,18,0.1013965483754873,0.9832,0.2174
generic,random,standard,2,100,19,0.0962400482036173,0.9824,0.2894
generic,random,standard,2,100,20,0.0992048822343349,0.9838,0.1807
generic,random,standard,2,100,21,0.1001567532308399,0.9836,0.2199
generic,random,standard,2,100,22,0.1098396591842174,0.9857,0.1995
generic,spectrum,standard,0,100,1,1.2550357669591905,0.9457,1.1419
generic,spectrum,standard,0,100,2,0.5808276921510697,0.9684,0.5622
generic,spectrum,standard,0,100,3,0.2661860529333353,0.9526,0.4483
generic,spectrum,standard,0,100,4,0.2203243881464004,0.7768,0.9542
generic,spectrum,standard,0,100,5,0.9904806829988956,0.5765,2.265
generic,spectrum,standard,0,100,6,0.9360713131725787,0.9435,0.5035
generic,spectrum,standard,0,100,7,0.4098890371620655,0.8309,0.7193
generic,spectrum,standard,0,100,8,0.2974257916212082,0.9824,0.5627
generic,spectrum,standard,0,100,9,0.2559298951178789,0.9811,0.4509
generic,spectrum,standard,4,100,1,0.8543075703084468,0.9158,0.5646
generic,spectrum,standard,4,100,2,0.2793519847095013,0.9274,0.518
generic,spectrum,standard,4,100,3,0.2649087764322758,0.9548,1.0311
generic,spectrum,standard,4,100,4,0.315521440654993,0.9406,0.7356
generic,spectrum,standard,4,100,5,0.291615791618824,0.9522,0.6429
generic,spectrum,standard,4,100,6,0.274248157069087,0.9383,0.5403
generic,spectrum,standard,4,100,7,0.2944219522178173,0.9484,0.5309
generic,spectrum,standard,4,100,8,0.2717442881315947,0.9553,0.5166
generic,spectrum,standard,4,100,9,0.2752255469560623,0.937,0.5102
generic,spectrum,standard,4,100,10,0.325720003247261,0.9201,0.5335
generic,spectrum,standard,4,100,11,0.3561305742710828,0.9324,0.5152
generic,spectrum,standard,4,100,12,0.2987072292715311,0.9486,0.511
generic,spectrum,standard,4,100,13,0.3225555807352066,0.9307,0.7681
generic,spectrum,standard,4,100,14,0.353458633646369,0.8364,0.7923
generic,spectrum,standard,4,100,15,0.2969925038516521,0.9419,0.4963
generic,spectrum,standard,4,100,16,0.3373958855867386,0.8552,0.5804
generic,spectrum,standard,4,100,17,0.415706605091691,0.9313,0.6719
generic,spectrum,standard,4,100,18,0.3178569320589304,0.9437,0.4849
generic,spectrum,standard,4,100,19,0.2913177240639925,0.7812,0.7941
generic,spectrum,standard,4,100,20,0.3185436174273491,0.9434,0.601
generic,spectrum,standard,4,100,21,0.2891858551651239,0.9587,0.61
generic,spectrum,standard,4,100,22,0.2870042122900486,0.8628,0.5549
generic,spectrum,standard,4,100,23,0.3025936923921108,0.9412,0.4882
generic,spectrum,standard,4,100,24,0.2790996063500642,0.966,0.4745
generic,spectrum,standard,4,100,25,0.4177957698702812,0.7596,0.6628
generic,spectrum,standard,4,100,26,0.4653540521860123,0.8931,0.5847
generic,spectrum,standard,4,100,27,0.5083207726478577,0.8753,0.5924
generic,spectrum,standard,4,100,28,0.476371780782938,0.7979,0.9279
generic,spectrum,standard,4,100,29,0.5859228774905205,0.7671,1.0003
generic,spectrum,standard,4,100,30,0.4741018310189247,0.8029,0.7883
generic,dense,standard,2,100,1,0.8968000404536725,0.8725,0.6713
generic,dense,standard,2,100,2,0.4609596416354179,0.9694,0.6653
generic,dense,standard,2,100,3,0.3413802843540907,0.9609,0.8666
generic,dense,standard,2,100,4,0.3880236987024545,0.6975,0.669
generic,dense,standard,2,100,5,0.3603659484535456,0.6832,0.7223
generic,dense,standard,2,100,6,0.3293183550238609,0.953,0.9454
generic,dense,standard,2,100,7,0.3309939324855804,0.9552,0.5581
generic,dense,standard,2,100,8,0.3304906122386455,0.9435,0.5463
generic,dense,standard,2,100,9,0.3160652659833431,0.9675,0.9835
generic,dense,standard,2,100,10,0.3277933396399021,0.9646,0.5406
generic,dense,standard,2,100,11,0.3804337460547685,0.6473,0.8765
generic,dense,standard,2,100,12,0.3945342395454645,0.9517,0.9305
generic,dense,standard,2,100,13,0.3341253127902746,0.7019,0.6836
generic,dense,standard,2,100,14,0.3110805489122867,0.9453,0.8716
generic,dense,standard,2,100,15,0.3018165856599807,0.8928,0.631
generic,dense,standard,2,100,16,0.4173851143568754,0.9501,0.7266
bio,adapter_only,standard,0,100,1,0.3250746853649616,0.9208,0.5933
bio,adapter_only,standard,0,100,2,0.2792599536478519,0.9327,0.5994
bio,adapter_only,standard,0,100,3,0.2612036325037479,0.9423,0.5801
bio,adapter_only,standard,0,100,4,0.2471902292221784,0.95,0.5322
bio,adapter_only,standard,0,100,5,0.2329262442886829,0.9778,0.4991
bio,adapter_only,standard,0,100,6,0.2192700941115618,0.9852,0.4622
bio,adapter_only,standard,0,100,7,0.2074583929032087,0.986,0.4263
bio,adapter_only,standard,0,100,8,0.1975804839283227,0.9873,0.4082
bio,adapter_only,standard,0,100,9,0.189641173928976,0.9872,0.3818
bio,adapter_only,standard,0,100,10,0.1832012970000505,0.9873,0.3589
bio,adapter_only,standard,0,100,11,0.1777206875383853,0.9879,0.3546
bio,adapter_only,standard,0,100,12,0.1728854283690452,0.9882,0.3421
bio,adapter_only,standard,0,100,13,0.1692126460373401,0.9887,0.3322
bio,adapter_only,standard,0,100,14,0.1654256764799356,0.9891,0.3218
bio,adapter_only,standard,0,100,15,0.1624703098088503,0.9892,0.3112
bio,adapter_only,standard,0,100,16,0.1594163227826356,0.9894,0.3013
bio,adapter_only,standard,0,100,17,0.1570216098800301,0.9894,0.2951
bio,adapter_only,standard,0,100,18,0.154403205960989,0.9895,0.2898
bio,adapter_only,standard,0,100,19,0.1525773707777261,0.9897,0.2837
bio,adapter_only,standard,0,100,20,0.1504951488226652,0.9898,0.269
bio,adapter_only,standard,0,100,21,0.1486834987998008,0.9898,0.2714
bio,adapter_only,standard,0,100,22,0.1469837946817279,0.9898,0.2648
bio,adapter_only,standard,0,100,23,0.1455233631655574,0.9898,0.2572
bio,adapter_only,standard,0,100,24,0.1441613249480724,0.9898,0.2676
bio,adapter_only,standard,0,100,25,0.1429784540086984,0.9897,0.254
bio,adapter_only,standard,0,100,26,0.1415718270465731,0.9897,0.2562
bio,adapter_only,standard,0,100,27,0.1403304941952228,0.9897,0.2516
bio,adapter_only,standard,0,100,28,0.1392630780115723,0.9895,0.247
bio,adapter_only,standard,0,100,29,0.1383807729929685,0.9896,0.2503
bio,adapter_only,standard,0,100,30,0.1377687569707632,0.9895,0.245
bio,adapter_only,standard,4,100,1,0.3100309804081916,0.9124,0.568
bio,adapter_only,standard,4,100,2,0.2728638838976621,0.9299,0.5699
bio,adapter_only,standard,4,100,3,0.2571628998965025,0.9442,0.5607
bio,adapter_only,standard,4,100,4,0.2425058178603649,0.9669,0.5254
bio,adapter_only,standard,4,100,5,0.2279073912650346,0.9815,0.4887
bio,adapter_only,standard,4,100,6,0.2147554658353328,0.9845,0.4421
bio,adapter_only,standard,4,100,7,0.2032780867069959,0.9865,0.4138
bio,adapter_only,standard,4,100,8,0.194054214656353,0.9866,0.3859
bio,adapter_only,standard,4,100,9,0.1862328730523586,0.9873,0.3607
bio,adapter_only,standard,4,100,10,0.1798687744885683,0.9883,0.3559
bio,adapter_only,standard,4,100,11,0.1744680032134056,0.9886,0.3356
bio,adapter_only,standard,4,100,12,0.1701683327555656,0.989,0.3309
bio,adapter_only,standard,4,100,13,0.1661580484360456,0.9893,0.3105
bio,adapter_only,standard,4,100,14,0.1627682670950889,0.9894,0.3115
bio,adapter_only,standard,4,100,15,0.1595079442486167,0.9895,0.2937
bio,adapter_only,standard,4,100,16,0.1566437548026442,0.9895,0.2896
bio,adapter_only,standard,4,100,17,0.1544106621295213,0.9898,0.2837
bio,adapter_only,standard,4,100,18,0.152074271813035,0.9898,0.2774
bio,adapter_only,standard,4,100,19,0.1500671595335006,0.9898,0.2699
bio,adapter_only,standard,4,100,20,0.1483663139864802,0.9898,0.2624
bio,adapter_only,standard,4,100,21,0.1467664189636707,0.9899,0.265
bio,adapter_only,standard,4,100,22,0.1450348153710365,0.9897,0.2507
bio,adapter_only,standard,4,100,23,0.1437452148646116,0.9897,0.255
bio,adapter_only,standard,4,100,24,0.1423376677557826,0.9897,0.251
bio,adapter_only,standard,4,100,25,0.1413313593715429,0.9897,0.2437
bio,adapter_only,standard,4,100,26,0.1401443531736731,0.9896,0.2404
bio,adapter_only,standard,4,100,27,0.1393403565511107,0.9896,0.2408
bio,adapter_only,standard,4,100,28,0.1382027771323919,0.9895,0.2436
bio,adapter_only,standard,4,100,29,0.1371074141934514,0.9895,0.2399
bio,adapter_only,standard,4,100,30,0.1362709064036607,0.9894,0.233
bio,connectome,standard,1,5,1,1.0184085369110107,0.7387,1.7149
bio,connectome,standard,1,5,2,1.0371947586536407,0.8947,0.6388
bio,connectome,standard,1,5,3,0.5715655833482742,0.8994,1.0358
bio,connectome,standard,1,5,4,0.4973995685577392,0.9027,0.499
bio,connectome,standard,1,5,5,0.3190438598394394,0.9499,0.5649
bio,connectome,standard,1,5,6,0.3054791688919067,0.9446,0.4368
bio,connectome,standard,1,5,7,0.272464171051979,0.9664,0.5021
bio,connectome,standard,1,5,8,0.272116407752037,0.953,0.406
bio,connectome,standard,1,5,9,0.2505203634500503,0.9719,0.4197
bio,connectome,standard,1,5,10,0.2482673525810241,0.9561,0.3546
bio,connectome,standard,1,5,11,0.2355094403028488,0.9747,0.3721
bio,connectome,standard,1,5,12,0.2229244336485862,0.9715,0.3095
bio,connectome,standard,1,5,13,0.2473075985908508,0.9759,0.4327
bio,connectome,standard,1,5,14,0.2162993252277374,0.9534,0.3866
bio,connectome,standard,1,5,15,0.347612589597702,0.9668,0.3033
bio,connectome,standard,1,5,16,0.2467951327562332,0.9788,0.4069
bio,connectome,standard,1,5,17,0.2329624891281128,0.9761,0.2666
bio,connectome,standard,1,5,18,0.2070442959666252,0.9828,0.2715
bio,connectome,standard,1,5,19,0.2039149701595306,0.9856,0.3223
bio,connectome,standard,1,5,20,0.1992013752460479,0.9786,0.2525
bio,connectome,standard,1,5,21,0.191115103662014,0.9866,0.2659
bio,connectome,standard,1,5,22,0.1926146075129509,0.9796,0.2437
bio,connectome,standard,1,5,23,0.1831077337265014,0.9874,0.2681
bio,connectome,standard,1,5,24,0.1824700832366943,0.9832,0.234
bio,connectome,standard,1,5,25,0.1781773865222931,0.987,0.2557
bio,connectome,standard,1,5,26,0.1617008671164512,0.9771,0.2523
bio,connectome,standard,1,5,27,0.1745565980672836,0.9854,0.2911
bio,connectome,standard,1,5,28,0.1805201694369316,0.9835,0.2232
bio,connectome,standard,1,5,29,0.1893451139330864,0.9793,0.2386
bio,connectome,standard,1,5,30,0.1642629578709602,0.9853,0.3136
bio,connectome,standard,5,5,1,0.7140550464391708,0.8456,2.5526
bio,connectome,standard,5,5,2,0.5317386239767075,0.887,0.614
bio,connectome,standard,5,5,3,0.3690517544746399,0.8863,1.1002
bio,connectome,standard,5,5,4,0.3089482486248016,0.9667,0.4626
bio,connectome,standard,5,5,5,0.2438056543469429,0.9483,0.5993
bio,connectome,standard,5,5,6,0.2195468991994857,0.9556,0.4314
bio,connectome,standard,5,5,7,0.2269222438335418,0.9587,0.5112
bio,connectome,standard,5,5,8,0.1873601526021957,0.9531,0.3935
bio,connectome,standard,5,5,9,0.1900824531912803,0.972,0.3929
bio,connectome,standard,5,5,10,0.1667036637663841,0.9652,0.3303
bio,connectome,standard,5,5,11,0.1636044010519981,0.9727,0.2917
bio,connectome,standard,5,5,12,0.1652249544858932,0.9821,0.4126
bio,connectome,standard,5,5,13,0.1603788584470749,0.9527,0.3607
bio,connectome,standard,5,5,14,0.2472144067287445,0.9807,0.248
bio,connectome,standard,5,5,15,0.1674782931804657,0.9751,0.4776
bio,connectome,standard,5,5,16,0.1723293364048004,0.9659,0.3003
bio,connectome,standard,5,5,17,0.2182667106389999,0.9657,0.2998
bio,connectome,standard,5,5,18,0.1800267472863197,0.9836,0.3409
bio,connectome,standard,5,5,19,0.1485081315040588,0.9803,0.2558
bio,connectome,standard,5,5,20,0.1358340159058571,0.9864,0.2795
bio,connectome,graded_ln,3,5,1,0.3753647208213806,0.6527,4.9624
bio,connectome,graded_ln,3,5,2,2.846771597862244,0.7302,1.4013
bio,connectome,graded_ln,3,5,3,0.7341684401035309,0.848,2.3276
bio,connectome,graded_ln,3,5,4,0.5365778207778931,0.9384,0.5456
bio,connectome,graded_ln,3,5,5,0.2850206792354584,0.9462,0.5616
bio,connectome,graded_ln,3,5,6,0.223048485815525,0.9547,0.5541
bio,connectome,graded_ln,3,5,7,0.2105459570884704,0.9485,0.4763
bio,connectome,graded_ln,3,5,8,0.181222565472126,0.9595,0.6423
bio,connectome,graded_ln,3,5,9,0.1816990002989769,0.9414,0.4617
bio,connectome,graded_ln,3,5,10,0.1692142337560653,0.9775,0.506
bio,connectome,graded_ln,3,5,11,0.162115179002285,0.9778,0.3939
bio,connectome,graded_ln,3,5,12,0.1275882869958877,0.9643,0.3307
bio,connectome,graded_ln,3,5,13,0.1297976970672607,0.9775,0.4923
bio,connectome,graded_ln,3,5,14,0.164360873401165,0.9839,0.3365
bio,connectome,graded_ln,3,5,15,0.14942467212677,0.9575,0.3852
bio,connectome,graded_ln,3,5,16,0.1575354263186454,0.9818,0.4032
bio,connectome,graded_ln,3,5,17,0.1533743366599083,0.9812,0.3931
bio,connectome,graded_ln,3,5,18,0.1296125724911689,0.9755,0.2668
bio,connectome,graded_ln,3,5,19,0.1245614401996135,0.9839,0.3335
bio,connectome,graded_ln,3,5,20,0.1229385398328304,0.9815,0.2948
bio,connectome,graded_ln,3,5,21,0.1090812869369983,0.9773,0.2797
bio,connectome,graded_ln,3,5,22,0.10727034881711,0.9836,0.3506
bio,connectome,graded_ln,3,5,23,0.1106218099594116,0.9787,0.2636
bio,connectome,graded_ln,3,5,24,0.1155508570373058,0.9826,0.2548
bio,connectome,graded_ln,3,5,25,0.1069124564528465,0.9846,0.3315
bio,connectome,graded_ln,3,5,26,0.1070542745292186,0.9813,0.2395
bio,connectome,graded_ln,3,5,27,0.1181445196270942,0.9822,0.2494
bio,connectome,graded_ln,3,5,28,0.1106633022427558,0.9843,0.339
bio,connectome,graded_ln,3,5,29,0.1034098118543624,0.9792,0.2451
bio,connectome,graded_ln,3,5,30,0.1110411398112773,0.9844,0.2788
bio,degree,standard,1,5,1,1.2667664885520935,0.8149,0.8704
bio,degree,standard,1,5,2,0.8213563859462738,0.8888,0.8752
bio,degree,standard,1,5,3,1.177380844950676,0.7464,2.1684
bio,degree,standard,1,5,4,1.2523431777954102,0.889,1.1184
bio,degree,standard,1,5,5,0.5980069041252136,0.8878,1.1314
bio,degree,standard,1,5,6,0.4525724947452545,0.8495,0.5924
bio,degree,standard,1,5,7,0.4960609376430511,0.9302,0.4725
bio,degree,standard,1,5,8,0.3216436356306076,0.9167,0.8107
bio,degree,standard,1,5,9,0.3577439486980438,0.9569,0.4554
bio,degree,standard,1,5,10,0.3187948018312454,0.919,0.4641
bio,degree,standard,1,5,11,0.296999529004097,0.947,0.5242
bio,degree,standard,1,5,12,0.273976057767868,0.9651,0.3838
bio,degree,standard,1,5,13,0.235816441476345,0.9628,0.3549
bio,degree,standard,1,5,14,0.2328323274850845,0.9646,0.3341
bio,degree,standard,1,5,15,0.2161487489938736,0.9765,0.3074
bio,degree,standard,1,5,16,0.1937552392482757,0.9747,0.2793
bio,degree,standard,1,5,17,0.210744172334671,0.9848,0.2555
bio,degree,standard,1,5,18,0.2230068296194076,0.9841,0.2334
bio,degree,standard,1,5,19,0.2779440730810165,0.9622,0.6963
bio,degree,standard,1,5,20,0.3234104961156845,0.978,0.2689
bio,degree,standard,1,5,21,0.2502435892820358,0.9829,0.2547
bio,degree,standard,1,5,22,0.2230736836791038,0.9682,0.4769
bio,degree,standard,1,5,23,0.2498746439814567,0.979,0.2654
bio,degree,standard,1,5,24,0.2206647619605064,0.9757,0.2704
bio,degree,standard,5,5,1,0.8265661597251892,0.8456,3.0561
bio,degree,standard,5,5,2,1.2552076876163485,0.7763,1.6124
bio,degree,standard,5,5,3,0.7368238121271133,0.8582,1.1661
bio,degree,standard,5,5,4,0.3619630038738251,0.9225,0.5507
bio,degree,standard,5,5,5,0.2837178260087967,0.9421,0.6184
bio,degree,standard,5,5,6,0.3249252215027809,0.7991,0.7712
bio,degree,standard,5,5,7,0.3836000114679336,0.9141,0.9433
bio,degree,standard,5,5,8,0.3220419883728027,0.9186,0.8841
bio,degree,standard,5,5,9,0.2401158586144447,0.8673,0.5207
bio,degree,standard,5,5,10,0.3204633295536041,0.9241,0.4496
bio,degree,standard,5,5,11,0.2260880172252655,0.943,0.6222
bio,degree,standard,5,5,12,0.2258489951491356,0.9708,0.4036
bio,degree,standard,5,5,13,0.1861780956387519,0.976,0.3603
bio,degree,standard,5,5,14,0.173427015542984,0.9746,0.3802
bio,degree,standard,5,5,15,0.1865991130471229,0.9714,0.3029
bio,degree,standard,5,5,16,0.2028775587677955,0.9601,0.6222
bio,degree,standard,5,5,17,0.1930174380540847,0.9442,0.3799
bio,degree,standard,5,5,18,0.2747761309146881,0.9759,0.2587
bio,degree,standard,5,5,19,0.1757299304008484,0.9613,0.5511
bio,degree,standard,5,5,20,0.2043303698301315,0.9849,0.2577
bio,degree,standard,5,5,21,0.1498057022690773,0.9832,0.247
bio,degree,standard,5,5,22,0.1478299126029014,0.9769,0.3546
bio,degree,standard,5,5,23,0.1591169983148574,0.9861,0.2341
bio,degree,standard,5,5,24,0.1469446793198585,0.9864,0.2216
bio,degree,standard,5,5,25,0.1517011746764183,0.9854,0.3287
bio,degree,standard,5,5,26,0.1412869989871978,0.9847,0.2086
bio,degree,standard,5,5,27,0.1399398855865001,0.9877,0.2247
bio,degree,standard,5,5,28,0.1390708908438682,0.9861,0.205
bio,degree,standard,5,5,29,0.1151626482605934,0.9857,0.2729
bio,degree,standard,5,5,30,0.1208812482655048,0.9815,0.2237
bio,degree,graded_ln,3,5,1,0.7599115967750549,0.6579,2.5322
bio,degree,graded_ln,3,5,2,1.0127615481615069,0.7351,1.1585
bio,degree,graded_ln,3,5,3,0.4675454795360565,0.8594,0.5838
bio,degree,graded_ln,3,5,4,0.268406793475151,0.9673,0.4818
bio,degree,graded_ln,3,5,5,0.2114879414439201,0.9389,0.4559
bio,degree,graded_ln,3,5,6,0.1940391361713409,0.9632,0.4222
bio,degree,graded_ln,3,5,7,0.1910173669457435,0.9727,0.4695
bio,degree,graded_ln,3,5,8,0.3239368498325348,0.8527,0.9599
bio,degree,graded_ln,3,5,9,0.3313079103827476,0.9502,0.8794
bio,degree,graded_ln,3,5,10,0.2955214083194732,0.9468,0.8979
bio,degree,graded_ln,3,5,11,0.2078402116894722,0.8665,0.7113
bio,degree,graded_ln,3,5,12,0.4783391654491424,0.8527,0.7642
bio,random,standard,1,5,1,0.9731740951538086,0.8258,2.8798
bio,random,standard,1,5,2,1.0054185390472412,0.9454,0.5749
bio,random,standard,1,5,3,0.5059203207492828,0.9003,0.5619
bio,random,standard,1,5,4,0.3827310502529144,0.8811,0.898
bio,random,standard,1,5,5,0.4001502841711044,0.9071,0.5239
bio,random,standard,1,5,6,0.3970461338758468,0.9265,0.4963
bio,random,standard,1,5,7,0.3220030218362808,0.935,0.6304
bio,random,standard,1,5,8,0.300149030983448,0.9361,0.4525
bio,random,standard,1,5,9,0.2881998866796493,0.9689,0.4217
bio,random,standard,1,5,10,0.2358738929033279,0.9713,0.4062
bio,random,standard,1,5,11,0.222267135977745,0.974,0.3413
bio,random,standard,1,5,12,0.2081383317708969,0.9751,0.3004
bio,random,standard,1,5,13,0.196062721312046,0.9737,0.2829
bio,random,standard,1,5,14,0.1944278702139854,0.981,0.2468
bio,random,standard,1,5,15,0.1751956194639206,0.9829,0.2261
bio,random,standard,1,5,16,0.1823539733886718,0.9859,0.2113
bio,random,standard,1,5,17,0.177713006734848,0.987,0.2272
bio,random,standard,1,5,18,0.1598966643214225,0.9858,0.1999
bio,random,standard,1,5,19,0.1611815728247165,0.9778,0.2513
bio,random,standard,1,5,20,0.18086027354002,0.9839,0.5713
bio,random,standard,1,5,21,0.3416505008935928,0.9855,0.2972
bio,random,standard,1,5,22,0.2682244107127189,0.9515,0.5871
bio,random,standard,1,5,23,0.4279246926307678,0.982,0.2136
bio,random,standard,1,5,24,0.1887180805206298,0.9778,0.6973
bio,random,standard,5,5,1,0.6507207155227661,0.8259,3.2845
bio,random,standard,5,5,2,0.7873707413673401,0.884,0.7097
bio,random,standard,5,5,3,0.5515458881855011,0.7061,1.6014
bio,random,standard,5,5,4,0.8878442347049713,0.8234,0.5971
bio,random,standard,5,5,5,0.3324271440505981,0.8739,1.3631
bio,random,standard,5,5,6,0.4123011529445648,0.8934,0.9751
bio,random,standard,5,5,7,0.245441772043705,0.7962,0.6797
bio,random,standard,5,5,8,0.5276822000741959,0.7626,1.0302
bio,random,standard,5,5,9,0.5999393314123154,0.8734,0.4997
bio,random,standard,5,5,10,0.2635252699255943,0.9355,0.7225
bio,random,standard,5,5,11,0.2609267383813858,0.9472,0.6393
bio,random,standard,5,5,12,0.219700314104557,0.9745,0.3531
bio,random,standard,5,5,13,0.1952255144715309,0.9798,0.3389
bio,random,standard,5,5,14,0.1677378118038177,0.9779,0.3929
bio,random,standard,5,5,15,0.1639019846916198,0.979,0.2687
bio,random,standard,5,5,16,0.1507194563746452,0.9855,0.2855
bio,random,standard,5,5,17,0.1392874121665954,0.9841,0.2227
bio,random,standard,5,5,18,0.1462578028440475,0.987,0.2155
bio,random,standard,5,5,19,0.1359782442450523,0.9876,0.2034
bio,random,standard,5,5,20,0.1353605762124061,0.9877,0.1893
bio,random,standard,5,5,21,0.1247540600597858,0.9877,0.1857
bio,random,standard,5,5,22,0.1255538165569305,0.9886,0.3359
bio,random,standard,5,5,23,0.1514577381312847,0.9871,0.1888
bio,random,standard,5,5,24,0.1318051666021347,0.9885,0.2337
bio,random,standard,5,5,25,0.1306833699345588,0.9878,0.1921
bio,random,standard,5,5,26,0.1324107199907302,0.9872,0.1875
bio,random,standard,5,5,27,0.1356709599494934,0.9884,0.263
bio,spectrum,standard,3,5,1,0.8385968506336212,0.7242,1.2317
bio,spectrum,standard,3,5,2,0.9541213512420654,0.8366,2.8327
bio,spectrum,standard,3,5,3,0.6140913963317871,0.8431,1.4265
bio,spectrum,standard,3,5,4,0.3306670635938644,0.8494,0.6903
bio,spectrum,standard,3,5,5,0.3745929896831512,0.707,0.8169
bio,spectrum,standard,3,5,6,0.4759087264537811,0.6617,0.7274
bio,spectrum,standard,3,5,7,0.3533065766096115,0.7832,0.7864
bio,spectrum,standard,3,5,8,0.2666424289345741,0.7899,1.0801
bio,spectrum,standard,3,5,9,0.3054255843162536,0.8092,1.0413
bio,spectrum,standard,3,5,10,0.286904364824295,0.8242,0.7664
bio,dense,standard,1,5,1,1.3764813542366028,0.8501,4.5963
bio,dense,standard,1,5,2,1.294034332036972,0.7076,1.2468
bio,dense,standard,1,5,3,0.7130818217992783,0.8695,0.9125
bio,dense,standard,1,5,4,0.4216105937957763,0.8829,0.7635
bio,dense,standard,1,5,5,0.38630510866642,0.8831,0.67
bio,dense,standard,1,5,6,0.3912336677312851,0.8423,0.7418
bio,dense,standard,1,5,7,0.3874962478876114,0.8667,0.7809
bio,dense,standard,1,5,8,0.3828855007886886,0.8887,0.6839
bio,dense,standard,1,5,9,0.3834547400474548,0.8813,0.7174
bio,dense,standard,1,5,10,0.3777057230472564,0.8818,0.7508
bio,dense,standard,1,5,11,0.3805241137742996,0.8916,0.7128
bio,dense,standard,5,5,1,0.8302538990974426,0.719,3.5158
bio,dense,standard,5,5,2,1.5982298254966736,0.6928,0.808
bio,dense,standard,5,5,3,0.3680235296487808,0.8697,0.8569
bio,dense,standard,5,5,4,0.3166215717792511,0.888,0.7494
bio,dense,standard,5,5,5,0.3062579035758972,0.8393,0.7332
bio,dense,standard,5,5,6,0.3099158555269241,0.8402,0.7513
bio,dense,standard,5,5,7,0.3280874788761139,0.8344,0.9273
bio,dense,standard,5,5,8,0.3236100077629089,0.8374,0.7269
bio,dense,standard,5,5,9,0.3109276443719864,0.8395,0.6917
bio,dense,standard,5,5,10,0.3131709992885589,0.8523,0.7755
bio,dense,standard,5,5,11,0.3078978508710861,0.8401,0.7641
bio,dense,standard,5,5,12,0.3116515129804611,0.8442,0.7044
bio,dense,standard,5,5,13,0.3095893114805221,0.8457,0.7571
bio,dense,standard,5,5,14,0.3063004612922668,0.8443,0.7388
bio,dense,standard,5,5,15,0.3058189451694488,0.8553,0.7321
generic,connectome,standard,3,5,1,0.5391323864459991,0.9679,1.4402
generic,connectome,standard,3,5,2,0.4011991173028946,0.9182,0.7852
generic,connectome,standard,3,5,3,0.2885406836867332,0.9852,0.7288
generic,connectome,standard,3,5,4,0.2127156257629394,0.9247,0.4381
generic,connectome,standard,3,5,5,0.3197682350873947,0.966,0.3288
generic,connectome,standard,3,5,6,0.1944845169782638,0.9623,0.8908
generic,connectome,standard,3,5,7,0.22648885846138,0.9669,0.3863
generic,connectome,standard,3,5,8,0.1310584731400013,0.9737,0.3397
generic,connectome,standard,3,5,9,0.1035646013915538,0.983,0.4302
generic,connectome,standard,3,5,10,0.1092047318816185,0.977,0.2542
generic,connectome,standard,3,5,11,0.1085817404091358,0.9821,0.3737
generic,connectome,standard,3,5,12,0.1093183644115924,0.9772,0.3051
generic,connectome,standard,3,5,13,0.127025194466114,0.9727,0.2742
generic,connectome,standard,3,5,14,0.1091503053903579,0.9737,0.4116
generic,connectome,standard,3,5,15,0.0945746600627899,0.9776,0.2689
generic,connectome,standard,3,5,16,0.0926438942551612,0.9716,0.4525
generic,degree,standard,1,5,1,0.4470113068819046,0.9721,1.633
generic,degree,standard,1,5,2,0.6982482969760895,0.9317,0.6948
generic,degree,standard,1,5,3,0.444967657327652,0.9703,0.488
generic,degree,standard,1,5,4,0.2620460987091064,0.9861,0.4793
generic,degree,standard,1,5,5,0.24531901627779,0.9807,0.2726
generic,degree,standard,1,5,6,0.1718759760260582,0.9475,0.4204
generic,degree,standard,1,5,7,0.197082407772541,0.9773,0.3694
generic,degree,standard,1,5,8,0.2069143056869506,0.9767,0.2923
generic,degree,standard,1,5,9,0.1659581288695335,0.9776,0.2851
generic,degree,standard,1,5,10,0.18573809415102,0.9598,0.3504
generic,degree,standard,1,5,11,0.201397143304348,0.9703,0.4998
generic,degree,standard,5,5,1,0.6189706027507782,0.9668,1.3857
generic,degree,standard,5,5,2,0.4785648286342621,0.9279,0.7338
generic,degree,standard,5,5,3,0.2893007770180702,0.9841,0.4501
generic,degree,standard,5,5,4,0.2270506769418716,0.9525,0.3788
generic,degree,standard,5,5,5,0.2090740278363227,0.9837,0.4188
generic,degree,standard,5,5,6,0.1710111200809478,0.9676,0.3166
generic,degree,standard,5,5,7,0.1665121391415596,0.9804,0.3741
generic,degree,standard,5,5,8,0.1310502253472805,0.9631,0.2838
generic,degree,standard,5,5,9,0.1312029808759689,0.9843,0.3697
generic,degree,standard,5,5,10,0.1227785237133503,0.9756,0.2523
generic,degree,standard,5,5,11,0.1525342129170894,0.9808,0.2221
generic,degree,standard,5,5,12,0.1046197600662708,0.9786,0.3553
generic,degree,standard,5,5,13,0.1099011562764644,0.9783,0.2283
generic,degree,standard,5,5,14,0.0917717963457107,0.9839,0.282
generic,degree,standard,5,5,15,0.0979756265878677,0.9817,0.2094
generic,degree,standard,5,5,16,0.1049602553248405,0.9805,0.2885
generic,degree,standard,5,5,17,0.1001078374683857,0.9704,0.2858
generic,degree,standard,5,5,18,0.0879494845867157,0.98,0.2884
generic,degree,standard,5,5,19,0.0876016244292259,0.9786,0.2369
generic,degree,standard,5,5,20,0.0815589018166065,0.9804,0.2595
generic,degree,standard,5,5,21,0.074744839221239,0.982,0.2105
generic,random,standard,3,5,1,0.5552178919315338,0.961,1.8444
generic,random,standard,3,5,2,0.4297877550125122,0.9284,0.7065
generic,random,standard,3,5,3,0.3171733692288399,0.9766,0.9442
generic,random,standard,3,5,4,0.3263121545314789,0.9681,0.8447
generic,random,standard,3,5,5,0.2292264550924301,0.95,0.3623
generic,random,standard,3,5,6,0.2029734998941421,0.9856,0.4449
generic,random,standard,3,5,7,0.1482613608241081,0.9505,0.5222
generic,random,standard,3,5,8,0.1266700439155101,0.9838,0.2992
generic,random,standard,3,5,9,0.1196759194135665,0.9836,0.38
generic,random,standard,3,5,10,0.1180985271930694,0.9757,0.2866
generic,random,standard,3,5,11,0.1120512373745441,0.9781,0.3514
generic,random,standard,3,5,12,0.1150439530611038,0.9783,0.3553
generic,random,standard,3,5,13,0.14051104336977,0.9609,0.3169
generic,random,standard,3,5,14,0.1449952125549316,0.978,0.4586
generic,random,standard,3,5,15,0.1353701204061508,0.9783,0.4413
generic,random,standard,3,5,16,0.1139370463788509,0.975,0.287
generic,spectrum,standard,1,5,1,2.4215241372585297,0.634,7.6777
generic,spectrum,standard,1,5,2,5.545293092727661,0.8555,2.6554
generic,spectrum,standard,1,5,3,2.0421109795570374,0.8947,2.3911
generic,spectrum,standard,1,5,4,1.327784776687622,0.8168,3.0702
generic,spectrum,standard,1,5,5,1.2487846314907074,0.8656,2.4588
generic,spectrum,standard,1,5,6,2.023154854774475,0.7483,3.0162
generic,spectrum,standard,5,5,1,1.7550827264785769,0.9093,4.9596
generic,spectrum,standard,5,5,2,4.246899127960205,0.939,4.3959
generic,spectrum,standard,5,5,3,1.388357013463974,0.7423,3.4826
generic,spectrum,standard,5,5,4,1.0071744918823242,0.9045,3.3162
generic,spectrum,standard,5,5,5,2.3478989601135254,0.7187,8.2556
generic,spectrum,standard,5,5,6,4.610843658447266,0.7145,6.6188
generic,dense,standard,3,5,1,1.198639914393425,0.8298,2.8147
generic,dense,standard,3,5,2,1.1928271055221558,0.9306,4.4587
generic,dense,standard,3,5,3,0.8642110824584961,0.7261,2.6798
generic,dense,standard,3,5,4,1.307443618774414,0.6755,4.7116
generic,dense,standard,3,5,5,1.884085774421692,0.6589,1.8999
generic,dense,standard,3,5,6,0.5462534874677658,0.9257,1.4034
bio,adapter_only,standard,1,5,1,0.427703395485878,0.8372,0.605
bio,adapter_only,standard,1,5,2,0.421399250626564,0.8446,0.6031
bio,adapter_only,standard,1,5,3,0.4165705591440201,0.8518,0.6029
bio,adapter_only,standard,1,5,4,0.4116635024547577,0.8598,0.6066
bio,adapter_only,standard,1,5,5,0.4075803905725479,0.8677,0.6089
bio,adapter_only,standard,1,5,6,0.402827188372612,0.8723,0.6063
bio,adapter_only,standard,1,5,7,0.3988941460847854,0.8766,0.6028
bio,adapter_only,standard,1,5,8,0.3947594463825226,0.879,0.5973
bio,adapter_only,standard,1,5,9,0.3910454958677292,0.8825,0.594
bio,adapter_only,standard,1,5,10,0.3871909081935882,0.887,0.5929
bio,adapter_only,standard,1,5,11,0.383978858590126,0.8921,0.5941
bio,adapter_only,standard,1,5,12,0.3808571696281433,0.8946,0.5911
bio,adapter_only,standard,1,5,13,0.3776068538427353,0.8982,0.5911
bio,adapter_only,standard,1,5,14,0.3744751662015915,0.9022,0.592
bio,adapter_only,standard,1,5,15,0.3716702759265899,0.9066,0.5948
bio,adapter_only,standard,1,5,16,0.3689789324998855,0.9099,0.5957
bio,adapter_only,standard,1,5,17,0.3663223534822464,0.9114,0.5928
bio,adapter_only,standard,1,5,18,0.3640941828489303,0.9126,0.5895
bio,adapter_only,standard,1,5,19,0.3618583083152771,0.9138,0.5867
bio,adapter_only,standard,1,5,20,0.3598765730857849,0.9166,0.5881
bio,adapter_only,standard,1,5,21,0.3574611693620682,0.9178,0.586
bio,adapter_only,standard,1,5,22,0.3552051782608032,0.9191,0.5842
bio,adapter_only,standard,1,5,23,0.3533318638801574,0.9206,0.5828
bio,adapter_only,standard,1,5,24,0.3512450307607651,0.9218,0.5812
bio,adapter_only,standard,1,5,25,0.349883109331131,0.9238,0.5819
bio,adapter_only,standard,1,5,26,0.3479490727186203,0.9256,0.5811
bio,adapter_only,standard,1,5,27,0.3461236804723739,0.9267,0.5792
bio,adapter_only,standard,1,5,28,0.3445440977811813,0.9279,0.5774
bio,adapter_only,standard,1,5,29,0.3429434448480606,0.9287,0.5748
bio,adapter_only,standard,1,5,30,0.3410841673612594,0.9302,0.5739
bio,adapter_only,standard,5,5,1,0.3052506893873214,0.8535,0.5945
bio,adapter_only,standard,5,5,2,0.3002916723489761,0.8564,0.5831
bio,adapter_only,standard,5,5,3,0.2978131771087646,0.8619,0.5808
bio,adapter_only,standard,5,5,4,0.2935325056314468,0.8704,0.5856
bio,adapter_only,standard,5,5,5,0.2900167405605316,0.8813,0.5945
bio,adapter_only,standard,5,5,6,0.2859319150447845,0.8868,0.5949
bio,adapter_only,standard,5,5,7,0.2829841673374176,0.8928,0.5954
bio,adapter_only,standard,5,5,8,0.2799820005893707,0.8967,0.5944
bio,adapter_only,standard,5,5,9,0.2770255357027054,0.9004,0.5935
bio,connectome,standard,1,10,1,1.002569854259491,0.8517,2.4729
bio,connectome,standard,1,10,2,0.7535144686698914,0.8323,0.8759
bio,connectome,standard,1,10,3,0.4340107440948486,0.9067,1.181
bio,connectome,standard,1,10,4,0.3791113421320915,0.8576,0.7332
bio,connectome,standard,1,10,5,0.3497800901532173,0.947,0.7984
bio,connectome,standard,1,10,6,0.2935681380331516,0.9322,0.4217
bio,connectome,standard,1,10,7,0.2378008477389812,0.9694,0.4382
bio,connectome,standard,1,10,8,0.1912426240742206,0.9698,0.3209
bio,connectome,standard,1,10,9,0.1796534918248653,0.9722,0.2762
bio,connectome,standard,1,10,10,0.156983133405447,0.9851,0.3388
bio,connectome,standard,1,10,11,0.1725460477173328,0.9853,0.3514
bio,connectome,standard,1,10,12,0.1594284754246473,0.9768,0.2801
bio,connectome,standard,1,10,13,0.1842990964651107,0.9808,0.3783
bio,connectome,standard,1,10,14,0.1599075887352228,0.9823,0.235
bio,connectome,standard,1,10,15,0.1357283070683479,0.9855,0.2923
bio,connectome,standard,1,10,16,0.1385599635541439,0.9846,0.2027
bio,connectome,standard,1,10,17,0.1467277500778436,0.9821,0.2512
bio,connectome,standard,1,10,18,0.1416022628545761,0.9834,0.2175
bio,connectome,standard,1,10,19,0.1454426795244217,0.9869,0.2586
bio,connectome,standard,1,10,20,0.1399929672479629,0.9771,0.2761
bio,connectome,standard,1,10,21,0.144578006118536,0.9789,0.2762
bio,connectome,standard,1,10,22,0.136725703254342,0.9865,0.3171
bio,connectome,standard,5,10,1,0.639559343457222,0.8703,0.8153
bio,connectome,standard,5,10,2,0.2967122718691826,0.9449,0.5662
bio,connectome,standard,5,10,3,0.2103309705853462,0.9273,0.4675
bio,connectome,standard,5,10,4,0.233018722385168,0.9507,0.4172
bio,connectome,standard,5,10,5,0.181451678276062,0.9819,0.3708
bio,connectome,standard,5,10,6,0.2381308749318123,0.9694,0.5705
bio,connectome,standard,5,10,7,0.2443124614655971,0.9832,0.2815
bio,connectome,standard,5,10,8,0.1682257354259491,0.9832,0.3511
bio,connectome,standard,5,10,9,0.1635566055774688,0.9842,0.3139
bio,connectome,standard,5,10,10,0.1589246802031994,0.9884,0.3039
bio,connectome,standard,5,10,11,0.1450426243245601,0.9846,0.236
bio,connectome,standard,5,10,12,0.1471402458846569,0.9839,0.2214
bio,connectome,standard,5,10,13,0.1376621983945369,0.9852,0.216
bio,connectome,standard,5,10,14,0.1378171145915985,0.9839,0.2309
bio,connectome,standard,5,10,15,0.1460138019174337,0.9867,0.2413
bio,connectome,standard,5,10,16,0.1599847339093685,0.9806,0.5297
bio,connectome,standard,5,10,17,0.1966789700090885,0.9712,0.2924
bio,connectome,standard,5,10,18,0.16591452434659,0.9882,0.3886
bio,connectome,standard,5,10,19,0.1448786631226539,0.9808,0.2277
bio,connectome,graded_ln,3,10,1,1.651879444718361,0.7469,1.3916
bio,connectome,graded_ln,3,10,2,0.6693836078047752,0.9372,0.5553
bio,connectome,graded_ln,3,10,3,0.2530113682150841,0.944,0.6266
bio,connectome,graded_ln,3,10,4,0.2018551044166088,0.9662,0.6368
bio,connectome,graded_ln,3,10,5,0.1705574616789817,0.9677,0.4368
bio,connectome,graded_ln,3,10,6,0.1718257255852222,0.9511,0.3849
bio,connectome,graded_ln,3,10,7,0.1452904641628265,0.9736,0.5429
bio,connectome,graded_ln,3,10,8,0.1818139739334583,0.9728,0.2779
bio,connectome,graded_ln,3,10,9,0.1435021217912435,0.981,0.2674
bio,connectome,graded_ln,3,10,10,0.1113598570227623,0.9826,0.2993
bio,connectome,graded_ln,3,10,11,0.1226258408278226,0.9855,0.4353
bio,connectome,graded_ln,3,10,12,0.1290874388068914,0.9711,0.2977
bio,connectome,graded_ln,3,10,13,0.1508051939308643,0.9835,0.4005
bio,connectome,graded_ln,3,10,14,0.1372705250978469,0.9773,0.2599
bio,connectome,graded_ln,3,10,15,0.1137449797242879,0.9834,0.3115
bio,connectome,graded_ln,3,10,16,0.1084347981959581,0.9832,0.2674
bio,connectome,graded_ln,3,10,17,0.106428537517786,0.981,0.2323
bio,connectome,graded_ln,3,10,18,0.1074218265712261,0.9853,0.2963
bio,connectome,graded_ln,3,10,19,0.0993899889290332,0.9823,0.2345
bio,connectome,graded_ln,3,10,20,0.1040481645613908,0.9818,0.2301
bio,connectome,graded_ln,3,10,21,0.1081405989825725,0.9856,0.2743
bio,connectome,graded_ln,3,10,22,0.1073704697191715,0.9834,0.218
bio,connectome,graded_ln,3,10,23,0.1053646057844162,0.9848,0.24
bio,connectome,graded_ln,3,10,24,0.0997751522809267,0.9837,0.2671
bio,connectome,graded_ln,3,10,25,0.0952040944248437,0.9845,0.317
bio,connectome,graded_ln,3,10,26,0.0981194246560335,0.9834,0.2239
bio,connectome,graded_ln,3,10,27,0.0926446374505758,0.9858,0.2835
bio,connectome,graded_ln,3,10,28,0.0989197324961423,0.9854,0.2219
bio,degree,standard,1,10,1,0.9574728608131408,0.8861,0.9911
bio,degree,standard,1,10,2,1.1037776693701744,0.8935,1.309
bio,degree,standard,1,10,3,0.5069490671157837,0.8372,0.7616
bio,degree,standard,1,10,4,0.5801595821976662,0.9209,0.7265
bio,degree,standard,1,10,5,0.3190382272005081,0.9161,0.5093
bio,degree,standard,1,10,6,0.3304920084774494,0.9406,0.621
bio,degree,standard,1,10,7,0.249512318521738,0.9487,0.4128
bio,degree,standard,1,10,8,0.2352278120815754,0.9695,0.4145
bio,degree,standard,1,10,9,0.2123341783881187,0.9745,0.3683
bio,degree,standard,1,10,10,0.1895595043897628,0.9778,0.3328
bio,degree,standard,1,10,11,0.1645163893699646,0.9796,0.3312
bio,degree,standard,1,10,12,0.1646458767354488,0.986,0.2601
bio,degree,standard,1,10,13,0.1595217399299144,0.9864,0.3046
bio,degree,standard,1,10,14,0.1510811056941747,0.9835,0.2944
bio,degree,standard,1,10,15,0.1639672890305519,0.9839,0.3049
bio,degree,standard,1,10,16,0.1490657851099968,0.9862,0.2168
bio,degree,standard,1,10,17,0.1651006322354078,0.9865,0.2445
bio,degree,standard,1,10,18,0.1342333666980266,0.9849,0.2319
bio,degree,standard,1,10,19,0.1578251011669635,0.976,0.265
bio,degree,standard,1,10,20,0.1529472395777702,0.9825,0.2683
bio,degree,standard,1,10,21,0.1728677190840244,0.9837,0.2792
bio,degree,standard,1,10,22,0.1432784013450145,0.9815,0.2346
bio,degree,standard,5,10,1,1.157931998372078,0.7704,1.8765
bio,degree,standard,5,10,2,0.7389629185199738,0.8659,1.4486
bio,degree,standard,5,10,3,0.3089270964264869,0.9176,0.811
bio,degree,standard,5,10,4,0.2418452389538288,0.8829,0.5124
bio,degree,standard,5,10,5,0.2528869844973087,0.9305,0.8983
bio,degree,standard,5,10,6,0.2477835118770599,0.9354,0.4133
bio,degree,standard,5,10,7,0.2204129248857498,0.9476,0.6567
bio,degree,standard,5,10,8,0.2288271635770797,0.9739,0.3491
bio,degree,standard,5,10,9,0.2049888521432876,0.9615,0.4093
bio,degree,standard,5,10,10,0.1835486367344856,0.9703,0.3687
bio,degree,standard,5,10,11,0.1585711538791656,0.9847,0.2244
bio,degree,standard,5,10,12,0.1588042955845594,0.9883,0.242
bio,degree,standard,5,10,13,0.1463477108627557,0.9848,0.2862
bio,degree,standard,5,10,14,0.1504289917647838,0.9825,0.3535
bio,degree,standard,5,10,15,0.1420061737298965,0.9858,0.218
bio,degree,standard,5,10,16,0.1397235710173845,0.9859,0.2789
bio,degree,standard,5,10,17,0.1620300747454166,0.9859,0.2315
bio,degree,standard,5,10,18,0.1441600657999515,0.9795,0.254
bio,degree,standard,5,10,19,0.1591212749481201,0.986,0.3227
bio,degree,standard,5,10,20,0.1596539430320263,0.9803,0.2478
bio,degree,standard,5,10,21,0.1426153667271137,0.9884,0.2472
bio,degree,graded_ln,3,10,1,0.8859229236841202,0.7407,1.1744
bio,degree,graded_ln,3,10,2,0.3886181339621544,0.9681,0.4858
bio,degree,graded_ln,3,10,3,0.3417418599128723,0.8005,1.1974
bio,degree,graded_ln,3,10,4,0.3568560555577278,0.9343,0.9158
bio,degree,graded_ln,3,10,5,0.205958504229784,0.9742,0.4241
bio,degree,graded_ln,3,10,6,0.1786190383136272,0.9345,0.4276
bio,degree,graded_ln,3,10,7,0.1549365185201168,0.9765,0.3906
bio,degree,graded_ln,3,10,8,0.275658119469881,0.981,0.3663
bio,degree,graded_ln,3,10,9,0.1552907675504684,0.9728,0.3053
bio,degree,graded_ln,3,10,10,0.1359145548194646,0.9728,0.3064
bio,degree,graded_ln,3,10,11,0.1235245820134878,0.9857,0.3789
bio,degree,graded_ln,3,10,12,0.170349596068263,0.9864,0.3988
bio,degree,graded_ln,3,10,13,0.1214518584311008,0.9864,0.2598
bio,degree,graded_ln,3,10,14,0.1063872911036014,0.9865,0.3552
bio,degree,graded_ln,3,10,15,0.1132939103990793,0.9803,0.26
bio,degree,graded_ln,3,10,16,0.1091422792524099,0.9704,0.3279
bio,degree,graded_ln,3,10,17,0.1631764397025108,0.9865,0.254
bio,degree,graded_ln,3,10,18,0.1544164400547742,0.9858,0.4018
bio,degree,graded_ln,3,10,19,0.1254523545503616,0.9815,0.2296
bio,degree,graded_ln,3,10,20,0.1242812871932983,0.9791,0.2419
bio,degree,graded_ln,3,10,21,0.1252526342868805,0.9862,0.2851
bio,degree,graded_ln,3,10,22,0.1136291716247797,0.983,0.2335
bio,degree,graded_ln,3,10,23,0.1111609935760498,0.9842,0.2251
bio,degree,graded_ln,3,10,24,0.1089051216840744,0.9863,0.253
bio,degree,graded_ln,3,10,25,0.1007624026387929,0.9871,0.2876
bio,degree,graded_ln,3,10,26,0.1017688307911157,0.9851,0.2069
bio,degree,graded_ln,3,10,27,0.0924473628401756,0.9884,0.2372
bio,degree,graded_ln,3,10,28,0.1071388199925422,0.9874,0.247
bio,degree,graded_ln,3,10,29,0.1036677174270153,0.986,0.2537
bio,degree,graded_ln,3,10,30,0.1023670844733715,0.9865,0.2556
bio,random,standard,1,10,1,0.8916341364383698,0.9311,0.582
bio,random,standard,1,10,2,0.4042343497276306,0.8813,0.942
bio,random,standard,1,10,3,0.3850764110684395,0.9302,0.5144
bio,random,standard,1,10,4,0.2748807296156883,0.945,0.4486
bio,random,standard,1,10,5,0.2625179514288902,0.9598,0.5946
bio,random,standard,1,10,6,0.2345353476703167,0.9693,0.327
bio,random,standard,1,10,7,0.205727107822895,0.9654,0.3091
bio,random,standard,1,10,8,0.2040208876132965,0.9784,0.4078
bio,random,standard,1,10,9,0.163698174059391,0.9849,0.2739
bio,random,standard,1,10,10,0.1534510441124439,0.9836,0.3671
bio,random,standard,1,10,11,0.1700813099741935,0.9841,0.2767
bio,random,standard,1,10,12,0.1412365902215242,0.9845,0.2131
bio,random,standard,1,10,13,0.1343550290912389,0.9851,0.2129
bio,random,standard,1,10,14,0.1265396792441606,0.9866,0.1985
bio,random,standard,1,10,15,0.1318873148411512,0.9857,0.3251
bio,random,standard,1,10,16,0.1345673520117998,0.9858,0.2206
bio,random,standard,1,10,17,0.1195199582725763,0.9862,0.356
bio,random,standard,1,10,18,0.1283686757087707,0.9859,0.208
bio,random,standard,1,10,19,0.169912826269865,0.9722,0.3601
bio,random,standard,1,10,20,0.1841311268508434,0.985,0.3285
bio,random,standard,5,10,1,0.7346834242343903,0.8815,0.6507
bio,random,standard,5,10,2,0.9596395492553712,0.7561,0.7809
bio,random,standard,5,10,3,0.3964566886425018,0.891,1.0534
bio,random,standard,5,10,4,0.2940989211201668,0.8269,0.6551
bio,random,standard,5,10,5,0.2909147627651691,0.917,1.1303
bio,random,standard,5,10,6,0.3155238479375839,0.9761,0.3378
bio,random,standard,5,10,7,0.3239782080054283,0.9664,0.3267
bio,random,standard,5,10,8,0.1972652226686477,0.9739,0.473
bio,random,standard,5,10,9,0.1998847462236881,0.966,0.3036
bio,random,standard,5,10,10,0.1944207102060318,0.9742,0.5789
bio,random,standard,5,10,11,0.1760032549500465,0.975,0.2637
bio,random,standard,5,10,12,0.175683518871665,0.9844,0.3816
bio,random,standard,5,10,13,0.1590699069201946,0.987,0.2315
bio,random,standard,5,10,14,0.1420911699533462,0.9856,0.2479
bio,random,standard,5,10,15,0.1466549932956695,0.9864,0.3002
bio,random,standard,5,10,16,0.1404204331338405,0.9878,0.2338
bio,random,standard,5,10,17,0.1435258015990257,0.9874,0.1959
bio,random,standard,5,10,18,0.1382188983261585,0.9889,0.2784
bio,random,standard,5,10,19,0.1290925443172454,0.9878,0.1954
bio,random,standard,5,10,20,0.1330918297171592,0.9881,0.2312
bio,random,standard,5,10,21,0.1284545641392469,0.9875,0.2762
bio,random,standard,5,10,22,0.1365152094513178,0.9846,0.1962
bio,random,standard,5,10,23,0.1424613334238529,0.9884,0.3291
bio,random,standard,5,10,24,0.1580258496105671,0.987,0.2017
bio,random,standard,5,10,25,0.1316186748445034,0.9854,0.2796
bio,spectrum,standard,3,10,1,1.6463510543107986,0.6531,3.8559
bio,spectrum,standard,3,10,2,1.141705557703972,0.7552,0.7876
bio,spectrum,standard,3,10,3,0.4352774322032928,0.7044,0.7547
bio,spectrum,standard,3,10,4,0.3497297912836075,0.8251,1.0148
bio,spectrum,standard,3,10,5,0.2919889837503433,0.833,0.7015
bio,spectrum,standard,3,10,6,0.3810818791389465,0.789,0.9767
bio,spectrum,standard,3,10,7,0.3221499994397163,0.7258,0.7315
bio,spectrum,standard,3,10,8,0.4358891695737839,0.751,0.7061
bio,spectrum,standard,3,10,9,0.2963872775435447,0.7714,0.9735
bio,spectrum,standard,3,10,10,0.2942276671528816,0.8298,0.6798
bio,spectrum,standard,3,10,11,0.2968716993927955,0.8245,0.8968
bio,spectrum,standard,3,10,12,0.3005642741918564,0.8458,0.6872
bio,spectrum,standard,3,10,13,0.2992426976561546,0.8658,0.818
bio,spectrum,standard,3,10,14,0.2998259365558624,0.8772,0.7179
bio,spectrum,standard,3,10,15,0.2866960316896438,0.8959,0.7461
bio,spectrum,standard,3,10,16,0.2745413854718208,0.8939,0.6848
bio,dense,standard,1,10,1,1.2844658643007278,0.7022,3.3299
bio,dense,standard,1,10,2,1.2931825891137123,0.8572,1.1282
bio,dense,standard,1,10,3,0.6049619317054749,0.7816,1.2854
bio,dense,standard,1,10,4,0.4773505255579948,0.691,0.7269
bio,dense,standard,1,10,5,0.490315742790699,0.8291,0.7002
bio,dense,standard,1,10,6,0.4257108047604561,0.8227,0.8862
bio,dense,standard,1,10,7,0.4153677076101303,0.7083,0.7158
bio,dense,standard,1,10,8,0.4598405361175537,0.8264,0.7365
bio,dense,standard,1,10,9,0.433483362197876,0.822,0.8539
bio,dense,standard,1,10,10,0.427112802863121,0.7857,0.679
bio,dense,standard,1,10,11,0.4141972213983536,0.7761,0.8535
bio,dense,standard,1,10,12,0.4009940475225448,0.789,0.6918
bio,dense,standard,1,10,13,0.3964161947369575,0.8487,0.763
bio,dense,standard,1,10,14,0.3981163129210472,0.828,0.6845
bio,dense,standard,1,10,15,0.3869508802890777,0.8148,0.8309
bio,dense,standard,1,10,16,0.3998686745762825,0.7076,0.6763
bio,dense,standard,1,10,17,0.4043350294232368,0.7192,0.7402
bio,dense,standard,1,10,18,0.3931233361363411,0.7501,0.7103
bio,dense,standard,1,10,19,0.3912286162376404,0.8306,0.7196
bio,dense,standard,1,10,20,0.3934213519096374,0.7588,0.7291
bio,dense,standard,1,10,21,0.3911956399679184,0.7579,0.7138
bio,dense,standard,1,10,22,0.3919995650649071,0.7773,0.7078
bio,dense,standard,5,10,1,1.194724664092064,0.8351,0.9581
bio,dense,standard,5,10,2,0.310863234102726,0.8067,0.814
bio,dense,standard,5,10,3,0.303894393146038,0.7934,0.7742
bio,dense,standard,5,10,4,0.3100918009877205,0.8203,0.7355
bio,dense,standard,5,10,5,0.3403441533446312,0.8219,0.7459
bio,dense,standard,5,10,6,0.324876144528389,0.8083,1.0198
bio,dense,standard,5,10,7,0.3288331925868988,0.7733,0.6895
bio,dense,standard,5,10,8,0.3072110638022423,0.7937,0.9993
bio,dense,standard,5,10,9,0.3134911805391311,0.7633,0.7114
bio,dense,standard,5,10,10,0.3084857985377311,0.7898,0.8728
bio,dense,standard,5,10,11,0.3035527989268303,0.7541,0.7461
bio,dense,standard,5,10,12,0.3008566796779632,0.7968,0.8208
bio,dense,standard,5,10,13,0.3007601350545883,0.7551,0.7173
generic,connectome,standard,3,10,1,0.523668609559536,0.9406,0.6176
generic,connectome,standard,3,10,2,0.2175362929701805,0.9643,0.3476
generic,connectome,standard,3,10,3,0.1486993450671434,0.976,0.3327
generic,connectome,standard,3,10,4,0.1216922551393508,0.9684,0.6391
generic,connectome,standard,3,10,5,0.1446255762130022,0.9687,0.2726
generic,connectome,standard,3,10,6,0.1226686798036098,0.9764,0.2363
generic,connectome,standard,3,10,7,0.1261377297341823,0.9829,0.4397
generic,connectome,standard,3,10,8,0.1337065771222114,0.9799,0.2333
generic,connectome,standard,3,10,9,0.1295992862433195,0.9825,0.225
generic,connectome,standard,3,10,10,0.0906991716474294,0.9824,0.2914
generic,connectome,standard,3,10,11,0.1126118302345275,0.9826,0.2461
generic,connectome,standard,3,10,12,0.084455981850624,0.9788,0.2359
generic,connectome,standard,3,10,13,0.1079235598444938,0.9819,0.3941
generic,connectome,standard,3,10,14,0.0933997444808483,0.9825,0.3518
generic,connectome,standard,3,10,15,0.0869469940662384,0.9826,0.2265
generic,degree,standard,1,10,1,0.8344311937689781,0.9692,0.5102
generic,degree,standard,1,10,2,0.6236933246254921,0.984,0.7265
generic,degree,standard,1,10,3,0.5988808572292328,0.9473,0.3811
generic,degree,standard,1,10,4,0.2300633788108825,0.9767,0.3137
generic,degree,standard,1,10,5,0.1753056943416595,0.9731,0.5319
generic,degree,standard,1,10,6,0.1865304987877607,0.9802,0.2912
generic,degree,standard,1,10,7,0.1650712937116623,0.9686,0.2734
generic,degree,standard,1,10,8,0.1674530059099197,0.9827,0.3111
generic,degree,standard,1,10,9,0.1294252946972847,0.9833,0.3124
generic,degree,standard,1,10,10,0.1275893989950418,0.9801,0.3038
generic,degree,standard,1,10,11,0.1348748560994863,0.9822,0.2712
generic,degree,standard,1,10,12,0.109657447785139,0.9787,0.2609
generic,degree,standard,1,10,13,0.1038319822400808,0.9813,0.2361
generic,degree,standard,1,10,14,0.1105684004724025,0.9796,0.2457
generic,degree,standard,1,10,15,0.1051979679614305,0.9809,0.2617
generic,degree,standard,1,10,16,0.1032372061163187,0.9792,0.2627
generic,degree,standard,1,10,17,0.1034615337848663,0.9806,0.2788
generic,degree,standard,1,10,18,0.089098947122693,0.9784,0.2517
generic,degree,standard,1,10,19,0.1166405286639928,0.9855,0.3216
generic,degree,standard,5,10,1,0.547727108001709,0.9244,0.5527
generic,degree,standard,5,10,2,0.3809329867362976,0.9674,0.6382
generic,degree,standard,5,10,3,0.2947982400655746,0.983,0.3795
generic,degree,standard,5,10,4,0.1809011586010456,0.9207,0.4792
generic,degree,standard,5,10,5,0.3734619356691837,0.9735,0.4259
generic,degree,standard,5,10,6,0.1797360852360725,0.9696,0.2762
generic,degree,standard,5,10,7,0.1878661513328552,0.9841,0.4419
generic,degree,standard,5,10,8,0.2212443612515926,0.9658,0.3085
generic,degree,standard,5,10,9,0.1440898850560188,0.9845,0.263
generic,degree,standard,5,10,10,0.1252081282436847,0.98,0.3024
generic,degree,standard,5,10,11,0.1262444239109754,0.9752,0.2421
generic,degree,standard,5,10,12,0.1569638885557651,0.9851,0.4442
generic,degree,standard,5,10,13,0.1475369893014431,0.9782,0.2588
generic,degree,standard,5,10,14,0.1193403322249651,0.9751,0.3043
generic,degree,standard,5,10,15,0.1216384824365377,0.9782,0.3409
generic,degree,standard,5,10,16,0.1180386003106832,0.9816,0.2274
generic,degree,standard,5,10,17,0.1318528074771165,0.9777,0.2363
generic,degree,standard,5,10,18,0.1297144796699285,0.9812,0.3035
generic,degree,standard,5,10,19,0.0966706741601228,0.9792,0.2273
generic,degree,standard,5,10,20,0.1048344261944294,0.9801,0.27
generic,degree,standard,5,10,21,0.1069627646356821,0.9779,0.395
generic,degree,standard,5,10,22,0.1228287611156702,0.9801,0.2287
generic,degree,standard,5,10,23,0.1137908566743135,0.9801,0.2751
generic,degree,standard,5,10,24,0.1202738098800182,0.9803,0.3114
generic,degree,standard,5,10,25,0.1163610871881246,0.9764,0.2616
generic,random,standard,3,10,1,0.5894660800695419,0.8782,1.7432
generic,random,standard,3,10,2,0.7799930647015572,0.985,0.7248
generic,random,standard,3,10,3,0.2930030673742294,0.9673,0.3473
generic,random,standard,3,10,4,0.1910369805991649,0.9591,0.7781
generic,random,standard,3,10,5,0.2157365605235099,0.9748,0.2964
generic,random,standard,3,10,6,0.1350754033774137,0.9808,0.3957
generic,random,standard,3,10,7,0.1302010416984558,0.9831,0.2482
generic,random,standard,3,10,8,0.1082540489733219,0.9732,0.4288
generic,random,standard,3,10,9,0.104689035564661,0.9845,0.2385
generic,random,standard,3,10,10,0.1197809614241123,0.983,0.2279
generic,random,standard,3,10,11,0.1162492632865905,0.9862,0.3896
generic,random,standard,3,10,12,0.1096183843910694,0.9796,0.25
generic,random,standard,3,10,13,0.1312237456440925,0.9809,0.4272
generic,random,standard,3,10,14,0.1143524590879678,0.9847,0.2029
generic,random,standard,3,10,15,0.1130215246230363,0.9855,0.3965
generic,random,standard,3,10,16,0.095031538978219,0.9853,0.2062
generic,random,standard,3,10,17,0.1033048219978809,0.9831,0.2617
generic,random,standard,3,10,18,0.0940844379365444,0.9832,0.3036
generic,random,standard,3,10,19,0.0881904000416398,0.9835,0.2169
generic,random,standard,3,10,20,0.0993229281157255,0.9843,0.276
generic,spectrum,standard,1,10,1,3.9690132439136505,0.74,3.6826
generic,spectrum,standard,1,10,2,2.0206961780786514,0.9686,0.7073
generic,spectrum,standard,1,10,3,0.9542013704776764,0.9567,1.1935
generic,spectrum,standard,1,10,4,0.562559574842453,0.927,1.019
generic,spectrum,standard,1,10,5,1.4190019071102142,0.8175,1.398
generic,spectrum,standard,1,10,6,0.7403196319937706,0.6213,2.2021
generic,spectrum,standard,1,10,7,1.0853124558925629,0.793,1.892
generic,spectrum,standard,1,10,8,0.7879755422472954,0.8829,0.9123
generic,spectrum,standard,5,10,1,2.270682401955128,0.8323,4.1233
generic,spectrum,standard,5,10,2,1.9371148198843,0.5273,3.409
generic,spectrum,standard,5,10,3,1.3649582415819168,0.8471,1.1239
generic,spectrum,standard,5,10,4,0.3143714219331741,0.9031,0.64
generic,spectrum,standard,5,10,5,0.2954618707299232,0.9448,0.7059
generic,spectrum,standard,5,10,6,0.3118949308991432,0.9418,0.8376
generic,spectrum,standard,5,10,7,0.3000501468777656,0.9399,0.9405
generic,spectrum,standard,5,10,8,0.3568810820579529,0.9403,0.651
generic,spectrum,standard,5,10,9,0.3901555389165878,0.9412,0.8108
generic,spectrum,standard,5,10,10,0.5799802094697952,0.7252,0.7317
generic,dense,standard,3,10,1,2.827555283904076,0.6299,4.2251
generic,dense,standard,3,10,2,1.022576667368412,0.6529,0.9482
generic,dense,standard,3,10,3,0.4930017814040184,0.911,0.9473
generic,dense,standard,3,10,4,0.2890869379043579,0.9473,0.6597
generic,dense,standard,3,10,5,0.3076718375086784,0.7089,0.8423
generic,dense,standard,3,10,6,0.3895798400044441,0.9446,1.1163
generic,dense,standard,3,10,7,0.3049403242766857,0.929,0.7223
generic,dense,standard,3,10,8,0.3203218802809715,0.914,1.0599
generic,dense,standard,3,10,9,0.3393663689494133,0.6716,0.7266
generic,dense,standard,3,10,10,0.3443200141191482,0.9336,1.0973
bio,adapter_only,standard,1,10,1,0.3916050642728805,0.8422,0.6007
bio,adapter_only,standard,1,10,2,0.3813343495130539,0.8593,0.6197
bio,adapter_only,standard,1,10,3,0.3722226172685623,0.8687,0.6135
bio,adapter_only,standard,1,10,4,0.3643285781145096,0.8765,0.6088
bio,adapter_only,standard,1,10,5,0.3573651239275932,0.8826,0.603
bio,adapter_only,standard,1,10,6,0.3507896736264229,0.8871,0.5959
bio,adapter_only,standard,1,10,7,0.3449331969022751,0.8956,0.5995
bio,adapter_only,standard,1,10,8,0.3390519171953201,0.9024,0.6037
bio,adapter_only,standard,1,10,9,0.3337988033890724,0.9079,0.6046
bio,adapter_only,standard,1,10,10,0.328921265900135,0.9097,0.5975
bio,adapter_only,standard,1,10,11,0.3245688453316688,0.9131,0.595
bio,adapter_only,standard,1,10,12,0.3204844743013382,0.9171,0.5973
bio,adapter_only,standard,1,10,13,0.3168838396668434,0.9206,0.5978
bio,adapter_only,standard,1,10,14,0.3132422044873237,0.9216,0.5912
bio,adapter_only,standard,1,10,15,0.3095353096723556,0.9246,0.5925
bio,adapter_only,standard,1,10,16,0.3066824227571487,0.9267,0.5906
bio,adapter_only,standard,1,10,17,0.3035820201039314,0.929,0.5898
bio,adapter_only,standard,1,10,18,0.3008670806884765,0.931,0.5878
bio,adapter_only,standard,1,10,19,0.2979213669896126,0.932,0.582
bio,adapter_only,standard,1,10,20,0.2950967401266098,0.9342,0.5801
bio,adapter_only,standard,1,10,21,0.2925764918327331,0.9353,0.5748
bio,adapter_only,standard,1,10,22,0.2898838892579078,0.9366,0.5706
bio,adapter_only,standard,1,10,23,0.2873442769050598,0.9385,0.5686
bio,adapter_only,standard,1,10,24,0.2851635739207268,0.9401,0.5652
bio,adapter_only,standard,1,10,25,0.2828906327486038,0.9443,0.5696
bio,adapter_only,standard,1,10,26,0.2800794988870621,0.9445,0.5608
bio,adapter_only,standard,1,10,27,0.2775687277317047,0.9443,0.5512
bio,adapter_only,standard,1,10,28,0.27494702860713,0.9457,0.5459
bio,adapter_only,standard,1,10,29,0.2725917249917984,0.9479,0.542
bio,adapter_only,standard,1,10,30,0.2701412215828895,0.9517,0.5389
bio,adapter_only,standard,5,10,1,0.325819581747055,0.8522,0.578
bio,adapter_only,standard,5,10,2,0.3159321770071983,0.8601,0.5718
bio,adapter_only,standard,5,10,3,0.3066928759217262,0.8733,0.5793
bio,adapter_only,standard,5,10,4,0.2997549474239349,0.8893,0.5933
bio,adapter_only,standard,5,10,5,0.2922403737902641,0.8948,0.5904
bio,adapter_only,standard,5,10,6,0.2865819036960602,0.8978,0.5853
bio,adapter_only,standard,5,10,7,0.2810905501246452,0.8969,0.5741
bio,adapter_only,standard,5,10,8,0.2763572111725807,0.9024,0.5763
bio,connectome,standard,1,25,1,0.6810478627681732,0.8928,1.4766
bio,connectome,standard,1,25,2,0.339990384876728,0.9238,0.4712
bio,connectome,standard,1,25,3,0.2536482259631157,0.9599,0.3384
bio,connectome,standard,1,25,4,0.2124232500791549,0.9793,0.3464
bio,connectome,standard,1,25,5,0.2087465360760688,0.9748,0.2956
bio,connectome,standard,1,25,6,0.1709841579198837,0.9881,0.308
bio,connectome,standard,1,25,7,0.1679437309503555,0.9865,0.4105
bio,connectome,standard,1,25,8,0.1868169270455837,0.9844,0.2531
bio,connectome,standard,1,25,9,0.1493558257818222,0.9863,0.2138
bio,connectome,standard,1,25,10,0.1363478936254978,0.9858,0.237
bio,connectome,standard,1,25,11,0.1352485716342926,0.9833,0.2204
bio,connectome,standard,1,25,12,0.1299345709383487,0.9865,0.1839
bio,connectome,standard,1,25,13,0.1279803246259689,0.9851,0.2514
bio,connectome,standard,1,25,14,0.1227690979838371,0.9856,0.2557
bio,connectome,standard,1,25,15,0.147019737958908,0.9849,0.2321
bio,connectome,standard,1,25,16,0.1511070571839809,0.9865,0.2942
bio,connectome,standard,1,25,17,0.1339733451604843,0.9846,0.1939
bio,connectome,standard,1,25,18,0.124532101303339,0.9843,0.2107
bio,connectome,standard,5,25,1,0.4716597139835358,0.9539,0.7593
bio,connectome,standard,5,25,2,0.2365767419338226,0.9609,0.3753
bio,connectome,standard,5,25,3,0.190419428050518,0.9772,0.3348
bio,connectome,standard,5,25,4,0.1647378422319889,0.9845,0.2846
bio,connectome,standard,5,25,5,0.1659453369677067,0.9877,0.3378
bio,connectome,standard,5,25,6,0.1793525211513042,0.9825,0.2716
bio,connectome,standard,5,25,7,0.1488377727568149,0.9719,0.312
bio,connectome,standard,5,25,8,0.1762982793152332,0.9799,0.3375
bio,connectome,standard,5,25,9,0.1445694580674171,0.9865,0.2383
bio,connectome,standard,5,25,10,0.1458634205162525,0.9853,0.46
bio,connectome,standard,5,25,11,0.1589091479778289,0.9753,0.2661
bio,connectome,standard,5,25,12,0.1774444386363029,0.9818,0.2377
bio,connectome,standard,5,25,13,0.1550114624202251,0.986,0.3162
bio,connectome,standard,5,25,14,0.1284201119095087,0.9849,0.2186
bio,connectome,standard,5,25,15,0.1319904454052448,0.9811,0.2345
bio,connectome,standard,5,25,16,0.1558097884058952,0.9823,0.3065
bio,connectome,standard,5,25,17,0.1324244916439056,0.9819,0.2982
bio,connectome,standard,5,25,18,0.1310971118509769,0.9765,0.3869
bio,connectome,standard,5,25,19,0.13641297519207,0.9857,0.2518
bio,connectome,standard,5,25,20,0.1482655242085457,0.986,0.2242
bio,connectome,graded_ln,3,25,1,1.0408595204353333,0.8623,0.5926
bio,connectome,graded_ln,3,25,2,0.2771273106336593,0.9754,0.51
bio,connectome,graded_ln,3,25,3,0.2156132861971855,0.9544,0.3577
bio,connectome,graded_ln,3,25,4,0.1689681306481361,0.9728,0.2729
bio,connectome,graded_ln,3,25,5,0.1549744680523872,0.9842,0.2487
bio,connectome,graded_ln,3,25,6,0.1401801444590091,0.988,0.3415
bio,connectome,graded_ln,3,25,7,0.1401736736297607,0.9866,0.2284
bio,connectome,graded_ln,3,25,8,0.1357480138540268,0.9829,0.2108
bio,connectome,graded_ln,3,25,9,0.1308786191046237,0.988,0.2826
bio,connectome,graded_ln,3,25,10,0.1394158490002155,0.9763,0.244
bio,connectome,graded_ln,3,25,11,0.1432320959866047,0.9881,0.3361
bio,connectome,graded_ln,3,25,12,0.1403682686388492,0.9814,0.2372
bio,connectome,graded_ln,3,25,13,0.1321748100221157,0.9865,0.2359
bio,connectome,graded_ln,3,25,14,0.127278047055006,0.987,0.226
bio,degree,standard,1,25,1,0.8704045742750168,0.8838,1.2559
bio,degree,standard,1,25,2,0.3955756574869156,0.8578,0.5857
bio,degree,standard,1,25,3,0.2878807634115219,0.9708,0.3788
bio,degree,standard,1,25,4,0.2167768612504005,0.9771,0.3191
bio,degree,standard,1,25,5,0.2758742660284042,0.9506,0.3913
bio,degree,standard,1,25,6,0.2167361244559288,0.9817,0.3516
bio,degree,standard,1,25,7,0.1665857404470443,0.9866,0.3361
bio,degree,standard,1,25,8,0.1729232527315616,0.9736,0.287
bio,degree,standard,1,25,9,0.1862679451704025,0.9812,0.4038
bio,degree,standard,1,25,10,0.1706387400627136,0.9815,0.2452
bio,degree,standard,1,25,11,0.1710918724536895,0.9686,0.3258
bio,degree,standard,1,25,12,0.1621094800531864,0.9862,0.2679
bio,degree,standard,1,25,13,0.1526127934455871,0.9857,0.2236
bio,degree,standard,1,25,14,0.1573953613638878,0.9886,0.3232
bio,degree,standard,1,25,15,0.1664704769849777,0.9841,0.3065
bio,degree,standard,1,25,16,0.1510010577738285,0.9796,0.2471
bio,degree,standard,1,25,17,0.1404294341802597,0.9835,0.2047
bio,degree,standard,1,25,18,0.1346070900559425,0.986,0.22
bio,degree,standard,1,25,19,0.1353124514222145,0.983,0.2063
bio,degree,standard,1,25,20,0.1415651030838489,0.9864,0.2176
bio,degree,standard,1,25,21,0.1363157957792282,0.9817,0.2554
bio,degree,standard,1,25,22,0.1392327792942524,0.9866,0.3033
bio,degree,standard,1,25,23,0.1336537256836891,0.9843,0.2165
bio,degree,standard,5,25,1,0.9070986062288284,0.8964,1.1019
bio,degree,standard,5,25,2,0.4480079218745231,0.8548,0.5516
bio,degree,standard,5,25,3,0.3017871931195259,0.9363,0.414
bio,degree,standard,5,25,4,0.2222845897078514,0.9783,0.3222
bio,degree,standard,5,25,5,0.1830846719443798,0.973,0.4548
bio,degree,standard,5,25,6,0.1871902927756309,0.9869,0.2874
bio,degree,standard,5,25,7,0.1523607790470123,0.9743,0.3058
bio,degree,standard,5,25,8,0.185730767250061,0.979,0.3062
bio,degree,standard,5,25,9,0.1527699634432792,0.9793,0.2646
bio,degree,standard,5,25,10,0.1421367719769478,0.9857,0.2389
bio,degree,standard,5,25,11,0.1402749709784984,0.9832,0.2457
bio,degree,standard,5,25,12,0.1475113689899444,0.9858,0.3847
bio,degree,standard,5,25,13,0.1424596756696701,0.9818,0.2302
bio,degree,standard,5,25,14,0.139673238992691,0.9853,0.2836
bio,degree,standard,5,25,15,0.133506191521883,0.9854,0.2384
bio,degree,standard,5,25,16,0.1358894735574722,0.9818,0.2213
bio,degree,standard,5,25,17,0.1503709368407726,0.9845,0.2911
bio,degree,standard,5,25,18,0.1393884003162384,0.9843,0.3232
bio,degree,standard,5,25,19,0.1320757068693638,0.9865,0.2162
bio,degree,standard,5,25,20,0.1487103953957557,0.9841,0.2344
bio,degree,standard,5,25,21,0.1415863454341888,0.9859,0.2024
bio,degree,standard,5,25,22,0.1313424348831176,0.9824,0.2854
bio,degree,standard,5,25,23,0.1340266317129135,0.9853,0.2647
bio,degree,standard,5,25,24,0.1354740031063556,0.9765,0.3598
bio,degree,standard,5,25,25,0.1311044260859489,0.9858,0.1986
bio,degree,standard,5,25,26,0.123309027403593,0.9842,0.232
bio,degree,standard,5,25,27,0.1312454245984554,0.9848,0.2136
bio,degree,standard,5,25,28,0.119971852004528,0.9859,0.2194
bio,degree,standard,5,25,29,0.1232833184301853,0.9846,0.1892
bio,degree,standard,5,25,30,0.1193656854331493,0.9799,0.2399
bio,degree,graded_ln,3,25,1,0.662541851401329,0.8122,0.8539
bio,degree,graded_ln,3,25,2,0.2253082945942878,0.9808,0.4244
bio,degree,graded_ln,3,25,3,0.2501956582069397,0.9798,0.2604
bio,degree,graded_ln,3,25,4,0.161692027747631,0.9684,0.3073
bio,degree,graded_ln,3,25,5,0.1770418107509613,0.9715,0.2844
bio,degree,graded_ln,3,25,6,0.1534808211028576,0.9883,0.4083
bio,degree,graded_ln,3,25,7,0.1530531443655491,0.9889,0.3368
bio,degree,graded_ln,3,25,8,0.1451209723949432,0.9828,0.2203
bio,degree,graded_ln,3,25,9,0.1340095199644565,0.9896,0.2712
bio,degree,graded_ln,3,25,10,0.1363087505102157,0.986,0.2424
bio,degree,graded_ln,3,25,11,0.1667410552501678,0.989,0.2543
bio,degree,graded_ln,3,25,12,0.1395640730857849,0.9894,0.3387
bio,degree,graded_ln,3,25,13,0.141840822994709,0.9891,0.2509
bio,degree,graded_ln,3,25,14,0.1277567498385906,0.9875,0.1892
bio,degree,graded_ln,3,25,15,0.1375968538224697,0.9904,0.2211
bio,degree,graded_ln,3,25,16,0.1359952509403229,0.9813,0.2214
bio,degree,graded_ln,3,25,17,0.1285412907600402,0.987,0.2727
bio,degree,graded_ln,3,25,18,0.1390459388494491,0.9881,0.2106
bio,degree,graded_ln,3,25,19,0.11746636480093,0.9868,0.2148
bio,degree,graded_ln,3,25,20,0.1291290938854217,0.9872,0.1985
bio,random,standard,1,25,1,0.5215207636356354,0.8812,0.5291
bio,random,standard,1,25,2,0.2816077411174774,0.9752,0.3941
bio,random,standard,1,25,3,0.2033026427030563,0.9569,0.3749
bio,random,standard,1,25,4,0.2004271820187568,0.9874,0.2212
bio,random,standard,1,25,5,0.2257494039833545,0.9754,0.251
bio,random,standard,1,25,6,0.159605710208416,0.9856,0.2566
bio,random,standard,1,25,7,0.1565785162150859,0.9869,0.2697
bio,random,standard,1,25,8,0.1451851367950439,0.9829,0.211
bio,random,standard,1,25,9,0.175013106316328,0.9864,0.3082
bio,random,standard,1,25,10,0.1518176838755607,0.9847,0.2128
bio,random,standard,1,25,11,0.1394517816603183,0.9851,0.2085
bio,random,standard,1,25,12,0.1400131642818451,0.9872,0.2437
bio,random,standard,1,25,13,0.1374527916312217,0.9853,0.2218
bio,random,standard,1,25,14,0.1505661092698574,0.9874,0.3718
bio,random,standard,1,25,15,0.149264708161354,0.9866,0.3036
bio,random,standard,1,25,16,0.1377952605485916,0.9784,0.247
bio,random,standard,1,25,17,0.143724338710308,0.9875,0.2139
bio,random,standard,5,25,1,0.8186114460229874,0.8878,0.9266
bio,random,standard,5,25,2,0.2629262566566467,0.9581,0.3749
bio,random,standard,5,25,3,0.188328605890274,0.9685,0.3022
bio,random,standard,5,25,4,0.1783837430179119,0.968,0.296
bio,random,standard,5,25,5,0.1950043752789497,0.9847,0.2635
bio,random,standard,5,25,6,0.1890389457345009,0.9883,0.4222
bio,random,standard,5,25,7,0.1524534046649933,0.9811,0.2411
bio,random,standard,5,25,8,0.1397549852728843,0.9763,0.2497
bio,random,standard,5,25,9,0.1603267416357994,0.9824,0.2272
bio,random,standard,5,25,10,0.1500656805932521,0.9875,0.4376
bio,random,standard,5,25,11,0.1607575915753841,0.9848,0.2435
bio,random,standard,5,25,12,0.1609842360019683,0.9839,0.215
bio,random,standard,5,25,13,0.1519977271556854,0.9875,0.2976
bio,random,standard,5,25,14,0.1309573419392108,0.9874,0.2076
bio,random,standard,5,25,15,0.1461120009422302,0.9837,0.2225
bio,random,standard,5,25,16,0.1551496729254722,0.9873,0.3189
bio,random,standard,5,25,17,0.134360983222723,0.9873,0.2294
bio,random,standard,5,25,18,0.1311813421547412,0.9878,0.3464
bio,random,standard,5,25,19,0.1393461123108864,0.9868,0.2074
bio,random,standard,5,25,20,0.126577029377222,0.986,0.2163
bio,random,standard,5,25,21,0.1276834405958652,0.988,0.1814
bio,random,standard,5,25,22,0.1206654965877533,0.985,0.2111
bio,random,standard,5,25,23,0.1191486068069934,0.9867,0.2577
bio,random,standard,5,25,24,0.1270119428634643,0.984,0.335
bio,random,standard,5,25,25,0.1324718631803989,0.9863,0.1878
bio,random,standard,5,25,26,0.1192259281873703,0.9857,0.212
bio,random,standard,5,25,27,0.1218105688691139,0.986,0.2176
bio,spectrum,standard,3,25,1,1.3606508374214172,0.7799,0.7546
bio,spectrum,standard,3,25,2,0.4761256903409958,0.6969,0.7042
bio,spectrum,standard,3,25,3,0.3712098687887192,0.7741,0.7298
bio,spectrum,standard,3,25,4,0.3221843600273132,0.7919,0.6944
bio,spectrum,standard,3,25,5,0.3483196288347244,0.7891,0.9901
bio,spectrum,standard,3,25,6,0.3343414634466171,0.7863,1.1844
bio,spectrum,standard,3,25,7,0.3367009580135345,0.8277,0.8288
bio,spectrum,standard,3,25,8,0.3180269122123718,0.8254,0.7864
bio,spectrum,standard,3,25,9,0.3071886986494064,0.8269,0.8303
bio,spectrum,standard,3,25,10,0.3100204527378082,0.8294,0.7111
bio,dense,standard,1,25,1,1.034730863571167,0.8202,0.7091
bio,dense,standard,1,25,2,0.3961686462163925,0.845,0.6935
bio,dense,standard,1,25,3,0.3662453353404998,0.8596,0.6792
bio,dense,standard,1,25,4,0.3603616893291473,0.8679,0.6848
bio,dense,standard,1,25,5,0.3643135130405426,0.8673,0.7171
bio,dense,standard,1,25,6,0.3460189312696456,0.8729,0.7007
bio,dense,standard,1,25,7,0.3407822966575622,0.8833,0.7695
bio,dense,standard,1,25,8,0.5817871421575547,0.7946,1.0627
bio,dense,standard,1,25,9,0.4221302896738052,0.7361,0.6567
bio,dense,standard,1,25,10,0.3477938801050186,0.8492,0.6727
bio,dense,standard,1,25,11,0.3339898526668549,0.861,0.6895
bio,dense,standard,1,25,12,0.3373229801654815,0.8634,0.7124
bio,dense,standard,1,25,13,0.3306051522493362,0.8618,0.8948
bio,dense,standard,1,25,14,0.3400296598672866,0.8605,0.8585
bio,dense,standard,1,25,15,0.3384981125593185,0.8613,0.978
bio,dense,standard,5,25,1,0.6524531334638596,0.7489,0.6923
bio,dense,standard,5,25,2,0.3493509888648987,0.8325,0.7184
bio,dense,standard,5,25,3,0.3344393074512481,0.8386,0.8415
bio,dense,standard,5,25,4,0.3454998463392257,0.8501,0.8807
bio,dense,standard,5,25,5,0.3616243034601211,0.8566,0.8569
bio,dense,standard,5,25,6,0.3330597937107086,0.8738,0.7465
bio,dense,standard,5,25,7,0.3305337697267532,0.848,0.7986
generic,connectome,standard,3,25,1,0.3489823043346405,0.9842,0.3584
generic,connectome,standard,3,25,2,0.1424581080675125,0.9751,0.2655
generic,connectome,standard,3,25,3,0.1474594533443451,0.9849,0.3057
generic,connectome,standard,3,25,4,0.1397550724446773,0.9857,0.216
generic,connectome,standard,3,25,5,0.12746502161026,0.9757,0.2563
generic,connectome,standard,3,25,6,0.1968896523118019,0.9826,0.2301
generic,connectome,standard,3,25,7,0.1376515448093414,0.9852,0.4607
generic,connectome,standard,3,25,8,0.147915631532669,0.9782,0.2743
generic,connectome,standard,3,25,9,0.1352583594620227,0.9811,0.2964
generic,connectome,standard,3,25,10,0.1425455711781978,0.9682,0.3767
generic,degree,standard,1,25,1,0.3612394794821739,0.9767,0.3554
generic,degree,standard,1,25,2,0.228776966035366,0.9707,0.2898
generic,degree,standard,1,25,3,0.1953395307064056,0.9872,0.2389
generic,degree,standard,1,25,4,0.169212120771408,0.9855,0.3038
generic,degree,standard,1,25,5,0.1654398500919342,0.9815,0.2144
generic,degree,standard,1,25,6,0.1391070134937763,0.9786,0.2895
generic,degree,standard,1,25,7,0.1342707641422748,0.9756,0.3558
generic,degree,standard,1,25,8,0.1329524483531713,0.9828,0.2057
generic,degree,standard,1,25,9,0.2087853096425533,0.9841,0.5371
generic,degree,standard,1,25,10,0.1714688882231712,0.9752,0.2376
generic,degree,standard,1,25,11,0.1286837019026279,0.9839,0.2516
generic,degree,standard,1,25,12,0.1483543872833252,0.9837,0.2448
generic,degree,standard,1,25,13,0.1298343814909458,0.9854,0.3948
generic,degree,standard,1,25,14,0.1445218846201896,0.9841,0.2697
generic,degree,standard,5,25,1,0.3631016194820404,0.9811,0.3675
generic,degree,standard,5,25,2,0.1570712976157665,0.9563,0.3821
generic,degree,standard,5,25,3,0.1566307358443737,0.9801,0.2227
generic,degree,standard,5,25,4,0.1457105532288551,0.9828,0.292
generic,degree,standard,5,25,5,0.1547302275896072,0.9678,0.3612
generic,degree,standard,5,25,6,0.1340282492339611,0.9807,0.2189
generic,degree,standard,5,25,7,0.1287595689296722,0.9858,0.2023
generic,degree,standard,5,25,8,0.153868905454874,0.9723,0.3902
generic,degree,standard,5,25,9,0.134617743641138,0.9811,0.2481
generic,degree,standard,5,25,10,0.2486252516508102,0.9808,0.2388
generic,degree,standard,5,25,11,0.2069671832025051,0.9855,0.1947
generic,degree,standard,5,25,12,0.1277304016053676,0.9763,0.2679
generic,degree,standard,5,25,13,0.1262834668159485,0.9797,0.2953
generic,degree,standard,5,25,14,0.113692669570446,0.9812,0.231
generic,degree,standard,5,25,15,0.1148061230778694,0.9796,0.2065
generic,degree,standard,5,25,16,0.151052950322628,0.9774,0.5783
generic,degree,standard,5,25,17,0.1594489641487598,0.9788,0.2632
generic,random,standard,3,25,1,0.7982855409383773,0.9758,0.9667
generic,random,standard,3,25,2,0.1955171570181846,0.9851,0.352
generic,random,standard,3,25,3,0.158043996989727,0.9817,0.2522
generic,random,standard,3,25,4,0.1559977158904075,0.9787,0.3323
generic,random,standard,3,25,5,0.1233285382390022,0.9743,0.277
generic,random,standard,3,25,6,0.1160977497696876,0.9839,0.2476
generic,random,standard,3,25,7,0.1150302566587924,0.9845,0.2155
generic,random,standard,3,25,8,0.115262858569622,0.9824,0.2697
generic,random,standard,3,25,9,0.1310998141765594,0.983,0.2735
generic,random,standard,3,25,10,0.1120515495538711,0.9826,0.2657
generic,random,standard,3,25,11,0.1371064320206642,0.9805,0.41
generic,random,standard,3,25,12,0.1396917745471,0.9843,0.1956
generic,random,standard,3,25,13,0.1192702531814575,0.9844,0.2529
generic,random,standard,3,25,14,0.105701570957899,0.9805,0.2828
generic,random,standard,3,25,15,0.1125215396285057,0.9808,0.2172
generic,random,standard,3,25,16,0.1325747996568679,0.9851,0.2688
generic,random,standard,3,25,17,0.1166841253638267,0.9833,0.2438
generic,random,standard,3,25,18,0.1009522058069705,0.9843,0.223
generic,spectrum,standard,1,25,1,1.974562892317772,0.707,3.0889
generic,spectrum,standard,1,25,2,2.1112223863601685,0.9313,1.2602
generic,spectrum,standard,1,25,3,0.3518895477056503,0.9159,0.8502
generic,spectrum,standard,1,25,4,0.3731454759836197,0.9318,0.7107
generic,spectrum,standard,1,25,5,0.2793235272169113,0.9075,0.5636
generic,spectrum,standard,1,25,6,0.2648322805762291,0.9368,0.5742
generic,spectrum,standard,1,25,7,0.339555774629116,0.9375,0.6051
generic,spectrum,standard,1,25,8,0.4411661237478256,0.8829,1.7268
generic,spectrum,standard,1,25,9,0.4573162138462067,0.7759,0.6471
generic,spectrum,standard,1,25,10,0.3857032299041748,0.8978,1.0882
generic,spectrum,standard,1,25,11,0.3723513275384903,0.9508,0.5996
generic,spectrum,standard,5,25,1,2.558429417014122,0.6035,4.7734
generic,spectrum,standard,5,25,2,1.0147972643375396,0.8149,1.8776
generic,spectrum,standard,5,25,3,1.1307650566101075,0.8777,3.0301
generic,spectrum,standard,5,25,4,1.1937823116779327,0.9615,0.988
generic,spectrum,standard,5,25,5,0.3994320452213287,0.8743,0.7742
generic,spectrum,standard,5,25,6,0.3360151410102844,0.9311,0.6016
generic,spectrum,standard,5,25,7,0.2671051442623138,0.9531,0.5402
generic,spectrum,standard,5,25,8,0.268878111243248,0.9614,0.7506
generic,spectrum,standard,5,25,9,0.2423863857984542,0.9529,0.5071
generic,spectrum,standard,5,25,10,0.2329994589090347,0.9781,0.6357
generic,spectrum,standard,5,25,11,0.27848751693964,0.733,1.3334
generic,spectrum,standard,5,25,12,0.4844576686620712,0.8922,0.6297
generic,spectrum,standard,5,25,13,0.4204582631587982,0.9375,0.703
generic,spectrum,standard,5,25,14,0.3183353215456009,0.9551,0.7813
generic,spectrum,standard,5,25,15,0.2177568703889846,0.978,0.6485
generic,dense,standard,3,25,1,1.5309247940778732,0.7717,1.8948
generic,dense,standard,3,25,2,0.4638628333806991,0.9772,0.9322
generic,dense,standard,3,25,3,0.2775259435176849,0.9718,0.5996
generic,dense,standard,3,25,4,0.8109369426965714,0.9506,1.6419
generic,dense,standard,3,25,5,0.6605937585234642,0.8498,1.0428
generic,dense,standard,3,25,6,0.5475553154945374,0.9597,0.3682
generic,dense,standard,3,25,7,0.2880976721644401,0.963,0.4109
generic,dense,standard,3,25,8,0.2207569509744644,0.9539,0.384
generic,dense,standard,3,25,9,0.3438019216060638,0.9269,0.4964
generic,dense,standard,3,25,10,0.3205883324146271,0.8142,0.8304
generic,dense,standard,3,25,11,0.3925893247127533,0.9816,0.4997
generic,dense,standard,3,25,12,0.2443503372371196,0.9759,0.2541
generic,dense,standard,3,25,13,0.2871652156114578,0.9809,0.2363
generic,dense,standard,3,25,14,0.1587597496807575,0.9775,0.2235
generic,dense,standard,3,25,15,0.1844747051596641,0.9816,0.3107
generic,dense,standard,3,25,16,0.2112245500087738,0.9744,0.5291
generic,dense,standard,3,25,17,0.2845666646957397,0.8473,0.8939
generic,dense,standard,3,25,18,0.3330304518342018,0.9617,0.3758
generic,dense,standard,3,25,19,0.2533197805285453,0.9824,0.5085
generic,dense,standard,3,25,20,0.2633574068546295,0.9658,0.5545
bio,adapter_only,standard,1,25,1,0.3624977469444275,0.8553,0.5882
bio,adapter_only,standard,1,25,2,0.3445350527763366,0.8841,0.6149
bio,adapter_only,standard,1,25,3,0.3305352032184601,0.8945,0.6027
bio,adapter_only,standard,1,25,4,0.3180555492639542,0.904,0.5969
bio,adapter_only,standard,1,25,5,0.3085774511098861,0.9165,0.6074
bio,adapter_only,standard,1,25,6,0.301682099699974,0.9194,0.5918
bio,adapter_only,standard,1,25,7,0.2953922808170318,0.9257,0.5882
bio,adapter_only,standard,5,25,1,0.3293339759111404,0.8755,0.589
bio,adapter_only,standard,5,25,2,0.3105649828910827,0.8992,0.5961
bio,adapter_only,standard,5,25,3,0.2959836900234222,0.9076,0.5852
bio,adapter_only,standard,5,25,4,0.2848043292760849,0.9185,0.5912
bio,adapter_only,standard,5,25,5,0.2758809387683868,0.9216,0.5782
bio,adapter_only,standard,5,25,6,0.2687520772218704,0.9336,0.5969
bio,adapter_only,standard,5,25,7,0.2628777593374252,0.9344,0.5791
bio,adapter_only,standard,5,25,8,0.2573317274451255,0.9373,0.568
bio,adapter_only,standard,5,25,9,0.2523157641291618,0.9422,0.5661
bio,adapter_only,standard,5,25,10,0.2475618049502372,0.9466,0.5543
bio,adapter_only,standard,5,25,11,0.2428544253110885,0.9517,0.5442
bio,adapter_only,standard,5,25,12,0.2380376726388931,0.9595,0.5332
bio,adapter_only,standard,5,25,13,0.2341280415654182,0.9654,0.5219
bio,adapter_only,standard,5,25,14,0.2291960343718528,0.9637,0.4986
bio,adapter_only,standard,5,25,15,0.2250328630208969,0.9744,0.496
bio,adapter_only,standard,5,25,16,0.2209675207734108,0.976,0.4858
bio,adapter_only,standard,5,25,17,0.2173133194446563,0.9752,0.4652
bio,adapter_only,standard,5,25,18,0.2131823301315307,0.98,0.467
bio,adapter_only,standard,5,25,19,0.2100120529532432,0.9806,0.4522
bio,adapter_only,standard,5,25,20,0.207254484295845,0.9796,0.4345
bio,adapter_only,standard,5,25,21,0.2033468127250671,0.9829,0.4389
bio,adapter_only,standard,5,25,22,0.2006379589438438,0.9834,0.4283
bio,adapter_only,standard,5,25,23,0.1981077954173088,0.9838,0.4151
bio,adapter_only,standard,5,25,24,0.1958217218518257,0.9857,0.4117
bio,adapter_only,standard,5,25,25,0.1936735481023788,0.9847,0.3971
bio,adapter_only,standard,5,25,26,0.190763720870018,0.9869,0.4016
bio,adapter_only,standard,5,25,27,0.1888254985213279,0.9872,0.3935
bio,adapter_only,standard,5,25,28,0.1866832867264747,0.9871,0.3835
bio,adapter_only,standard,5,25,29,0.185317462682724,0.9873,0.377
bio,adapter_only,standard,5,25,30,0.1833490520715713,0.988,0.3776
bio,connectome,standard,1,50,1,0.411158949136734,0.9356,0.4262
bio,connectome,standard,1,50,2,0.2147535875439644,0.9803,0.3801
bio,connectome,standard,1,50,3,0.1682704906910657,0.9847,0.2234
bio,connectome,standard,1,50,4,0.1542950753122568,0.9875,0.2655
bio,connectome,standard,1,50,5,0.1470887769013643,0.9864,0.36
bio,connectome,standard,1,50,6,0.1363066807389259,0.9866,0.1927
bio,connectome,standard,1,50,7,0.1354025185108184,0.9878,0.1866
bio,connectome,standard,1,50,8,0.1278130330145359,0.9883,0.2852
bio,connectome,standard,1,50,9,0.1250926613807678,0.9857,0.2047
bio,connectome,standard,1,50,10,0.1187783937901258,0.9819,0.2338
bio,connectome,standard,1,50,11,0.1229475673288107,0.9842,0.2846
bio,connectome,standard,1,50,12,0.126099207624793,0.9814,0.3552
bio,connectome,standard,1,50,13,0.1188584651798009,0.9832,0.2603
bio,connectome,standard,5,50,1,0.3599903479218483,0.8769,0.6669
bio,connectome,standard,5,50,2,0.228111931681633,0.975,0.4579
bio,connectome,standard,5,50,3,0.1881161104887724,0.9871,0.2805
bio,connectome,standard,5,50,4,0.1664725184440612,0.9827,0.2297
bio,connectome,standard,5,50,5,0.155174309387803,0.9889,0.2448
bio,connectome,standard,5,50,6,0.1529077939689159,0.9835,0.2216
bio,connectome,standard,5,50,7,0.1435083460062742,0.9836,0.2591
bio,connectome,standard,5,50,8,0.1424239918589592,0.9843,0.274
bio,connectome,standard,5,50,9,0.1361177086830139,0.9873,0.216
bio,connectome,standard,5,50,10,0.1343469724059104,0.9855,0.2137
bio,connectome,standard,5,50,11,0.1284035831689834,0.9834,0.237
bio,connectome,standard,5,50,12,0.133004580438137,0.9857,0.2153
bio,connectome,standard,5,50,13,0.130138973146677,0.9847,0.2349
bio,connectome,standard,5,50,14,0.121987197548151,0.9858,0.2739
bio,connectome,standard,5,50,15,0.1250740256160497,0.9843,0.19
bio,connectome,standard,5,50,16,0.1245243463665247,0.9848,0.2145
bio,connectome,standard,5,50,17,0.1245967891067266,0.9869,0.2478
bio,connectome,standard,5,50,18,0.1200316656380891,0.9861,0.3103
bio,connectome,standard,5,50,19,0.1208941102027893,0.9866,0.1863
bio,connectome,standard,5,50,20,0.1228142909705638,0.9842,0.2761
bio,connectome,standard,5,50,21,0.1219835352152585,0.9794,0.2566
bio,connectome,standard,5,50,22,0.1190580014139413,0.9824,0.2017
bio,connectome,standard,5,50,23,0.116002082824707,0.9862,0.1944
bio,connectome,standard,5,50,24,0.1063499024137854,0.9872,0.1697
bio,connectome,standard,5,50,25,0.1127066690474748,0.9773,0.2745
bio,connectome,standard,5,50,26,0.1160995371639728,0.9853,0.2898
bio,connectome,standard,5,50,27,0.114642759039998,0.985,0.2067
bio,connectome,standard,5,50,28,0.1114520743489265,0.9845,0.2312
bio,connectome,standard,5,50,29,0.1126461874693632,0.9836,0.2505
bio,connectome,standard,5,50,30,0.1150875922292471,0.9848,0.2042
bio,connectome,graded_ln,3,50,1,0.7064087308943272,0.9409,0.4703
bio,connectome,graded_ln,3,50,2,0.1966873541474342,0.9875,0.5389
bio,connectome,graded_ln,3,50,3,0.1993623875081539,0.9622,0.3208
bio,connectome,graded_ln,3,50,4,0.1864710450172424,0.9867,0.2809
bio,connectome,graded_ln,3,50,5,0.1560666933655738,0.9834,0.2549
bio,connectome,graded_ln,3,50,6,0.1554980799555778,0.9822,0.224
bio,connectome,graded_ln,3,50,7,0.1429928582161665,0.9837,0.224
bio,connectome,graded_ln,3,50,8,0.1413630120456218,0.987,0.2284
bio,connectome,graded_ln,3,50,9,0.1380879327654838,0.9867,0.2578
bio,connectome,graded_ln,3,50,10,0.1340032212436199,0.9865,0.2818
bio,connectome,graded_ln,3,50,11,0.1354068588465452,0.987,0.207
bio,connectome,graded_ln,3,50,12,0.1317172337323427,0.9827,0.2408
bio,connectome,graded_ln,3,50,13,0.1316560346633196,0.9847,0.1954
bio,connectome,graded_ln,3,50,14,0.1332005430012941,0.9824,0.2486
bio,connectome,graded_ln,3,50,15,0.119223391637206,0.987,0.2967
bio,connectome,graded_ln,3,50,16,0.1397191707044839,0.9846,0.3943
bio,connectome,graded_ln,3,50,17,0.1636643994599581,0.987,0.2034
bio,connectome,graded_ln,3,50,18,0.1631256848573684,0.9835,0.3591
bio,connectome,graded_ln,3,50,19,0.1399560812860727,0.9874,0.2403
bio,degree,standard,1,50,1,0.5865655690431595,0.9306,0.6187
bio,degree,standard,1,50,2,0.2333356082439422,0.954,0.357
bio,degree,standard,1,50,3,0.1999968469142913,0.9758,0.2656
bio,degree,standard,1,50,4,0.2085526056587696,0.9862,0.3059
bio,degree,standard,1,50,5,0.1555845290422439,0.9837,0.2748
bio,degree,standard,1,50,6,0.156267912313342,0.9877,0.2666
bio,degree,standard,1,50,7,0.1474443539977073,0.9832,0.2184
bio,degree,standard,1,50,8,0.1490130700170993,0.9867,0.3515
bio,degree,standard,1,50,9,0.1441223487257957,0.9853,0.2113
bio,degree,standard,1,50,10,0.1364798549562692,0.9857,0.2029
bio,degree,standard,1,50,11,0.1282770384103059,0.984,0.2524
bio,degree,standard,1,50,12,0.1262635722756385,0.9867,0.2238
bio,degree,standard,1,50,13,0.129807648062706,0.985,0.3009
bio,degree,standard,1,50,14,0.1295104924589395,0.9885,0.1967
bio,degree,standard,1,50,15,0.1291044026613235,0.9842,0.2085
bio,degree,standard,1,50,16,0.1354249142110347,0.9875,0.2289
bio,degree,standard,1,50,17,0.1306809213012457,0.9873,0.1932
bio,degree,standard,1,50,18,0.1290784507989883,0.9863,0.3613
bio,degree,standard,1,50,19,0.1270933806896209,0.9867,0.2849
bio,degree,standard,1,50,20,0.1148356318473815,0.9865,0.1894
bio,degree,standard,1,50,21,0.1133366040885448,0.9849,0.2445
bio,degree,standard,1,50,22,0.1200935807079076,0.9839,0.2759
bio,degree,standard,1,50,23,0.1191723734140396,0.9848,0.2084
bio,degree,standard,1,50,24,0.1256405767053365,0.9845,0.2221
bio,degree,standard,1,50,25,0.1176746033132076,0.9857,0.1983
bio,degree,standard,1,50,26,0.1091773968189954,0.985,0.1889
bio,degree,standard,1,50,27,0.1148382890969514,0.9863,0.2879
bio,degree,standard,1,50,28,0.1139094043523073,0.9845,0.2073
bio,degree,standard,1,50,29,0.1135359965264797,0.985,0.2004
bio,degree,standard,1,50,30,0.1127122953534126,0.9842,0.2667
bio,degree,standard,5,50,1,0.4194322735071182,0.9707,0.4527
bio,degree,standard,5,50,2,0.2175828292965889,0.9809,0.4429
bio,degree,standard,5,50,3,0.1783386848866939,0.98,0.4866
bio,degree,standard,5,50,4,0.1673432044684887,0.9874,0.3103
bio,degree,standard,5,50,5,0.1712595023214817,0.989,0.3544
bio,degree,standard,5,50,6,0.1688885372132063,0.9659,0.3331
bio,degree,standard,5,50,7,0.1797907553613185,0.9861,0.2893
bio,degree,standard,5,50,8,0.1711651556193828,0.9871,0.3954
bio,degree,standard,5,50,9,0.149922352284193,0.9898,0.229
bio,degree,standard,5,50,10,0.140264680609107,0.9889,0.1975
bio,degree,standard,5,50,11,0.1392755541950464,0.9852,0.2066
bio,degree,standard,5,50,12,0.1474084038287401,0.9866,0.2205
bio,degree,standard,5,50,13,0.1419554121792316,0.9879,0.2117
bio,degree,standard,5,50,14,0.1290147315710783,0.989,0.2437
bio,degree,standard,5,50,15,0.1353327713906765,0.9883,0.2088
bio,degree,standard,5,50,16,0.1333891462534666,0.9864,0.1964
bio,degree,standard,5,50,17,0.131153730303049,0.9862,0.2138
bio,degree,standard,5,50,18,0.1239710979163646,0.9897,0.2684
bio,degree,standard,5,50,19,0.1478341780602932,0.9837,0.2058
bio,degree,standard,5,50,20,0.1446761328727007,0.9873,0.2258
bio,degree,standard,5,50,21,0.1319797948002815,0.9807,0.2203
bio,degree,standard,5,50,22,0.1335737522691488,0.9872,0.1898
bio,degree,standard,5,50,23,0.1308313358575105,0.9838,0.2169
bio,degree,standard,5,50,24,0.1375654235482216,0.984,0.211
bio,degree,standard,5,50,25,0.1363732010126113,0.9892,0.3092
bio,degree,standard,5,50,26,0.134140932559967,0.9876,0.2489
bio,degree,standard,5,50,27,0.1227042365819215,0.9874,0.1772
bio,degree,standard,5,50,28,0.1276810478419065,0.9873,0.1809
bio,degree,standard,5,50,29,0.1361427921801805,0.9865,0.2745
bio,degree,standard,5,50,30,0.1348685327917337,0.9887,0.2073
bio,degree,graded_ln,3,50,1,0.5036104306578636,0.9426,0.7276
bio,degree,graded_ln,3,50,2,0.2427614144980907,0.9772,0.5038
bio,degree,graded_ln,3,50,3,0.1733391731977462,0.9878,0.2308
bio,degree,graded_ln,3,50,4,0.165453490242362,0.9887,0.2513
bio,degree,graded_ln,3,50,5,0.1616176553070545,0.9839,0.2253
bio,degree,graded_ln,3,50,6,0.1706157431006431,0.9871,0.2336
bio,degree,graded_ln,3,50,7,0.1417260032147169,0.9868,0.2203
bio,degree,graded_ln,3,50,8,0.138038806989789,0.9886,0.3056
bio,degree,graded_ln,3,50,9,0.1441294308751821,0.9879,0.3081
bio,degree,graded_ln,3,50,10,0.1382576409727335,0.9868,0.2587
bio,degree,graded_ln,3,50,11,0.1343947332352399,0.9877,0.1956
bio,degree,graded_ln,3,50,12,0.142735693603754,0.9858,0.2034
bio,degree,graded_ln,3,50,13,0.1352284137159586,0.9891,0.18
bio,degree,graded_ln,3,50,14,0.1345408555120229,0.9862,0.2095
bio,degree,graded_ln,3,50,15,0.1272224865853786,0.9885,0.2759
bio,degree,graded_ln,3,50,16,0.1301386922597885,0.9845,0.2057
bio,degree,graded_ln,3,50,17,0.138743794709444,0.9878,0.2295
bio,degree,graded_ln,3,50,18,0.1312138389796018,0.9851,0.2438
bio,degree,graded_ln,3,50,19,0.1244748137891292,0.9879,0.2153
bio,random,standard,1,50,1,0.4080428354442119,0.9672,0.4432
bio,random,standard,1,50,2,0.2004374735057354,0.9847,0.3426
bio,random,standard,1,50,3,0.1991601455956697,0.9856,0.2689
bio,random,standard,1,50,4,0.144051768258214,0.9863,0.2396
bio,random,standard,1,50,5,0.1387650445103645,0.9876,0.2648
bio,random,standard,1,50,6,0.1336401540786028,0.9867,0.1904
bio,random,standard,1,50,7,0.1415826991200447,0.9871,0.2797
bio,random,standard,1,50,8,0.1276026852428913,0.9859,0.3615
bio,random,standard,1,50,9,0.130297015234828,0.9855,0.2165
bio,random,standard,1,50,10,0.1203123651444912,0.9879,0.1958
bio,random,standard,1,50,11,0.130581110343337,0.9851,0.3478
bio,random,standard,1,50,12,0.1233730755746364,0.9853,0.2908
bio,random,standard,5,50,1,0.3597041465342044,0.9659,0.5117
bio,random,standard,5,50,2,0.1961221173405647,0.986,0.4686
bio,random,standard,5,50,3,0.1999319538474083,0.9772,0.2463
bio,random,standard,5,50,4,0.1554138902574777,0.9896,0.2417
bio,random,standard,5,50,5,0.1437455952167511,0.9882,0.2342
bio,random,standard,5,50,6,0.1527878101915121,0.9884,0.1921
bio,random,standard,5,50,7,0.1421937819570303,0.9896,0.2505
bio,random,standard,5,50,8,0.1493815559893846,0.9888,0.2165
bio,random,standard,5,50,9,0.1381909750401973,0.9872,0.1978
bio,random,standard,5,50,10,0.1345863614231348,0.9892,0.2
bio,random,standard,5,50,11,0.1282177366316318,0.988,0.1837
bio,random,standard,5,50,12,0.1474598087370395,0.988,0.212
bio,random,standard,5,50,13,0.1369551386684179,0.9893,0.215
bio,random,standard,5,50,14,0.1219749741256237,0.9863,0.2432
bio,random,standard,5,50,15,0.117530682310462,0.9851,0.2033
bio,random,standard,5,50,16,0.1247183989733457,0.9871,0.2351
bio,random,standard,5,50,17,0.1306433036923408,0.9892,0.2255
bio,spectrum,standard,3,50,1,0.8605318635702133,0.8396,0.9754
bio,spectrum,standard,3,50,2,0.3254038795828819,0.9392,0.6086
bio,spectrum,standard,3,50,3,0.2676255546510219,0.9611,0.4657
bio,spectrum,standard,3,50,4,0.2449923053383827,0.9501,0.5272
bio,spectrum,standard,3,50,5,0.2802988708019256,0.9609,0.543
bio,spectrum,standard,3,50,6,0.2955197095870971,0.9566,0.4425
bio,spectrum,standard,3,50,7,0.2698222242295742,0.9736,0.3854
bio,spectrum,standard,3,50,8,0.3436543986201286,0.9239,0.7724
bio,spectrum,standard,3,50,9,0.2854516372084618,0.9355,0.5554
bio,spectrum,standard,3,50,10,0.2722025468945503,0.9611,0.4711
bio,spectrum,standard,3,50,11,0.2501514218747616,0.9284,0.5608
bio,spectrum,standard,3,50,12,0.2509975522756577,0.9253,0.6124
bio,spectrum,standard,3,50,13,0.272354319691658,0.9762,0.4417
bio,dense,standard,1,50,1,0.5024449706077576,0.7625,0.7057
bio,dense,standard,1,50,2,0.3524060562252998,0.8335,0.7018
bio,dense,standard,1,50,3,0.3422757089138031,0.8299,0.7735
bio,dense,standard,1,50,4,0.3434653744101524,0.7479,0.7111
bio,dense,standard,1,50,5,0.3443564191460609,0.7545,0.7418
bio,dense,standard,1,50,6,0.3442364424467087,0.7849,0.7504
bio,dense,standard,1,50,7,0.3399716913700104,0.8261,0.7746
bio,dense,standard,1,50,8,0.3420480027794838,0.8148,0.8293
bio,dense,standard,5,50,1,0.8534507200121879,0.8233,0.6831
bio,dense,standard,5,50,2,0.3472251519560814,0.8324,0.6744
bio,dense,standard,5,50,3,0.4313032686710357,0.787,1.5694
bio,dense,standard,5,50,4,0.525255236029625,0.7141,1.2381
bio,dense,standard,5,50,5,0.4473138883709907,0.8685,0.5883
bio,dense,standard,5,50,6,0.4865443676710129,0.8303,0.9554
bio,dense,standard,5,50,7,0.3750005915760994,0.905,0.5366
bio,dense,standard,5,50,8,0.5682329185307026,0.8404,0.7361
bio,dense,standard,5,50,9,0.3769320748746395,0.8607,0.6679
bio,dense,standard,5,50,10,0.4049678161740303,0.9325,0.6329
bio,dense,standard,5,50,11,0.3005124755203724,0.9052,0.9053
bio,dense,standard,5,50,12,0.2858691617846489,0.9552,0.4711
bio,dense,standard,5,50,13,0.6661740005016327,0.8468,0.6386
bio,dense,standard,5,50,14,0.3250356718897819,0.8978,1.0929
bio,dense,standard,5,50,15,0.3718265317380428,0.8949,1.9633
bio,dense,standard,5,50,16,0.8413156375288964,0.823,0.902
bio,dense,standard,5,50,17,0.3074300527572632,0.9347,0.5146
bio,dense,standard,5,50,18,0.2453542649745941,0.9156,0.5452
generic,connectome,standard,3,50,1,0.366152910888195,0.9642,0.7836
generic,connectome,standard,3,50,2,0.1708309978246688,0.9858,0.3748
generic,connectome,standard,3,50,3,0.1387867707759142,0.9881,0.1982
generic,connectome,standard,3,50,4,0.135665800794959,0.9804,0.3526
generic,connectome,standard,3,50,5,0.1209798641502857,0.9837,0.2341
generic,connectome,standard,3,50,6,0.1516565084457397,0.9832,0.2348
generic,connectome,standard,3,50,7,0.1279559943825006,0.985,0.297
generic,connectome,standard,3,50,8,0.1188205569982528,0.9706,0.4439
generic,connectome,standard,3,50,9,0.1388392217457294,0.9806,0.2897
generic,degree,standard,1,50,1,0.3359132453799248,0.9757,1.013
generic,degree,standard,1,50,2,0.1661597236990928,0.9799,0.2689
generic,degree,standard,1,50,3,0.1689031854271888,0.9831,0.3924
generic,degree,standard,1,50,4,0.1408945616334676,0.9662,0.3083
generic,degree,standard,1,50,5,0.1553811945021152,0.9818,0.2896
generic,degree,standard,1,50,6,0.1202452775090932,0.9867,0.1944
generic,degree,standard,1,50,7,0.1116045536473393,0.9862,0.2087
generic,degree,standard,1,50,8,0.1180541209876537,0.9843,0.2466
generic,degree,standard,1,50,9,0.1490880705416202,0.9842,0.2243
generic,degree,standard,1,50,10,0.1423349533230066,0.9855,0.1963
generic,degree,standard,1,50,11,0.1115350183099508,0.9847,0.2405
generic,degree,standard,1,50,12,0.1096665164455771,0.9814,0.3857
generic,degree,standard,5,50,1,0.3203824795782566,0.9573,0.3106
generic,degree,standard,5,50,2,0.2120551668107509,0.9873,0.4795
generic,degree,standard,5,50,3,0.1453930731862783,0.9843,0.2263
generic,degree,standard,5,50,4,0.1381545420736074,0.9778,0.2776
generic,degree,standard,5,50,5,0.1226626235991716,0.9843,0.2383
generic,degree,standard,5,50,6,0.1312830276787281,0.9837,0.224
generic,degree,standard,5,50,7,0.1418779503554105,0.9797,0.273
generic,degree,standard,5,50,8,0.1199327830225229,0.9847,0.3053
generic,degree,standard,5,50,9,0.1205608200281858,0.9812,0.2372
generic,degree,standard,5,50,10,0.1195869915187358,0.9813,0.2957
generic,degree,standard,5,50,11,0.1217336196452379,0.983,0.204
generic,degree,standard,5,50,12,0.130679515749216,0.9832,0.2498
generic,degree,standard,5,50,13,0.120801005885005,0.982,0.218
generic,degree,standard,5,50,14,0.1263889361172914,0.984,0.2815
generic,degree,standard,5,50,15,0.1082197483628988,0.9852,0.2085
generic,degree,standard,5,50,16,0.1210353650152683,0.9811,0.2061
generic,degree,standard,5,50,17,0.1154583435505628,0.9845,0.2011
generic,degree,standard,5,50,18,0.108866548910737,0.9835,0.2063
generic,degree,standard,5,50,19,0.1078938588500022,0.9842,0.2152
generic,degree,standard,5,50,20,0.1194225206971168,0.9832,0.2321
generic,degree,standard,5,50,21,0.1174937814474105,0.9807,0.2043
generic,degree,standard,5,50,22,0.1099532395601272,0.9859,0.2065
generic,degree,standard,5,50,23,0.1154983960092067,0.9845,0.2721
generic,random,standard,3,50,1,0.470213408768177,0.9768,0.2735
generic,random,standard,3,50,2,0.1713793326169252,0.9741,0.2917
generic,random,standard,3,50,3,0.1769650645554065,0.974,0.3165
generic,random,standard,3,50,4,0.1853715449571609,0.9864,0.3381
generic,random,standard,3,50,5,0.1458586581051349,0.9861,0.2456
generic,random,standard,3,50,6,0.1386151645332574,0.9759,0.2987
generic,random,standard,3,50,7,0.1322740316390991,0.9878,0.3134
generic,random,standard,3,50,8,0.1408603228628635,0.9793,0.2465
generic,random,standard,3,50,9,0.1319743819534778,0.9803,0.2501
generic,random,standard,3,50,10,0.1224248725920915,0.9797,0.3696
generic,random,standard,3,50,11,0.1312101271003484,0.9824,0.2505
generic,spectrum,standard,1,50,1,1.8137063100934028,0.9169,0.5444
generic,spectrum,standard,1,50,2,0.4057317227125168,0.8697,0.6421
generic,spectrum,standard,1,50,3,0.4248253330588341,0.9609,1.2794
generic,spectrum,standard,1,50,4,0.5129808783531189,0.9617,1.035
generic,spectrum,standard,1,50,5,0.3967340484261513,0.9308,0.5769
generic,spectrum,standard,1,50,6,0.3713878959417343,0.9674,0.9188
generic,spectrum,standard,1,50,7,0.3370149068534374,0.9581,0.5813
generic,spectrum,standard,5,50,1,2.130888730287552,0.9307,2.9954
generic,spectrum,standard,5,50,2,0.6164756022393704,0.971,1.3245
generic,spectrum,standard,5,50,3,0.464119779318571,0.9631,1.1433
generic,spectrum,standard,5,50,4,0.2833620212972164,0.9808,0.3734
generic,spectrum,standard,5,50,5,0.1838754307478666,0.9848,0.39
generic,spectrum,standard,5,50,6,0.1773235216736793,0.9725,0.4904
generic,spectrum,standard,5,50,7,0.2316916212439537,0.9659,0.3128
generic,spectrum,standard,5,50,8,0.208660439401865,0.9597,0.3409
generic,spectrum,standard,5,50,9,0.1834842376410961,0.9806,0.2874
generic,spectrum,standard,5,50,10,0.24697857350111,0.9814,0.4039
generic,spectrum,standard,5,50,11,0.2965850628912448,0.8931,0.5574
generic,spectrum,standard,5,50,12,0.3301713414490222,0.982,0.3198
generic,spectrum,standard,5,50,13,0.2201548136770725,0.8905,0.5041
generic,spectrum,standard,5,50,14,0.2379963502287864,0.982,0.3563
generic,spectrum,standard,5,50,15,0.2112983994185924,0.9533,0.3523
generic,dense,standard,3,50,1,1.0921808049082755,0.944,0.905
generic,dense,standard,3,50,2,0.3308685645461082,0.9604,0.7424
generic,dense,standard,3,50,3,0.2817760601639748,0.9674,0.7163
generic,dense,standard,3,50,4,0.2661707058548927,0.9672,0.6398
generic,dense,standard,3,50,5,0.2657409310340881,0.9702,0.7702
generic,dense,standard,3,50,6,0.4857312619686126,0.8763,1.872
generic,dense,standard,3,50,7,0.4037384957075119,0.9291,1.2593
generic,dense,standard,3,50,8,0.667647198587656,0.7897,1.2569
generic,dense,standard,3,50,9,0.3052601933479309,0.9759,1.1186
generic,dense,standard,3,50,10,0.2778159976005554,0.9411,0.7131
bio,adapter_only,standard,1,50,1,0.3367175504565239,0.8815,0.5971
bio,adapter_only,standard,1,50,2,0.3080005243420601,0.9172,0.6306
bio,adapter_only,standard,1,50,3,0.290859779715538,0.9223,0.6051
bio,adapter_only,standard,1,50,4,0.2779007785022259,0.929,0.5835
bio,adapter_only,standard,1,50,5,0.2721710056066513,0.9471,0.6059
bio,adapter_only,standard,1,50,6,0.2610573306679725,0.9456,0.5684
bio,adapter_only,standard,1,50,7,0.252256029099226,0.951,0.5361
bio,adapter_only,standard,1,50,8,0.2445250116288662,0.9664,0.5211
bio,adapter_only,standard,1,50,9,0.2367703519761562,0.9799,0.5125
bio,adapter_only,standard,1,50,10,0.229029805958271,0.9786,0.4737
bio,adapter_only,standard,1,50,11,0.22216242775321,0.9835,0.4542
bio,adapter_only,standard,1,50,12,0.2149621576070785,0.9863,0.4448
bio,adapter_only,standard,1,50,13,0.2089464120566845,0.9868,0.4311
bio,adapter_only,standard,1,50,14,0.2032412946224212,0.987,0.4133
bio,adapter_only,standard,1,50,15,0.1980910897254943,0.9872,0.3976
bio,adapter_only,standard,1,50,16,0.1934392057359218,0.9873,0.3843
bio,adapter_only,standard,1,50,17,0.18934992775321,0.9876,0.3768
bio,adapter_only,standard,1,50,18,0.1856309719383716,0.9877,0.3636
bio,adapter_only,standard,1,50,19,0.1821033187210559,0.9878,0.3621
bio,adapter_only,standard,1,50,20,0.1789496339857578,0.9879,0.3524
bio,adapter_only,standard,1,50,21,0.1759069591760635,0.9883,0.3394
bio,adapter_only,standard,1,50,22,0.1736699253320694,0.9887,0.34
bio,adapter_only,standard,1,50,23,0.1712420895695686,0.9887,0.3245
bio,adapter_only,standard,1,50,24,0.1684603773057461,0.9889,0.3279
bio,adapter_only,standard,1,50,25,0.166596619784832,0.989,0.3114
bio,adapter_only,standard,1,50,26,0.1643107421696186,0.9891,0.3108
bio,adapter_only,standard,1,50,27,0.1622672349214554,0.9892,0.3021
bio,adapter_only,standard,1,50,28,0.1606230176985263,0.9893,0.2981
bio,adapter_only,standard,1,50,29,0.1588721022009849,0.9894,0.2956
bio,adapter_only,standard,1,50,30,0.1571587145328521,0.9894,0.2886
bio,adapter_only,standard,5,50,1,0.3216002821922302,0.8942,0.5926
bio,adapter_only,standard,5,50,2,0.2910937920212745,0.9105,0.5862
bio,adapter_only,standard,5,50,3,0.2726539030671119,0.9228,0.585
bio,adapter_only,standard,5,50,4,0.2606798939406872,0.9336,0.5814
bio,adapter_only,standard,5,50,5,0.2511805385351181,0.9374,0.5524
bio,adapter_only,standard,5,50,6,0.2426905319094658,0.9467,0.5449
bio,adapter_only,standard,5,50,7,0.2345504477620124,0.9612,0.5265
bio,adapter_only,standard,5,50,8,0.2265089705586433,0.9738,0.5012
bio,adapter_only,standard,5,50,9,0.218714702874422,0.9779,0.4706
bio,adapter_only,standard,5,50,10,0.2118206530809402,0.9848,0.4574
bio,adapter_only,standard,5,50,11,0.2052250303328037,0.9856,0.4366
bio,adapter_only,standard,5,50,12,0.1995632231235504,0.9864,0.4174
bio,adapter_only,standard,5,50,13,0.1942983597517013,0.9871,0.3992
bio,adapter_only,standard,5,50,14,0.1896145597100257,0.9878,0.3916
bio,adapter_only,standard,5,50,15,0.185825215280056,0.9879,0.3794
bio,adapter_only,standard,5,50,16,0.1819506965577602,0.9882,0.3633
bio,adapter_only,standard,5,50,17,0.1787281222641468,0.9884,0.3551
bio,adapter_only,standard,5,50,18,0.1755886912345886,0.9885,0.3492
bio,adapter_only,standard,5,50,19,0.1728445738554,0.9886,0.3386
bio,adapter_only,standard,5,50,20,0.1705191254615783,0.9888,0.3338
bio,adapter_only,standard,5,50,21,0.1680991284549236,0.9888,0.3291
bio,adapter_only,standard,5,50,22,0.1669266194105148,0.9891,0.3301
bio,adapter_only,standard,5,50,23,0.164738729596138,0.9891,0.3162
bio,adapter_only,standard,5,50,24,0.1622523203492164,0.9891,0.3128
bio,adapter_only,standard,5,50,25,0.1610396295785904,0.9892,0.3027
bio,adapter_only,standard,5,50,26,0.1591792084276676,0.9892,0.3012
bio,adapter_only,standard,5,50,27,0.1574722692370414,0.9894,0.3008
bio,adapter_only,standard,5,50,28,0.1561557650566101,0.9893,0.2867
bio,adapter_only,standard,5,50,29,0.1551026344299316,0.9893,0.2915
bio,adapter_only,standard,5,50,30,0.1537122800946235,0.9893,0.2875
bio,connectome,standard,1,100,1,0.2854923840612173,0.9794,0.2708
bio,connectome,standard,1,100,2,0.1578620871528983,0.9744,0.2877
bio,connectome,standard,1,100,3,0.1563162948936224,0.9872,0.3692
bio,connectome,standard,1,100,4,0.1420874455943703,0.9854,0.3664
bio,connectome,standard,1,100,5,0.1369470972567796,0.9855,0.2589
bio,connectome,standard,1,100,6,0.1307674316689372,0.9883,0.2547
bio,connectome,standard,1,100,7,0.1358376646414399,0.9832,0.2857
bio,connectome,standard,1,100,8,0.1289365487173199,0.9829,0.2221
bio,connectome,standard,1,100,9,0.1375389818102121,0.9784,0.2528
bio,connectome,standard,1,100,10,0.1292373094707727,0.9849,0.2131
bio,connectome,standard,1,100,11,0.1153096754103899,0.9844,0.22
bio,connectome,standard,1,100,12,0.1150061499327421,0.985,0.2012
bio,connectome,standard,1,100,13,0.1116563534364104,0.9846,0.2325
bio,connectome,standard,1,100,14,0.1120112588629126,0.9844,0.2567
bio,connectome,standard,1,100,15,0.114130893908441,0.9845,0.1931
bio,connectome,standard,1,100,16,0.1135056991130113,0.9821,0.2673
bio,connectome,standard,1,100,17,0.1103020757436752,0.9843,0.2007
bio,connectome,standard,1,100,18,0.1049227939918637,0.9855,0.1852
bio,connectome,standard,1,100,19,0.1176780125126242,0.9847,0.2765
bio,connectome,standard,1,100,20,0.1122656442224979,0.9835,0.2048
bio,connectome,standard,1,100,21,0.1159268384799361,0.9836,0.2287
bio,connectome,standard,1,100,22,0.1066859770566225,0.9792,0.3016
bio,connectome,standard,1,100,23,0.1097117335535586,0.9833,0.1874
bio,connectome,standard,1,100,24,0.1066780552268028,0.9784,0.2556
bio,connectome,standard,5,100,1,0.2707063011825085,0.9879,0.3623
bio,connectome,standard,5,100,2,0.1679024739190936,0.9754,0.4269
bio,connectome,standard,5,100,3,0.1604914812371135,0.9781,0.2687
bio,connectome,standard,5,100,4,0.1535513559356331,0.9881,0.2988
bio,connectome,standard,5,100,5,0.1407904949039221,0.982,0.2796
bio,connectome,standard,5,100,6,0.1307284178212285,0.9857,0.2581
bio,connectome,standard,5,100,7,0.1384575098752975,0.9813,0.2331
bio,connectome,standard,5,100,8,0.1293282199651003,0.9847,0.2443
bio,connectome,standard,5,100,9,0.124928269162774,0.9853,0.1893
bio,connectome,standard,5,100,10,0.1206955350935459,0.9838,0.239
bio,connectome,standard,5,100,11,0.1132437082007527,0.9849,0.2208
bio,connectome,standard,5,100,12,0.1294685807079076,0.984,0.2298
bio,connectome,standard,5,100,13,0.1218163769692182,0.985,0.2165
bio,connectome,standard,5,100,14,0.1311785006895661,0.9854,0.1918
bio,connectome,standard,5,100,15,0.1179971415549516,0.9846,0.2687
bio,connectome,graded_ln,3,100,1,0.458910396322608,0.9812,0.3402
bio,connectome,graded_ln,3,100,2,0.1635806795209646,0.9813,0.283
bio,connectome,graded_ln,3,100,3,0.153813225030899,0.9882,0.3548
bio,connectome,graded_ln,3,100,4,0.1476570017635822,0.985,0.2502
bio,connectome,graded_ln,3,100,5,0.1411430161446333,0.9853,0.2918
bio,connectome,graded_ln,3,100,6,0.1409324372187256,0.9803,0.2223
bio,connectome,graded_ln,3,100,7,0.1362291300669312,0.9834,0.2044
bio,connectome,graded_ln,3,100,8,0.1281580356881022,0.9835,0.2121
bio,connectome,graded_ln,3,100,9,0.1193080060184001,0.9837,0.2281
bio,connectome,graded_ln,3,100,10,0.1183975325897336,0.9858,0.2094
bio,connectome,graded_ln,3,100,11,0.1171745985746383,0.9853,0.246
bio,connectome,graded_ln,3,100,12,0.1159487579017877,0.9849,0.1948
bio,connectome,graded_ln,3,100,13,0.1136906243860721,0.9836,0.2242
bio,connectome,graded_ln,3,100,14,0.1111509021371603,0.986,0.2358
bio,connectome,graded_ln,3,100,15,0.1107018077746033,0.9847,0.2526
bio,connectome,graded_ln,3,100,16,0.1106346670538187,0.9888,0.2257
bio,connectome,graded_ln,3,100,17,0.1320080144330859,0.988,0.1874
bio,connectome,graded_ln,3,100,18,0.1119247091934085,0.9839,0.2076
bio,connectome,graded_ln,3,100,19,0.1171850280836224,0.9833,0.2229
bio,connectome,graded_ln,3,100,20,0.1129019029438495,0.987,0.19
bio,connectome,graded_ln,3,100,21,0.1123370145447552,0.9851,0.1856
bio,connectome,graded_ln,3,100,22,0.1057874118909239,0.9835,0.2274
bio,connectome,graded_ln,3,100,23,0.1073186185210943,0.9843,0.2185
bio,connectome,graded_ln,3,100,24,0.1088451351970434,0.9855,0.2032
bio,connectome,graded_ln,3,100,25,0.1075983334332704,0.9861,0.2305
bio,connectome,graded_ln,3,100,26,0.1108228148892521,0.9842,0.1935
bio,connectome,graded_ln,3,100,27,0.1087019665166735,0.9844,0.2377
bio,degree,standard,1,100,1,0.4104796469211578,0.9806,0.3523
bio,degree,standard,1,100,2,0.1732559604570269,0.9796,0.2665
bio,degree,standard,1,100,3,0.1574020950123667,0.9843,0.4329
bio,degree,standard,1,100,4,0.147785654477775,0.9876,0.2865
bio,degree,standard,1,100,5,0.1501225966960191,0.9879,0.2083
bio,degree,standard,1,100,6,0.13869343791157,0.9874,0.2039
bio,degree,standard,1,100,7,0.1396577773615717,0.9863,0.2235
bio,degree,standard,1,100,8,0.133924575522542,0.9886,0.1727
bio,degree,standard,1,100,9,0.137369342893362,0.9883,0.1969
bio,degree,standard,1,100,10,0.1229429503902792,0.9879,0.2047
bio,degree,standard,1,100,11,0.1189028546214103,0.988,0.1689
bio,degree,standard,1,100,12,0.1235846616327762,0.9829,0.2117
bio,degree,standard,1,100,13,0.1182204639539122,0.9851,0.2993
bio,degree,standard,1,100,14,0.1270450454205274,0.9853,0.2069
bio,degree,standard,1,100,15,0.1207918299362063,0.9862,0.1776
bio,degree,standard,1,100,16,0.1195068569853901,0.9841,0.2945
bio,degree,standard,1,100,17,0.120442334190011,0.9866,0.2311
bio,degree,standard,5,100,1,0.5080119706690311,0.9667,0.3214
bio,degree,standard,5,100,2,0.1807883914560079,0.985,0.3354
bio,degree,standard,5,100,3,0.1494547275826335,0.9808,0.2478
bio,degree,standard,5,100,4,0.1466644482687115,0.9862,0.2605
bio,degree,standard,5,100,5,0.1389770856127143,0.9862,0.3052
bio,degree,standard,5,100,6,0.1298980170860886,0.9843,0.2706
bio,degree,standard,5,100,7,0.1391091030091047,0.9858,0.2076
bio,degree,standard,5,100,8,0.1270050689578056,0.9885,0.1837
bio,degree,standard,5,100,9,0.1257496504113078,0.9841,0.2506
bio,degree,standard,5,100,10,0.1167590929195284,0.9861,0.1983
bio,degree,standard,5,100,11,0.1257356978952884,0.986,0.2093
bio,degree,standard,5,100,12,0.140603463537991,0.9857,0.2079
bio,degree,standard,5,100,13,0.1350831719115376,0.984,0.218
bio,degree,standard,5,100,14,0.130250109359622,0.9835,0.2157
bio,degree,graded_ln,3,100,1,0.3644263602793217,0.9823,0.3279
bio,degree,graded_ln,3,100,2,0.1840261477977037,0.9743,0.2759
bio,degree,graded_ln,3,100,3,0.1509536469355225,0.9852,0.2284
bio,degree,graded_ln,3,100,4,0.1496169188991189,0.9866,0.2397
bio,degree,graded_ln,3,100,5,0.1461487228050828,0.989,0.2665
bio,degree,graded_ln,3,100,6,0.1347916536033153,0.9863,0.1911
bio,degree,graded_ln,3,100,7,0.1336837513372302,0.989,0.2082
bio,degree,graded_ln,3,100,8,0.1284378141164779,0.9878,0.2012
bio,degree,graded_ln,3,100,9,0.1206303952261805,0.9887,0.2212
bio,degree,graded_ln,3,100,10,0.1307383928447962,0.9886,0.1819
bio,degree,graded_ln,3,100,11,0.1218138990923762,0.9882,0.192
bio,degree,graded_ln,3,100,12,0.1189469000324607,0.9885,0.1832
bio,degree,graded_ln,3,100,13,0.1234926972538232,0.9865,0.1941
bio,degree,graded_ln,3,100,14,0.1240288816392421,0.9856,0.1849
bio,degree,graded_ln,3,100,15,0.1158622976392507,0.986,0.2547
bio,degree,graded_ln,3,100,16,0.1160473318770527,0.9861,0.2596
bio,random,standard,1,100,1,0.2918544750660657,0.9849,0.2605
bio,random,standard,1,100,2,0.155804605782032,0.984,0.2931
bio,random,standard,1,100,3,0.1393234761431813,0.9865,0.295
bio,random,standard,1,100,4,0.1339469470083713,0.9881,0.2384
bio,random,standard,1,100,5,0.1306513423100113,0.9868,0.2609
bio,random,standard,1,100,6,0.1234972398728132,0.9868,0.2676
bio,random,standard,1,100,7,0.1394084898754954,0.9849,0.2326
bio,random,standard,1,100,8,0.1169846631586551,0.9861,0.206
bio,random,standard,1,100,9,0.1207857251167297,0.9857,0.193
bio,random,standard,1,100,10,0.1201896602287888,0.9855,0.2129
bio,random,standard,1,100,11,0.1124548135325312,0.9871,0.2312
bio,random,standard,1,100,12,0.1168283300474286,0.9841,0.2146
bio,random,standard,1,100,13,0.1127547858282923,0.9865,0.2746
bio,random,standard,1,100,14,0.1103666605427861,0.9833,0.213
bio,random,standard,1,100,15,0.1140055680647492,0.9863,0.1774
bio,random,standard,1,100,16,0.1107189361006021,0.986,0.2547
bio,random,standard,1,100,17,0.1155256325379014,0.9854,0.2239
bio,random,standard,1,100,18,0.1143184956163168,0.9839,0.2158
bio,random,standard,1,100,19,0.1139856826514005,0.9859,0.3146
bio,random,standard,1,100,20,0.1061690962873399,0.9838,0.2095
bio,random,standard,1,100,21,0.1184897681698203,0.982,0.2107
bio,random,standard,5,100,1,0.3102553602308034,0.9871,0.2385
bio,random,standard,5,100,2,0.1537126721814274,0.9859,0.334
bio,random,standard,5,100,3,0.1476730054244399,0.9827,0.2189
bio,random,standard,5,100,4,0.1482615457847714,0.9882,0.2008
bio,random,standard,5,100,5,0.1366637002676725,0.9863,0.3038
bio,random,standard,5,100,6,0.1303717253729701,0.9859,0.228
bio,random,standard,5,100,7,0.1407752791419625,0.9866,0.1975
bio,random,standard,5,100,8,0.1279813673347234,0.9878,0.1904
bio,random,standard,5,100,9,0.1226689839735627,0.9841,0.3121
bio,random,standard,5,100,10,0.12029664888978,0.9832,0.2218
bio,random,standard,5,100,11,0.119565886631608,0.9859,0.2417
bio,random,standard,5,100,12,0.1260461820289492,0.986,0.2143
bio,random,standard,5,100,13,0.1172413388267159,0.9825,0.2522
bio,random,standard,5,100,14,0.1219500320032239,0.9854,0.1867
bio,random,standard,5,100,15,0.1114121131598949,0.9825,0.2261
bio,random,standard,5,100,16,0.1085362337529659,0.9839,0.2534
bio,random,standard,5,100,17,0.11603773701936,0.9854,0.2382
bio,random,standard,5,100,18,0.1076833125203848,0.9866,0.2344
bio,random,standard,5,100,19,0.1141553722321987,0.9871,0.1939
bio,random,standard,5,100,20,0.1167418628931045,0.9847,0.244
bio,spectrum,standard,3,100,1,0.4442424684762954,0.8432,0.8193
bio,spectrum,standard,3,100,2,0.3260542564094066,0.844,0.6785
bio,spectrum,standard,3,100,3,0.314424404501915,0.8458,0.7956
bio,spectrum,standard,3,100,4,0.3124499097466469,0.8399,0.6889
bio,spectrum,standard,3,100,5,0.3087733287364244,0.8433,0.756
bio,spectrum,standard,3,100,6,0.3082986462861299,0.8347,0.768
bio,spectrum,standard,3,100,7,0.3092516988515854,0.8345,0.605
bio,spectrum,standard,3,100,8,0.3117520056664943,0.831,0.6232
bio,spectrum,standard,3,100,9,0.3126305393874645,0.8357,0.8594
bio,spectrum,standard,3,100,10,0.3134022988379001,0.8366,0.6519
bio,spectrum,standard,3,100,11,0.3094266105443239,0.8382,0.7389
bio,spectrum,standard,3,100,12,0.3077535808086395,0.8331,0.6297
bio,spectrum,standard,3,100,13,0.30872153788805,0.8374,0.6759
bio,dense,standard,1,100,1,0.4847346246242523,0.8325,0.812
bio,dense,standard,1,100,2,0.3317242421209812,0.8328,0.7213
bio,dense,standard,1,100,3,0.3268071956932544,0.8365,0.8452
bio,dense,standard,1,100,4,0.3278217382729053,0.8338,0.7292
bio,dense,standard,1,100,5,0.3331111311912537,0.8353,0.7542
bio,dense,standard,1,100,6,0.3288110017776489,0.8374,0.8519
bio,dense,standard,1,100,7,0.3347276583313942,0.8375,0.6756
bio,dense,standard,1,100,8,0.3326513186097145,0.8015,0.8698
bio,dense,standard,1,100,9,0.3405963689088821,0.8247,0.9493
bio,dense,standard,1,100,10,0.3319748342037201,0.8325,0.6528
bio,dense,standard,1,100,11,0.332005463540554,0.8255,0.7281
bio,dense,standard,1,100,12,0.3321476392447948,0.817,0.6323
bio,dense,standard,1,100,13,0.3365928269922733,0.8273,0.8591
bio,dense,standard,1,100,14,0.329770166426897,0.8334,0.6859
bio,dense,standard,1,100,15,0.3317045882344246,0.8319,0.829
bio,dense,standard,1,100,16,0.3304528549313545,0.7359,0.7179
bio,dense,standard,1,100,17,0.3270536839962005,0.7447,0.7395
bio,dense,standard,1,100,18,0.33694579154253,0.7549,0.627
bio,dense,standard,1,100,19,0.3451364442706108,0.8186,0.7437
bio,dense,standard,1,100,20,0.3304672099649906,0.8232,0.6442
bio,dense,standard,1,100,21,0.3486549288034439,0.8331,0.6867
bio,dense,standard,1,100,22,0.3503197226673364,0.8257,0.7031
bio,dense,standard,1,100,23,0.3404124088585377,0.8309,0.8362
bio,dense,standard,1,100,24,0.3283956527709961,0.8365,0.6393
bio,dense,standard,5,100,1,0.5863256022334099,0.8644,0.8483
bio,dense,standard,5,100,2,0.3659564148634672,0.8535,0.6659
bio,dense,standard,5,100,3,0.33912313580513,0.8602,0.8975
bio,dense,standard,5,100,4,0.3368329331278801,0.8823,0.5945
bio,dense,standard,5,100,5,0.2929830145090818,0.9009,0.6077
bio,dense,standard,5,100,6,0.2912628896534442,0.8946,0.6125
bio,dense,standard,5,100,7,0.468473470211029,0.7799,2.0127
bio,dense,standard,5,100,8,0.3926328048110008,0.8295,0.6271
bio,dense,standard,5,100,9,0.2974812317639589,0.8687,0.6795
bio,dense,standard,5,100,10,0.301196164637804,0.8664,0.602
generic,connectome,standard,3,100,1,0.2767948199063539,0.9713,0.3203
generic,connectome,standard,3,100,2,0.1833521220833063,0.9806,0.2326
generic,connectome,standard,3,100,3,0.1471646120771765,0.9763,0.4797
generic,connectome,standard,3,100,4,0.1312606379389763,0.985,0.2068
generic,connectome,standard,3,100,5,0.1200539872050285,0.9754,0.4089
generic,connectome,standard,3,100,6,0.1397139094769954,0.9833,0.2152
generic,connectome,standard,3,100,7,0.1226796630769968,0.984,0.216
generic,connectome,standard,3,100,8,0.1071816988289356,0.9843,0.268
generic,connectome,standard,3,100,9,0.11492161154747,0.9835,0.2101
generic,connectome,standard,3,100,10,0.1036488281562924,0.9844,0.2431
generic,degree,standard,1,100,1,0.233120752684772,0.9808,0.2746
generic,degree,standard,1,100,2,0.1379743983969092,0.9666,0.337
generic,degree,standard,1,100,3,0.1281945206224918,0.9822,0.5404
generic,degree,standard,1,100,4,0.1234222317114472,0.9837,0.2503
generic,degree,standard,1,100,5,0.1289156805723905,0.9834,0.232
generic,degree,standard,1,100,6,0.1271183433011174,0.986,0.4231
generic,degree,standard,1,100,7,0.121156289614737,0.9802,0.4389
generic,degree,standard,1,100,8,0.142624108120799,0.9851,0.3603
generic,degree,standard,1,100,9,0.1121440190821886,0.9823,0.2901
generic,degree,standard,1,100,10,0.1116996357217431,0.9847,0.2591
generic,degree,standard,1,100,11,0.1104095610789954,0.9803,0.2144
generic,degree,standard,1,100,12,0.1152238810434937,0.9827,0.1928
generic,degree,standard,1,100,13,0.1219101548194885,0.9847,0.3148
generic,degree,standard,1,100,14,0.1078946689143776,0.9835,0.1805
generic,degree,standard,1,100,15,0.1155877824872732,0.9837,0.1953
generic,degree,standard,1,100,16,0.1090577224269509,0.983,0.392
generic,degree,standard,1,100,17,0.1079762919805944,0.9817,0.3652
generic,degree,standard,1,100,18,0.1085977641865611,0.9845,0.2013
generic,degree,standard,1,100,19,0.099025859683752,0.9851,0.3037
generic,degree,standard,1,100,20,0.1121626786887645,0.9826,0.2257
generic,degree,standard,5,100,1,0.2324473194777965,0.9799,0.2642
generic,degree,standard,5,100,2,0.1480314534157514,0.9818,0.22
generic,degree,standard,5,100,3,0.1240288905799388,0.9839,0.1986
generic,degree,standard,5,100,4,0.1281703041866421,0.978,0.3077
generic,degree,standard,5,100,5,0.1306271318346262,0.9826,0.2305
generic,degree,standard,5,100,6,0.1306657337583601,0.9793,0.2602
generic,degree,standard,5,100,7,0.1457087375223636,0.9842,0.1922
generic,degree,standard,5,100,8,0.1212852722033858,0.982,0.313
generic,degree,standard,5,100,9,0.1151499366387724,0.9824,0.2286
generic,degree,standard,5,100,10,0.1227023443207144,0.9794,0.2616
generic,degree,standard,5,100,11,0.1124132378026843,0.985,0.2922
generic,degree,standard,5,100,12,0.112861181050539,0.9858,0.2233
generic,degree,standard,5,100,13,0.1069553084671497,0.9826,0.3939
generic,random,standard,3,100,1,0.3159132208675146,0.9791,0.2716
generic,random,standard,3,100,2,0.1836575660854578,0.9826,0.1967
generic,random,standard,3,100,3,0.1487037219107151,0.9804,0.2449
generic,random,standard,3,100,4,0.1238566370680928,0.9852,0.2072
generic,random,standard,3,100,5,0.1349241185933351,0.9826,0.2544
generic,random,standard,3,100,6,0.1243400439620018,0.9846,0.1904
generic,random,standard,3,100,7,0.1201885880902409,0.9828,0.2363
generic,random,standard,3,100,8,0.1075422374531626,0.9826,0.29
generic,random,standard,3,100,9,0.1171058190055191,0.985,0.3763
generic,random,standard,3,100,10,0.120683145429939,0.9847,0.2468
generic,random,standard,3,100,11,0.1085596844553947,0.9831,0.3945
generic,random,standard,3,100,12,0.1136904804036021,0.9849,0.236
generic,spectrum,standard,1,100,1,1.1912337973713876,0.9328,1.6637
generic,spectrum,standard,1,100,2,0.4100485891103744,0.8524,2.018
generic,spectrum,standard,1,100,3,0.6878088066354394,0.7682,0.7631
generic,spectrum,standard,1,100,4,0.5245746616274118,0.9227,0.9374
generic,spectrum,standard,1,100,5,0.3956862639635801,0.9063,0.8052
generic,spectrum,standard,1,100,6,0.4379771545529365,0.9735,0.467
generic,spectrum,standard,1,100,7,0.2909087993204594,0.977,0.6204
generic,spectrum,standard,1,100,8,0.2244503799825906,0.9738,1.2423
generic,spectrum,standard,1,100,9,0.3513356817886233,0.9821,0.2451
generic,spectrum,standard,1,100,10,0.2755367819219828,0.9741,0.7115
generic,spectrum,standard,1,100,11,0.3219268577173352,0.9779,0.2997
generic,spectrum,standard,1,100,12,0.3771142210811377,0.9874,0.2979
generic,spectrum,standard,1,100,13,0.4467312414199114,0.9782,0.4259
generic,spectrum,standard,1,100,14,0.3931271407753229,0.9567,0.6653
generic,spectrum,standard,1,100,15,0.5367988739162683,0.9766,0.4314
generic,spectrum,standard,5,100,1,1.9477210082113745,0.8787,1.5177
generic,spectrum,standard,5,100,2,0.3395722836256027,0.9646,0.5045
generic,spectrum,standard,5,100,3,0.2025014838203787,0.965,0.4152
generic,spectrum,standard,5,100,4,0.2218161690980196,0.9766,0.4064
generic,spectrum,standard,5,100,5,0.1902508191764354,0.9808,0.3509
generic,spectrum,standard,5,100,6,0.191696934774518,0.9658,0.4675
generic,spectrum,standard,5,100,7,0.223462700471282,0.9585,0.3448
generic,spectrum,standard,5,100,8,0.2249893467873334,0.9716,0.3231
generic,spectrum,standard,5,100,9,0.2172179114073515,0.9668,0.3925
generic,spectrum,standard,5,100,10,0.2194495387375354,0.9816,0.274
generic,spectrum,standard,5,100,11,0.1880584988743066,0.9781,0.2836
generic,spectrum,standard,5,100,12,0.2061796225607395,0.9685,0.303
generic,spectrum,standard,5,100,13,0.2109831366688013,0.8785,1.0248
generic,spectrum,standard,5,100,14,0.3382674034684896,0.97,0.4078
generic,spectrum,standard,5,100,15,0.3018194913864135,0.9812,0.3032
generic,spectrum,standard,5,100,16,0.2084272090345621,0.9797,0.3295
generic,dense,standard,3,100,1,0.930096399784088,0.7997,0.9483
generic,dense,standard,3,100,2,0.4943195592612028,0.8383,0.7182
generic,dense,standard,3,100,3,0.2603891268372535,0.9745,0.4635
generic,dense,standard,3,100,4,0.2399651758372783,0.9677,0.5597
generic,dense,standard,3,100,5,0.2228908255696296,0.9674,0.4637
generic,dense,standard,3,100,6,0.2571572963148355,0.9521,0.5004
generic,dense,standard,3,100,7,0.5492483019828797,0.7971,2.0478
generic,dense,standard,3,100,8,0.3464486494660377,0.7765,1.6085
generic,dense,standard,3,100,9,0.5284376505762338,0.9547,0.4307
generic,dense,standard,3,100,10,0.3610575150698423,0.9141,0.5647
generic,dense,standard,3,100,11,0.3167267382144928,0.9822,0.3619
generic,dense,standard,3,100,12,0.6208267185837031,0.9249,0.6679
generic,dense,standard,3,100,13,0.269987166672945,0.9398,0.3825
generic,dense,standard,3,100,14,0.2399872481822967,0.9864,0.2949
generic,dense,standard,3,100,15,0.4783813375979662,0.9869,0.1948
generic,dense,standard,3,100,16,0.1823533801361918,0.989,0.9193
generic,dense,standard,3,100,17,0.4297602925449609,0.9871,0.4375
generic,dense,standard,3,100,18,0.2770240234211087,0.9851,0.2111
generic,dense,standard,3,100,19,0.2863591535016894,0.9792,0.2513
generic,dense,standard,3,100,20,0.2447688475251198,0.9825,0.4771
generic,dense,standard,3,100,21,0.4741798553615808,0.8538,2.3569
bio,adapter_only,standard,1,100,1,0.316971904784441,0.9076,0.6089
bio,adapter_only,standard,1,100,2,0.2791283085942268,0.9272,0.5909
bio,adapter_only,standard,1,100,3,0.2610623195767402,0.9423,0.5769
bio,adapter_only,standard,1,100,4,0.246685428917408,0.9584,0.5341
bio,adapter_only,standard,1,100,5,0.2317232899367809,0.9789,0.4998
bio,adapter_only,standard,1,100,6,0.2176211774349212,0.9845,0.4523
bio,adapter_only,standard,1,100,7,0.2055801685899496,0.9866,0.433
bio,adapter_only,standard,1,100,8,0.1957484878599643,0.9868,0.4017
bio,adapter_only,standard,1,100,9,0.1874834962189197,0.9873,0.3853
bio,adapter_only,standard,1,100,10,0.1809251118451356,0.9875,0.3579
bio,adapter_only,standard,1,100,11,0.1752852331846952,0.9878,0.35
bio,adapter_only,standard,1,100,12,0.1706776846200227,0.9884,0.3391
bio,adapter_only,standard,1,100,13,0.1665977647528052,0.9887,0.3228
bio,adapter_only,standard,1,100,14,0.163579436019063,0.989,0.3095
bio,adapter_only,standard,1,100,15,0.1598894769325852,0.9891,0.2996
bio,adapter_only,standard,1,100,16,0.1572650421410799,0.9891,0.2956
bio,adapter_only,standard,1,100,17,0.1549536919221282,0.9893,0.2871
bio,adapter_only,standard,1,100,18,0.1524920972064137,0.9896,0.2885
bio,adapter_only,standard,1,100,19,0.1504154657945036,0.9896,0.2746
bio,adapter_only,standard,1,100,20,0.1485846076160669,0.9896,0.2722
bio,adapter_only,standard,1,100,21,0.1468891967087984,0.9897,0.2777
bio,adapter_only,standard,1,100,22,0.1454836139455437,0.9896,0.2612
bio,adapter_only,standard,1,100,23,0.1438865883275866,0.9896,0.2698
bio,adapter_only,standard,1,100,24,0.1430537724867463,0.9896,0.2645
bio,adapter_only,standard,1,100,25,0.1414775600656867,0.9895,0.2455
bio,adapter_only,standard,1,100,26,0.1402616083621978,0.9895,0.2535
bio,adapter_only,standard,1,100,27,0.1392029115930199,0.9894,0.2545
bio,adapter_only,standard,1,100,28,0.1378346858546137,0.9893,0.2386
bio,adapter_only,standard,1,100,29,0.1374219615012407,0.9892,0.2408
bio,adapter_only,standard,1,100,30,0.1365362077951431,0.9892,0.2413
bio,adapter_only,standard,5,100,1,0.3100850827991962,0.9165,0.5967
bio,adapter_only,standard,5,100,2,0.2713186994194984,0.9362,0.5982
bio,adapter_only,standard,5,100,3,0.2521994549781084,0.9512,0.5639
bio,adapter_only,standard,5,100,4,0.2358599390834569,0.9708,0.5054
bio,adapter_only,standard,5,100,5,0.2200097106397152,0.9835,0.4612
bio,adapter_only,standard,5,100,6,0.2067971460521221,0.9871,0.4378
bio,adapter_only,standard,5,100,7,0.1960693780332803,0.9868,0.3908
bio,adapter_only,standard,5,100,8,0.1878642130643129,0.9883,0.3754
bio,adapter_only,standard,5,100,9,0.1806921977549791,0.9885,0.3537
bio,adapter_only,standard,5,100,10,0.1746633142232894,0.9889,0.3418
bio,adapter_only,standard,5,100,11,0.1696425262838602,0.9891,0.3307
bio,adapter_only,standard,5,100,12,0.1659652646631002,0.9892,0.3056
bio,adapter_only,standard,5,100,13,0.161956051364541,0.9892,0.3094
bio,adapter_only,standard,5,100,14,0.159279353916645,0.9895,0.2952
bio,adapter_only,standard,5,100,15,0.1558403577655553,0.9895,0.294
bio,adapter_only,standard,5,100,16,0.1533441551029682,0.9895,0.2786
bio,adapter_only,standard,5,100,17,0.1512873079627752,0.9896,0.2778
bio,adapter_only,standard,5,100,18,0.1489197190850973,0.9895,0.263
bio,adapter_only,standard,5,100,19,0.1472652364522218,0.9895,0.2665
bio,adapter_only,standard,5,100,20,0.1457882547751069,0.9894,0.2648
bio,adapter_only,standard,5,100,21,0.1440519848838448,0.9894,0.2667
bio,adapter_only,standard,5,100,22,0.1427277285605669,0.9894,0.2645
bio,adapter_only,standard,5,100,23,0.1416736206039786,0.9893,0.2578
bio,adapter_only,standard,5,100,24,0.1402388740330934,0.9892,0.2442
bio,adapter_only,standard,5,100,25,0.1392343500629067,0.9892,0.2492
bio,adapter_only,standard,5,100,26,0.1380694678053259,0.9891,0.2447
bio,adapter_only,standard,5,100,27,0.1369305782020092,0.989,0.2412
bio,adapter_only,standard,5,100,28,0.1361039485782385,0.989,0.2387
bio,adapter_only,standard,5,100,29,0.1351470924913883,0.9889,0.2373
bio,adapter_only,standard,5,100,30,0.1341780930757522,0.9889,0.2439
