model,baseline_model,comparison_type,metric,paired_seed_count,mean_delta,std_delta,se_delta,ci95_low,ci95_high
hemibrain_conv_fast_memory,random_sparse_conv_fast_memory,matched_topology_control,test_query_accuracy,5,-0.0020126953125000125,0.002954943626756852,0.0013214909638216174,-0.004602817601590382,0.0005774269765903574
hemibrain_conv_fast_memory,weight_shuffle_conv_fast_memory,matched_topology_control,test_query_accuracy,5,0.0018330078125000204,0.0033220687709214726,0.0014856743195419179,-0.0010789138538021385,0.0047449294788021795
hemibrain_conv_fast_memory,random_sparse_conv_fast_memory,matched_topology_control,test_reversal_query_accuracy,5,-0.0022070312500000132,0.0031105393573114923,0.0013910754899274008,-0.004933539210257718,0.0005194767102576921
hemibrain_conv_fast_memory,weight_shuffle_conv_fast_memory,matched_topology_control,test_reversal_query_accuracy,5,0.0019042968749999778,0.0037014230929749317,0.0016553267298758942,-0.0013401435155567748,0.005148737265556731
hemibrain_conv_fast_memory,random_sparse_conv_fast_memory,matched_topology_control,test_initial_query_accuracy,5,-0.0018183593749999893,0.0028720103766378753,0.0012844020868494127,-0.0043357874652248385,0.0006990687152248595
hemibrain_conv_fast_memory,weight_shuffle_conv_fast_memory,matched_topology_control,test_initial_query_accuracy,5,0.0017617187500000187,0.0030303082133740157,0.0013551950315760473,-0.0008944635118890338,0.0044179010118890714
hemibrain_conv_fast_memory,random_sparse_conv_fast_memory,matched_topology_control,test_loss,5,-0.006300682425498994,0.006775510074003638,0.003030100221541353,-0.012239678859720046,-0.00036168599127794215
hemibrain_conv_fast_memory,weight_shuffle_conv_fast_memory,matched_topology_control,test_loss,5,0.003385631600394845,0.008280629282610088,0.0037032099944782943,-0.003872659988782612,0.010643923189572302
